trade_id,logged_at,ticker,timeframe,asset_type,trade_source,entry_price_idr,sl_raw_idr,tp1_raw_idr,tp2_raw_idr,position_size_idr,score,regime,confidence,counter_trend_valid,component_trend,component_momentum,component_volume,component_structure,status,closed_at,exit_price_idr,exit_reason,r_multiple,mae_r,mfe_r,bars_to_outcome,net_r_multiple,last_checked_at
RE_20260825082122488056,2026-08-25 08:21:22,RE,1H,crypto,SYSTEM,10386.426,9905.314964027091,10867.537035972908,11348.648071945814,,9,TRENDING_UP,A — High conviction,False,0.8197436869047467,-0.6107636669898525,1.0,1.0,CLOSED,2026-08-26 15:33:41,9905.314964027091,LOSS - SL HIT,-1.00,-1.41,0.29,4,,1787653933.388258
LTC_20260825082123569019,2026-08-25 08:21:23,LTC,1H,crypto,SYSTEM,916366.2,892563.3026308795,940169.0973691205,963971.9947382408,,4,RANGING,D — Very low conviction,False,-0.5216892961519873,0.16559729487220856,-1.0,1.0,CLOSED,2026-08-26 15:33:41,892563.3026308795,LOSS - SL HIT,-1.00,-1.11,0.00,5,,1787653933.388258
ZEC_20260825082124652241,2026-08-25 08:21:24,ZEC,1H,crypto,SYSTEM,15099368.4,14430438.31438553,15768298.485614471,16437228.571228942,,4,TRENDING_UP,D — Very low conviction,False,0.5973244002730975,-0.3517677900843788,1.0,-1.0,CLOSED,2026-08-26 15:33:42,14430438.31438553,LOSS - SL HIT,-1.00,-1.23,0.04,5,,1787653933.388258
ATOM_20260825082125632557,2026-08-25 08:21:25,ATOM,1H,crypto,SYSTEM,27247.14,26587.207066616505,27907.072933383493,28567.005866766987,,2,RANGING,D — Very low conviction,False,-0.5112655715584415,0.0511120364050249,0.5,1.0,CLOSED,2026-08-26 15:33:42,26587.207066616505,LOSS - SL HIT,-1.00,-1.27,0.66,13,,1787653933.388258
DOT_20260825082126596923,2026-08-25 08:21:26,DOT,1H,crypto,SYSTEM,16009.02,15527.928276665307,16490.111723334692,16971.203446669388,,2,RANGING,D — Very low conviction,False,-0.5849026060991682,-0.02330174113093851,-1.0,1.0,CLOSED,2026-08-26 15:33:42,15527.928276665307,LOSS - SL HIT,-1.00,-1.51,0.00,5,,1787653933.388258
RE_20260825082209248416,2026-08-25 08:22:09,RE,1H,crypto,MANUAL,10374.056999999999,9892.94596402709,10855.168035972907,11336.279071945813,,9,TRENDING_UP,A — High conviction,False,0.8197436869047467,-0.6107636669898525,1.0,1.0,CLOSED,2026-08-26 15:33:42,9892.94596402709,LOSS - SL HIT,-1.00,-1.38,0.31,4,,1787653933.388258
BTC_20260825082247784123,2026-08-25 08:22:47,BTC,4H,crypto,MANUAL,1414968011.3999999,1368813677.7347748,1461122345.065225,1507276678.73045,,2,TRENDING_UP,D — Very low conviction,False,0.7764038394459983,-0.47550010399614034,-0.5,0.0,CLOSED,2026-08-31 09:52:03,1368813677.7347748,LOSS - SL HIT,-1.00,-1.13,0.63,20,,2026-08-28 08:49:47
ONG_20260826153405477241,2026-08-26 15:34:05,ONG,1H,crypto,SYSTEM,3252.83021,2800.4159150986966,3705.2445049013036,4157.658799802607,,6,TRENDING_UP,B — Moderate conviction,False,0.8333333333333334,-0.6794588698670321,1.0,1.0,CLOSED,2026-08-27 05:49:50,2800.4159150986966,LOSS - SL HIT,-1.00,-1.21,0.06,1,,2026-08-26 16:47:33
TUT_20260826153406570535,2026-08-26 15:34:06,TUT,1H,crypto,SYSTEM,901.43144,812.4243014026281,990.4385785973718,1079.4457171947438,,2,TRENDING_UP,D — Very low conviction,False,0.15001419490496531,-0.5561839846254726,1.0,0.0,CLOSED,2026-08-27 16:33:41,990.4385785973718,WIN - TP1 HIT,1.00,-0.33,1.35,14,,2026-08-27 05:49:51
ONG_20260826154053205447,2026-08-26 15:40:53,ONG,1H,crypto,MANUAL,3204.71613,2752.3018350986963,3657.1304249013033,4109.544719802607,,6,TRENDING_UP,B — Moderate conviction,False,0.8333333333333334,-0.6794588698670321,1.0,1.0,CLOSED,2026-08-27 05:49:51,2752.3018350986963,LOSS - SL HIT,-1.00,-1.10,0.17,1,,2026-08-26 16:47:33
BICO_20260827055150127232,2026-08-27 05:51:50,BICO,1H,crypto,SYSTEM,520.0209,448.77811112441185,591.2636888755881,662.5064777511762,,6,TRENDING_UP,C — Low conviction,False,0.6548357900338919,-0.6943016045852322,1.0,0.0,CLOSED,2026-08-27 16:33:41,448.77811112441185,LOSS - SL HIT,-1.00,-1.17,0.22,10,,
SOL_20260827055152093309,2026-08-27 05:51:52,SOL,1H,crypto,SYSTEM,1805977.8,1760579.71752954,1851375.8824704601,1896773.9649409202,,5,TRENDING_UP,C — Low conviction,False,0.790972979998641,-0.43079039064995034,1.0,-1.0,CLOSED,2026-08-27 16:33:41,1851375.8824704601,WIN - TP1 HIT,1.00,-0.42,1.21,3,,
LINK_20260827055153197489,2026-08-27 05:51:53,LINK,1H,crypto,SYSTEM,205827.57,201425.14285832993,210229.9971416701,214632.42428334014,,3,TRENDING_UP,D — Very low conviction,False,0.42304416673979583,-0.3183143835389273,1.0,-1.0,CLOSED,2026-08-27 16:33:41,210229.9971416701,WIN - TP1 HIT,1.00,-0.36,1.09,3,,
ADA_20260827055154585310,2026-08-27 05:51:54,ADA,1H,crypto,SYSTEM,3716.208,3618.285587087017,3814.130412912983,3912.052825825966,,2,RANGING,D — Very low conviction,False,-0.467687270241714,-0.06518118640987074,-1.0,1.0,CLOSED,2026-08-27 16:33:42,3814.130412912983,WIN - TP1 HIT,1.00,-0.25,1.10,3,,
XRP_20260827163418427110,2026-08-27 16:34:18,XRP,1H,crypto,SYSTEM,26055.823,25337.635649027052,26774.01035097295,27492.197701945894,,8,TRENDING_UP,A — High conviction,False,0.5929721609046975,-0.6585854733713918,1.0,1.0,CLOSED,2026-08-28 04:14:17,25337.635649027052,LOSS - SL HIT,-1.00,-1.20,0.00,10,,2026-08-27 16:44:31
ENA_20260827163419152974,2026-08-27 16:34:19,ENA,1H,crypto,SYSTEM,2984.6405,2781.4154438535597,3187.86555614644,3391.090612292881,,7,TRENDING_UP,B — Moderate conviction,False,0.7772707107504505,-0.6435112718006762,1.0,0.0,CLOSED,2026-08-28 04:14:17,3187.86555614644,WIN - TP1 HIT,1.00,-0.43,1.84,9,,2026-08-27 16:44:31
SOL_20260827163419924637,2026-08-27 16:34:19,SOL,1H,crypto,SYSTEM,1916723.73,1860938.8007264065,1972508.6592735935,2028293.588547187,,7,TRENDING_UP,B — Moderate conviction,False,0.8333333333333334,-0.6497299806245453,1.0,0.0,CLOSED,2026-08-31 09:52:03,1860938.8007264065,LOSS - SL HIT,-1.00,-1.15,0.78,18,,2026-08-28 08:49:47
TRUMP_20260827163421316349,2026-08-27 16:34:21,TRUMP,1H,crypto,SYSTEM,49224.426999999996,46587.930613742654,51860.92338625734,54497.41977251468,,6,TRENDING_UP,B — Moderate conviction,False,0.8687471159049787,-0.7853439311691771,1.0,0.0,CLOSED,2026-08-28 04:14:18,46587.930613742654,LOSS - SL HIT,-1.00,-1.36,0.00,1,,2026-08-27 16:44:31
BTC_20260827163422596848,2026-08-27 16:34:22,BTC,1H,crypto,SYSTEM,1423854191.1,1403899162.6597188,1443809219.540281,1463764247.9805622,,5,TRENDING_UP,C — Low conviction,False,0.762348004943917,-0.501922695411555,1.0,-1.0,CLOSED,2026-08-31 09:52:03,1443809219.540281,WIN - TP1 HIT,1.00,-0.53,1.01,9,,2026-08-28 08:49:47
BMRI_20260828041747699732,2026-08-28 04:17:47,BMRI,1H,stock,SYSTEM,4230.0,4185.585093456625,4274.414906543375,4318.829813086749,,3,SQUEEZE,D — Very low conviction,False,0.8248239915488425,-0.619371042815334,1.0,1.0,CLOSED,2026-08-31 09:52:12,4274.414906543375,WIN - TP1 HIT,1.00,-0.68,1.13,6,,2026-08-28 08:49:47
PTBA_20260828041749543840,2026-08-28 04:17:49,PTBA,1H,stock,SYSTEM,2540.0,2468.8174079851115,2611.1825920148885,2682.3651840297775,,3,TRENDING_UP,D — Very low conviction,False,0.5133600690123801,-0.35551862791539607,0.0,0.0,CLOSED,2026-09-01 07:54:38,2682.3651840297775,WIN - TP2 HIT,2.00,-0.42,3.09,11,,2026-08-31 09:52:15
BBCA_20260828041751496562,2026-08-28 04:17:51,BBCA,1H,stock,SYSTEM,6475.0,6383.083380922042,6566.916619077958,6658.833238155916,,2,SQUEEZE,D — Very low conviction,False,0.7385728815024476,-0.5035620553021443,0.0,1.0,CLOSED,2026-09-01 07:54:38,6566.916619077958,WIN - TP1 HIT,1.00,-0.82,1.09,11,,2026-08-31 09:52:15
CTRA_20260828041753422409,2026-08-28 04:17:53,CTRA,1H,stock,SYSTEM,635.0,618.2348413136665,651.7651586863335,668.5303173726669,,2,TRENDING_UP,D — Very low conviction,False,0.8293589281237548,-0.48227680507731335,1.0,0.0,CLOSED,2026-09-04 03:03:07,651.7651586863335,WIN - TP1 HIT,1.00,-0.60,1.19,32,,2026-09-04 02:48:13
PNBN_20260828041755483526,2026-08-28 04:17:55,PNBN,1H,stock,SYSTEM,900.0,885.4744962471265,914.5255037528735,929.0510075057471,,2,SQUEEZE,D — Very low conviction,False,0.3323106880705692,-0.2873437888929587,0.0,1.0,CLOSED,2026-09-03 04:03:09,914.5255037528735,WIN - TP1 HIT,1.00,-0.69,1.03,26,,2026-09-03 03:48:12
HEMI_20260828085158323838,2026-08-28 08:51:58,HEMI,1H,crypto,SYSTEM,193.3252,166.2918326219591,220.3585673780409,247.3919347560818,,2,TRENDING_UP,D — Very low conviction,False,0.7349089949973431,-0.36062315997606226,-0.5,0.0,CLOSED,2026-08-31 09:52:15,220.3585673780409,WIN - TP1 HIT,1.00,-0.09,1.27,5,,2026-08-28 08:52:00
HEMI_20260831095257435347,2026-08-31 09:52:57,HEMI,1H,crypto,SYSTEM,275.04544000000004,241.20419054853966,308.8866894514604,342.7279389029208,,9,TRENDING_UP,A — High conviction,False,0.875,-0.476901261408679,1.0,1.0,CLOSED,2026-09-01 07:54:43,308.8866894514604,WIN - TP1 HIT,1.00,-0.60,1.07,9,,2026-08-31 09:52:59
BNB_20260831095258182486,2026-08-31 09:52:58,BNB,1H,crypto,SYSTEM,12175014.0,12042024.572452271,12308003.427547729,12440992.855095457,,2,RANGING,D — Very low conviction,False,-0.519496411786031,0.30143355468694616,0.5,0.0,CLOSED,2026-09-01 19:03:10,12042024.572452271,LOSS - SL HIT,-1.00,-1.86,0.83,33,,2026-09-01 18:48:11
BTC_20260831095258899188,2026-08-31 09:52:58,BTC,1H,crypto,SYSTEM,1392749295.84,1376924951.8540397,1408573639.8259602,1424397983.8119204,,2,NEUTRAL,D — Very low conviction,False,0.13245031728129877,-0.05418064701918993,1.0,0.0,CLOSED,2026-09-01 07:54:43,1376924951.8540397,LOSS - SL HIT,-1.00,-1.29,0.00,3,,2026-08-31 09:52:59
BTC_20260831095318321708,2026-08-31 09:53:18,BTC,1H,crypto,MANUAL,1392523872.0,1376699528.0140398,1408348215.9859602,1424172559.9719205,,2,NEUTRAL,D — Very low conviction,False,0.13245031728129877,-0.05418064701918993,1.0,0.0,CLOSED,2026-09-01 07:54:43,1376699528.0140398,LOSS - SL HIT,-1.00,-1.27,0.00,3,,2026-08-31 09:53:19
UNI_20260901075513092389,2026-09-01 07:55:13,UNI,1H,crypto,SYSTEM,102386.06,97790.33241164671,106981.78758835328,111577.51517670657,,8,TRENDING_UP,A — High conviction,False,0.8333333333333334,-0.7386594781492998,1.0,1.0,CLOSED,2026-09-02 03:03:07,106981.78758835328,WIN - TP1 HIT,1.00,-0.82,1.05,19,,2026-09-02 02:48:08
ENSO_20260901075513682309,2026-09-01 07:55:13,ENSO,1H,crypto,SYSTEM,16254.560000000001,15628.104686077924,16881.01531392208,17507.470627844155,,5,TRENDING_UP,C — Low conviction,False,0.8333333333333334,-0.5531300096297256,1.0,-1.0,CLOSED,2026-09-01 10:08:40,15628.104686077924,LOSS - SL HIT,-1.00,-1.22,0.00,2,,2026-09-01 10:00:22
XRP_20260901075514265418,2026-09-01 07:55:14,XRP,1H,crypto,SYSTEM,24390.674000000003,23933.659218415567,24847.68878158444,25304.703563168874,,3,SQUEEZE,D — Very low conviction,False,0.13530298825782539,-0.15061808749409675,-0.5,1.0,CLOSED,2026-09-01 19:03:10,23933.659218415567,LOSS - SL HIT,-1.00,-1.58,0.31,11,,2026-09-01 18:48:11
DASH_20260901075514997423,2026-09-01 07:55:14,DASH,1H,crypto,SYSTEM,824918.9199999999,787846.4500063128,861991.389993687,899063.859987374,,2,TRENDING_UP,D — Very low conviction,False,0.6097454310401652,-0.18493267048997633,1.0,-1.0,CLOSED,2026-09-01 16:07:32,787846.4500063128,LOSS - SL HIT,-1.00,-1.23,0.07,8,,2026-09-01 15:48:09
DOT_20260901075515591742,2026-09-01 07:55:15,DOT,1H,crypto,SYSTEM,15371.16,15006.715532253063,15735.604467746936,16100.048935493873,,2,TRENDING_UP,D — Very low conviction,False,0.875,-0.6603818296140411,1.0,0.0,CLOSED,2026-09-02 04:03:09,15735.604467746936,WIN - TP1 HIT,1.00,-0.77,1.17,20,,2026-09-02 03:48:09
ARB_20260901080503119196,2026-09-01 08:05:03,ARB,1H,crypto,SYSTEM,1987.65,1862.6436037814044,2112.656396218596,2237.6627924371915,,6,TRENDING_UP,B — Moderate conviction,False,0.5323816627806224,-0.528347844661285,1.0,0.0,CLOSED,2026-09-01 19:03:11,1862.6436037814044,LOSS - SL HIT,-1.00,-1.12,0.55,10,,2026-09-01 18:48:11
ATOM_20260901080504149399,2026-09-01 08:05:04,ATOM,1H,crypto,SYSTEM,26537.336,26100.077047400096,26974.594952599902,27411.8539051998,,4,TRENDING_UP,D — Very low conviction,False,0.8615168321173547,-0.6923648033837325,1.0,0.0,CLOSED,2026-09-01 10:08:41,26100.077047400096,LOSS - SL HIT,-1.00,-1.16,0.00,1,,2026-09-01 10:00:22
AVAX_20260901080505165959,2026-09-01 08:05:05,AVAX,1H,crypto,SYSTEM,129047.072,127198.64270425966,130895.50129574034,132743.9305914807,,3,SQUEEZE,D — Very low conviction,False,0.6824216341966016,-0.4043954293382603,1.0,1.0,CLOSED,2026-09-01 19:03:11,127198.64270425966,LOSS - SL HIT,-1.00,-1.49,0.70,10,,2026-09-01 18:48:11
LTC_20260901080506225148,2026-09-01 08:05:06,LTC,1H,crypto,SYSTEM,863435.1599999999,852464.3548011745,874405.9651988253,885376.7703976507,,3,SQUEEZE,D — Very low conviction,False,0.33633305687384746,-0.09171286749918606,1.0,1.0,CLOSED,2026-09-01 15:38:39,874405.9651988253,WIN - TP1 HIT,1.00,-0.94,1.10,5,,2026-09-01 11:22:53
ENA_20260901112326027798,2026-09-01 11:23:26,ENA,1H,crypto,SYSTEM,2783.4616,2674.837637268321,2892.085562731679,3000.7095254633577,,5,TRENDING_UP,C — Low conviction,False,0.45898093851060456,-0.4969711637096181,1.0,1.0,CLOSED,2026-09-01 15:38:40,2892.085562731679,WIN - TP1 HIT,1.00,0.00,1.53,1,,2026-09-01 11:23:27
ATOM_20260901112326569901,2026-09-01 11:23:26,ATOM,1H,crypto,SYSTEM,26402.212000000003,25902.595436213127,26901.82856378688,27401.44512757376,,2,NEUTRAL,D — Very low conviction,False,0.49468959918492605,-0.06885606533719524,1.0,0.0,CLOSED,2026-09-01 15:38:40,25902.595436213127,LOSS - SL HIT,-1.00,-1.02,0.04,1,,2026-09-01 11:23:27
ENA_20260901112344417147,2026-09-01 11:23:44,ENA,1H,crypto,MANUAL,2783.4616,2674.837637268321,2892.085562731679,3000.7095254633577,,5,TRENDING_UP,C — Low conviction,False,0.45898093851060456,-0.4969711637096181,1.0,1.0,CLOSED,2026-09-01 15:38:40,2892.085562731679,WIN - TP1 HIT,1.00,0.00,1.53,1,,2026-09-01 11:23:45
NEAR_20260901153908574870,2026-09-01 15:39:08,NEAR,1H,crypto,SYSTEM,35732.249,34465.224653059624,36999.27334694038,38266.29769388076,,5,TRENDING_UP,C — Low conviction,False,0.8682042058242179,-0.6293463681619638,1.0,0.0,CLOSED,2026-09-01 17:03:11,34465.224653059624,LOSS - SL HIT,-1.00,-1.08,0.06,1,,2026-09-01 16:48:11
ENA_20260901153909230527,2026-09-01 15:39:09,ENA,1H,crypto,SYSTEM,2861.406,2726.683908590342,2996.128091409658,3130.8501828193157,,3,TRENDING_UP,D — Very low conviction,False,0.7952957046659137,-0.3962706260409316,1.0,-1.0,CLOSED,2026-09-01 19:03:11,2726.683908590342,LOSS - SL HIT,-1.00,-1.05,0.32,3,,2026-09-01 18:48:11
LTC_20260901153909892824,2026-09-01 15:39:09,LTC,1H,crypto,SYSTEM,882266.8500000001,869084.890481479,895448.8095185212,908630.7690370423,,2,SQUEEZE,D — Very low conviction,False,0.8116088172126439,-0.5766364226663788,1.0,1.0,CLOSED,2026-09-01 19:03:11,869084.890481479,LOSS - SL HIT,-1.00,-1.45,0.10,3,,2026-09-01 18:48:11
NEAR_20260901153932814408,2026-09-01 15:39:32,NEAR,1H,crypto,MANUAL,35714.585999999996,34447.561653059616,36981.610346940375,38248.634693880755,,5,TRENDING_UP,C — Low conviction,False,0.8682042058242179,-0.6293463681619638,1.0,0.0,CLOSED,2026-09-01 17:03:11,34447.561653059616,LOSS - SL HIT,-1.00,-1.06,0.07,1,,2026-09-01 16:48:11
PEPE_20260901160755664054,2026-09-01 16:07:55,PEPE,1H,crypto,SYSTEM,0.061824,0.059981191628370574,0.06366680837162943,0.06550961674325885,,3,RANGING,D — Very low conviction,False,-0.18400454110889183,0.026474009373198965,0.5,1.0,CLOSED,2026-09-02 11:03:09,0.059981191628370574,LOSS - SL HIT,-1.00,-1.12,0.33,18,,2026-09-02 10:48:11
PUMP_20260901160756815229,2026-09-01 16:07:56,PUMP,1H,crypto,SYSTEM,78.86976,75.6787973829383,82.0607226170617,85.2516852341234,,3,NEUTRAL,D — Very low conviction,False,0.35286265780424664,0.0045137807426824375,1.0,1.0,CLOSED,2026-09-01 18:03:12,75.6787973829383,LOSS - SL HIT,-1.00,-1.10,0.00,1,,2026-09-01 17:48:13
SHIB_20260901160757865601,2026-09-01 16:07:57,SHIB,1H,crypto,SYSTEM,0.09167616,0.08958637423302797,0.09376594576697204,0.09585573153394408,,2,TRENDING_UP,D — Very low conviction,False,0.7156766686351971,-0.2347879764056755,1.0,0.0,CLOSED,2026-09-02 11:03:09,0.08958637423302797,LOSS - SL HIT,-1.00,-1.01,0.43,18,,2026-09-02 10:48:11
DOT_20260901180536605062,2026-09-01 18:05:36,DOT,1H,crypto,MANUAL,15417.832,14987.72991316088,15847.934086839121,16278.036173678243,,4,TRENDING_UP,D — Very low conviction,False,0.7800912528081969,-0.20005866177051124,1.0,0.0,CLOSED,2026-09-02 05:03:07,15847.934086839121,WIN - TP1 HIT,1.00,-0.56,1.00,10,,2026-09-02 04:48:08
CRV_20260901200332946121,2026-09-01 20:03:32,CRV,1H,crypto,SYSTEM,6595.013,6271.20717695283,6918.81882304717,7242.6246460943385,,3,TRENDING_UP,D — Very low conviction,False,0.6884483371816855,-0.35794665580295865,1.0,-1.0,CLOSED,2026-09-02 04:03:10,6918.81882304717,WIN - TP1 HIT,1.00,-0.40,1.21,7,,2026-09-02 03:48:09
UNI_20260902030328540161,2026-09-02 03:03:28,UNI,1H,crypto,SYSTEM,106441.78600000001,101671.38378401709,111212.18821598293,115982.59043196586,,7,TRENDING_UP,B — Moderate conviction,False,0.7869604310851136,-0.5795609899999756,1.0,1.0,CLOSED,2026-09-02 05:03:08,111212.18821598293,WIN - TP1 HIT,1.00,0.00,1.30,1,,2026-09-02 04:48:08
BNB_20260902030329484245,2026-09-02 03:03:29,BNB,1H,crypto,SYSTEM,12144876.81,12017658.305575142,12272095.31442486,12399313.818849718,,5,SQUEEZE,D — Very low conviction,False,-0.1884430924777764,-0.06463479205756863,0.5,1.0,CLOSED,2026-09-03 03:03:11,12272095.31442486,WIN - TP1 HIT,1.00,-0.87,1.15,23,,2026-09-03 02:48:12
HEMI_20260902031826430609,2026-09-02 03:18:26,HEMI,1H,crypto,SYSTEM,298.87722,255.249689560987,342.50475043901304,386.13228087802605,,6,TRENDING_UP,B — Moderate conviction,False,0.6497226693983817,-0.4523475516618701,1.0,1.0,CLOSED,2026-09-02 05:03:08,255.249689560987,LOSS - SL HIT,-1.00,-1.89,0.00,1,,2026-09-02 04:48:08
DOT_20260902040331434127,2026-09-02 04:03:31,DOT,1H,crypto,SYSTEM,15745.128,15282.582772478465,16207.673227521536,16670.218455043072,,2,TRENDING_UP,D — Very low conviction,False,0.8174234883118437,-0.441976942786659,1.0,0.0,CLOSED,2026-09-02 07:03:08,15282.582772478465,LOSS - SL HIT,-1.00,-1.28,0.09,2,,2026-09-02 06:48:09
FIL_20260902040332310083,2026-09-02 04:03:32,FIL,1H,crypto,SYSTEM,14232.6737,13546.347815945806,14918.999584054192,15605.325468108384,,2,TRENDING_UP,D — Very low conviction,False,0.7952293315507878,-0.6120131351013816,1.0,0.0,CLOSED,2026-09-02 13:03:09,13546.347815945806,LOSS - SL HIT,-1.00,-1.01,0.22,8,,2026-09-02 12:48:10
UNI_20260902050328941492,2026-09-02 05:03:28,UNI,1H,crypto,SYSTEM,110463.16799999999,105291.97537523079,115634.3606247692,120805.5532495384,,8,TRENDING_UP,A — High conviction,False,0.625,-0.744867425778654,1.0,1.0,CLOSED,2026-09-02 11:03:10,105291.97537523079,LOSS - SL HIT,-1.00,-1.03,0.48,5,,2026-09-02 10:48:11
XRP_20260902060328663982,2026-09-02 06:03:28,XRP,1H,crypto,SYSTEM,23897.452299999997,23407.278502326666,24387.62609767333,24877.79989534666,,6,RANGING,D — Very low conviction,False,-0.45641037095504866,0.21099924765650013,0.5,1.0,CLOSED,2026-09-02 11:03:10,23407.278502326666,LOSS - SL HIT,-1.00,-1.37,0.18,4,,2026-09-02 10:48:11
ATOM_20260902060329663535,2026-09-02 06:03:29,ATOM,1H,crypto,SYSTEM,25858.059999999998,25387.142859334846,26328.97714066515,26799.894281330304,,2,RANGING,D — Very low conviction,False,-0.5173288736225078,0.275263628595471,-1.0,1.0,CLOSED,2026-09-03 08:03:09,26328.97714066515,WIN - TP1 HIT,1.00,-0.97,1.05,25,,2026-09-03 07:48:12
DOGE_20260902060330678984,2026-09-02 06:03:30,DOGE,1H,crypto,SYSTEM,1451.41645,1425.6143771638156,1477.2185228361843,1503.020595672369,,2,RANGING,D — Very low conviction,False,-0.27546015134485013,0.061150821961643044,0.5,1.0,CLOSED,2026-09-02 11:03:10,1425.6143771638156,LOSS - SL HIT,-1.00,-1.18,0.10,4,,2026-09-02 10:48:11
LTC_20260902070328477086,2026-09-02 07:03:28,LTC,1H,crypto,SYSTEM,876220.8,859907.8541128421,892533.745887158,908846.6917743158,,3,SQUEEZE,D — Very low conviction,False,0.36344191612674864,-0.10471507261000905,1.0,1.0,CLOSED,2026-09-02 12:33:09,859907.8541128421,LOSS - SL HIT,-1.00,-1.01,0.00,3,,2026-09-02 12:18:13
AAVE_20260902071828451685,2026-09-02 07:18:28,AAVE,1H,crypto,SYSTEM,2347373.6,2273380.7605619,2421366.4394381,2495359.2788762,,2,TRENDING_UP,D — Very low conviction,False,0.6341521313002556,-0.6446169819709096,-0.5,0.0,CLOSED,2026-09-02 10:03:11,2273380.7605619,LOSS - SL HIT,-1.00,-1.47,0.00,2,,2026-09-02 09:48:10
ARB_20260902090327219773,2026-09-02 09:03:27,ARB,1H,crypto,SYSTEM,2095.686,1982.635544209122,2208.7364557908786,2321.7869115817566,,5,TRENDING_UP,C — Low conviction,False,0.7723769976895398,-0.6989521102684988,1.0,0.0,CLOSED,2026-09-02 11:03:11,1982.635544209122,LOSS - SL HIT,-1.00,-1.36,0.00,1,,2026-09-02 10:48:11
LINK_20260902090328158172,2026-09-02 09:03:28,LINK,1H,crypto,SYSTEM,197441.28,193277.04518943722,201605.51481056277,205769.74962112552,,2,RANGING,D — Very low conviction,False,-0.6788233037078593,0.19871929178756986,-1.0,1.0,CLOSED,2026-09-02 13:33:09,193277.04518943722,LOSS - SL HIT,-1.00,-1.02,0.00,1,,2026-09-02 13:18:09
XAUT_20260902130328399566,2026-09-02 13:03:28,XAUT,1H,crypto,SYSTEM,76965051.18,76195400.6682,77734701.69180001,78504352.2036,,5,SQUEEZE,D — Very low conviction,False,-0.333292158969418,0.021898925301413075,0.5,1.0,CLOSED,2026-09-02 15:03:08,77734701.69180001,WIN - TP1 HIT,1.00,0.00,1.07,1,,2026-09-02 14:48:09
PAXG_20260902130329428108,2026-09-02 13:03:29,PAXG,1H,crypto,SYSTEM,77139120.5,76367729.295,77910511.705,78681902.91,,2,SQUEEZE,D — Very low conviction,False,-0.056482172234376765,-0.08962897501094684,0.0,1.0,CLOSED,2026-09-02 15:03:08,77910511.705,WIN - TP1 HIT,1.00,0.00,1.09,1,,2026-09-02 14:48:09
TRX_20260902130330554025,2026-09-02 13:03:30,TRX,1H,crypto,SYSTEM,5741.451400000001,5684.036886000001,5798.865914000001,5856.280428000001,,2,SQUEEZE,D — Very low conviction,False,-0.32540089282923484,-0.042680427968435596,0.5,1.0,CLOSED,2026-09-03 14:03:08,5798.865914000001,WIN - TP1 HIT,1.00,-0.54,1.09,24,,2026-09-03 13:48:11
ARB_20260902140326195474,2026-09-02 14:03:26,ARB,1H,crypto,SYSTEM,1964.811,1842.4374534158212,2087.1845465841784,2209.558093168357,,3,NEUTRAL,D — Very low conviction,False,0.24158478967876654,0.14300096417280303,1.0,0.0,CLOSED,2026-09-02 16:03:08,2087.1845465841784,WIN - TP1 HIT,1.00,0.00,1.30,1,,2026-09-02 15:48:10
ADA_20260902150329757159,2026-09-02 15:03:29,ADA,1H,crypto,SYSTEM,3465.8558,3382.273082485554,3549.4385175144457,3633.0212350288916,,2,RANGING,D — Very low conviction,False,-0.3211413261761481,0.07990563859208137,-1.0,1.0,CLOSED,2026-09-03 00:03:11,3549.4385175144457,WIN - TP1 HIT,1.00,-0.30,1.12,8,,2026-09-02 23:48:14
PAXG_20260902150330768914,2026-09-02 15:03:30,PAXG,1H,crypto,SYSTEM,77639949.19,76863549.6981,78416348.6819,79192748.17379999,,2,SQUEEZE,D — Very low conviction,False,0.8109105531421521,-0.5192545084493237,-0.5,1.0,CLOSED,2026-09-03 05:03:11,78416348.6819,WIN - TP1 HIT,1.00,-0.50,1.04,13,,2026-09-03 04:48:14
BTC_20260902160328575258,2026-09-02 16:03:28,BTC,1H,crypto,SYSTEM,1367360577.0,1349792720.346895,1384928433.653105,1402496290.3062098,,9,SQUEEZE,B — Moderate conviction,False,-0.2227614849521126,-0.025286248069774763,0.5,1.0,CLOSED,2026-09-03 13:03:09,1384928433.653105,WIN - TP1 HIT,1.00,-0.65,1.18,20,,2026-09-03 12:48:11
ARB_20260902160329499056,2026-09-02 16:03:29,ARB,1H,crypto,SYSTEM,2077.98,1941.6756070714705,2214.2843929285295,2350.5887858570586,,6,TRENDING_UP,B — Moderate conviction,False,0.658925730223376,-0.24668445426769223,1.0,0.0,CLOSED,2026-09-02 19:03:12,2214.2843929285295,WIN - TP1 HIT,1.00,0.00,1.19,2,,2026-09-02 18:48:12
XRP_20260902160330435445,2026-09-02 16:03:30,XRP,1H,crypto,SYSTEM,23641.890000000003,23114.751489154864,24169.028510845143,24696.167021690286,,4,RANGING,D — Very low conviction,False,-0.39068925536620874,-0.012577937795878432,0.5,1.0,CLOSED,2026-09-03 02:03:11,24169.028510845143,WIN - TP1 HIT,1.00,-0.31,1.01,9,,2026-09-03 01:48:12
DOGE_20260902160331450173,2026-09-02 16:03:31,DOGE,1H,crypto,SYSTEM,1444.3200000000002,1417.3400741614382,1471.299925838562,1498.2798516771243,,2,SQUEEZE,D — Very low conviction,False,-0.23415030473227824,-0.14020887228376466,0.5,1.0,CLOSED,2026-09-03 03:03:11,1471.299925838562,WIN - TP1 HIT,1.00,-0.53,1.07,10,,2026-09-03 02:48:12
ETH_20260902170329685233,2026-09-02 17:03:29,ETH,1H,crypto,SYSTEM,42127482.72,41424973.631583355,42829991.80841664,43532500.89683328,,3,RANGING,D — Very low conviction,False,-0.6794939594664192,0.08891847457037955,-1.0,1.0,CLOSED,2026-09-03 14:03:09,42829991.80841664,WIN - TP1 HIT,1.00,-0.45,1.21,20,,2026-09-03 13:48:11
LTC_20260902180334764550,2026-09-02 18:03:34,LTC,1H,crypto,SYSTEM,875739.93,860182.8800109813,891296.9799890188,906854.0299780376,,6,SQUEEZE,C — Low conviction,False,0.5965376372701169,-0.26694990548903946,1.0,1.0,CLOSED,2026-09-03 08:03:10,891296.9799890188,WIN - TP1 HIT,1.00,-0.19,1.06,13,,2026-09-03 07:48:12
ARB_20260902190338670961,2026-09-02 19:03:38,ARB,1H,crypto,SYSTEM,2192.32,2037.9686612504963,2346.671338749504,2501.022677499008,,7,TRENDING_UP,B — Moderate conviction,False,0.8197511126991689,-0.6453253408486447,1.0,0.0,CLOSED,2026-09-03 03:03:12,2346.671338749504,WIN - TP1 HIT,1.00,-0.32,1.00,7,,2026-09-03 02:48:12
AVAX_20260902190339861954,2026-09-02 19:03:39,AVAX,1H,crypto,SYSTEM,126854.0,124647.69480372587,129060.30519627413,131266.61039254826,,2,SQUEEZE,D — Very low conviction,False,-0.20254765324687668,0.010751157201508432,0.5,1.0,CLOSED,2026-09-03 06:03:10,129060.30519627413,WIN - TP1 HIT,1.00,-0.41,1.02,10,,2026-09-03 05:48:13
LINK_20260902210333981026,2026-09-02 21:03:33,LINK,1H,crypto,SYSTEM,196602.56,192511.07267061115,200694.04732938885,204785.5346587777,,2,NEUTRAL,D — Very low conviction,False,-0.30683900749375637,0.03216410218388413,0.5,1.0,CLOSED,2026-09-03 13:03:10,200694.04732938885,WIN - TP1 HIT,1.00,-0.68,1.18,15,,2026-09-03 12:48:11
PEPE_20260902210335053790,2026-09-02 21:03:35,PEPE,1H,crypto,SYSTEM,0.060520319999999996,0.05900912786145904,0.062031512138540953,0.0635427042770819,,2,RANGING,D — Very low conviction,False,-0.4643893098537376,0.23288239616877116,0.5,0.0,CLOSED,2026-09-03 13:48:09,0.062031512138540953,WIN - TP1 HIT,1.00,-0.59,1.05,15,,2026-09-03 13:33:11
ADA_20260903000331845341,2026-09-03 00:03:31,ADA,1H,crypto,SYSTEM,3582.2250000000004,3507.7133756558846,3656.736624344116,3731.248248688232,,2,TRENDING_UP,D — Very low conviction,False,0.8439550087362913,-0.6385198196131778,1.0,0.0,CLOSED,2026-09-03 02:03:13,3656.736624344116,WIN - TP1 HIT,1.00,-0.80,1.27,1,,2026-09-03 01:48:12
TRUMP_20260903000332815891,2026-09-03 00:03:32,TRUMP,1H,crypto,SYSTEM,39130.280000000006,37805.95163000111,40454.6083699989,41778.9367399978,,2,RANGING,D — Very low conviction,False,-0.4267120666677817,0.050429182339390526,0.5,1.0,CLOSED,2026-09-03 03:03:13,40454.6083699989,WIN - TP1 HIT,1.00,-0.46,1.02,2,,2026-09-03 02:48:12
HEMI_20260903030333717855,2026-09-03 03:03:33,HEMI,1H,crypto,SYSTEM,304.55292,264.68273784622215,344.4231021537778,384.29328430755555,,10,TRENDING_UP,A — High conviction,False,1.0,-0.510091291276829,1.0,1.0,CLOSED,2026-09-03 05:03:12,344.4231021537778,WIN - TP1 HIT,1.00,-0.27,1.52,1,,2026-09-03 04:48:14
BNB_20260903030334645990,2026-09-03 03:03:34,BNB,1H,crypto,SYSTEM,12269662.5,12146965.875,12392359.125,12515055.75,,9,SQUEEZE,B — Moderate conviction,False,0.875,-0.6142834840984249,1.0,1.0,CLOSED,2026-09-03 10:03:10,12392359.125,WIN - TP1 HIT,1.00,-0.57,1.31,6,,2026-09-03 09:48:11
SOL_20260903030335529343,2026-09-03 03:03:35,SOL,1H,crypto,SYSTEM,1785047.9800000002,1750968.8335512052,1819127.1264487952,1853206.2728975902,,8,TRENDING_UP,A — High conviction,False,0.6028135541763511,-0.5371839027319262,1.0,1.0,CLOSED,2026-09-03 15:03:08,1819127.1264487952,WIN - TP1 HIT,1.00,-0.82,1.84,11,,2026-09-03 14:48:10
XAUT_20260903040336672078,2026-09-03 04:03:36,XAUT,1H,crypto,SYSTEM,78078568.6,77297782.91399999,78859354.286,79640139.97199999,,7,TRENDING_UP,B — Moderate conviction,False,0.8333333333333334,-0.6847928490813793,1.0,0.0,CLOSED,2026-09-03 08:33:11,78859354.286,WIN - TP1 HIT,1.00,-0.10,1.18,1,,2026-09-03 08:18:11
PROM_20260903041834442359,2026-09-03 04:18:34,PROM,1H,crypto,SYSTEM,87328.70000000001,79244.4289012139,95412.97109878612,103497.24219757222,,8,TRENDING_UP,B — Moderate conviction,False,0.6267798876523056,-0.5086071006212485,1.0,1.0,CLOSED,2026-09-03 11:03:10,79244.4289012139,LOSS - SL HIT,-1.00,-1.14,0.51,6,,2026-09-03 10:48:12
HEMI_20260903050333939519,2026-09-03 05:03:33,HEMI,1H,crypto,SYSTEM,361.8865,313.00725758342253,410.7657424165775,459.6449848331549,,8,TRENDING_UP,A — High conviction,False,0.875,-0.7666274117924938,1.0,1.0,CLOSED,2026-09-03 08:03:11,313.00725758342253,LOSS - SL HIT,-1.00,-1.15,0.43,2,,2026-09-03 07:48:12
ZEC_20260903060328889922,2026-09-03 06:03:28,ZEC,1H,crypto,SYSTEM,14598445.68,14180117.612528197,15016773.747471802,15435101.814943604,,6,TRENDING_UP,B — Moderate conviction,False,0.6280290698468362,-0.3624182048709468,1.0,0.0,CLOSED,2026-09-03 14:03:09,15016773.747471802,WIN - TP1 HIT,1.00,-0.07,1.33,7,,2026-09-03 13:48:11
BTC_20260903063818610793,2026-09-03 06:38:18,BTC,1H,crypto,MANUAL,1372725608.52,1357229369.7470791,1388221847.2929208,1403718086.0658414,,9,SQUEEZE,C — Low conviction,False,0.49790245206178757,-0.36465126657561814,1.0,1.0,CLOSED,2026-09-03 13:18:10,1388221847.2929208,WIN - TP1 HIT,1.00,-0.48,1.00,6,,2026-09-03 13:03:12
ARB_20260903070330649725,2026-09-03 07:03:30,ARB,1H,crypto,SYSTEM,2382.48,2230.0909712602606,2534.8690287397394,2687.2580574794783,,8,TRENDING_UP,A — High conviction,False,0.8333333333333334,-0.6439215407297013,1.0,1.0,CLOSED,2026-09-03 19:03:07,2534.8690287397394,WIN - TP1 HIT,1.00,-0.66,1.09,11,,2026-09-03 18:48:09
XRP_20260903080332509672,2026-09-03 08:03:32,XRP,1H,crypto,SYSTEM,24167.193900000002,23703.434246890938,24630.953553109066,25094.71320621813,,5,TRENDING_UP,C — Low conviction,False,0.4889003556043135,-0.4045348254937613,1.0,0.0,CLOSED,2026-09-03 14:03:09,24630.953553109066,WIN - TP1 HIT,1.00,-0.42,1.21,5,,2026-09-03 13:48:11
ADA_20260903080333666277,2026-09-03 08:03:33,ADA,1H,crypto,SYSTEM,3635.3979,3540.7025250493934,3730.0932749506064,3824.7886499012125,,2,TRENDING_UP,D — Very low conviction,False,0.8119875033691143,-0.49350202682798394,1.0,0.0,CLOSED,2026-09-03 15:03:09,3824.7886499012125,WIN - TP2 HIT,2.00,-0.19,2.01,6,,2026-09-03 14:48:10
ATOM_20260903080334717118,2026-09-03 08:03:34,ATOM,1H,crypto,SYSTEM,26299.749000000003,25863.706813599172,26735.791186400835,27171.833372801666,,2,TRENDING_UP,D — Very low conviction,False,0.8269177201857612,-0.7113530442960916,1.0,0.0,CLOSED,2026-09-03 13:03:11,26735.791186400835,WIN - TP1 HIT,1.00,-0.23,1.39,4,,2026-09-03 12:48:11
UNI_20260903103330762971,2026-09-03 10:33:30,UNI,1H,crypto,SYSTEM,106898.4,102090.71936936425,111706.08063063574,116513.76126127149,,9,TRENDING_UP,A — High conviction,False,0.8376722678346384,-0.34869646596917925,1.0,1.0,CLOSED,2026-09-03 14:03:10,111706.08063063574,WIN - TP1 HIT,1.00,-0.07,1.11,3,,2026-09-03 13:48:11
PUMP_20260903103331654514,2026-09-03 10:33:31,PUMP,1H,crypto,SYSTEM,77.03388000000001,74.0794149311985,79.98834506880152,82.94281013760303,,5,TRENDING_UP,C — Low conviction,False,0.597801379699341,-0.4622762014855848,1.0,0.0,CLOSED,2026-09-03 17:03:10,79.98834506880152,WIN - TP1 HIT,1.00,-0.29,1.00,6,,2026-09-03 16:48:11
BNB_20260903103332631501,2026-09-03 10:33:32,BNB,1H,crypto,SYSTEM,12395098.799999999,12270741.25574487,12519456.344255127,12643813.888510253,,3,TRENDING_UP,D — Very low conviction,False,0.875,-0.6383878106924875,-0.5,0.0,CLOSED,2026-09-03 12:03:11,12519456.344255127,WIN - TP1 HIT,1.00,0.00,1.82,1,,2026-09-03 11:48:12
LTC_20260903120333259838,2026-09-03 12:03:33,LTC,1H,crypto,SYSTEM,898656.1000000001,884311.1991545697,913001.0008454305,927345.901690861,,9,TRENDING_UP,A — High conviction,False,0.875,-0.4280880202077246,1.0,1.0,CLOSED,2026-09-04 06:18:09,913001.0008454305,WIN - TP1 HIT,1.00,-0.43,1.03,9,,2026-09-04 06:03:10
XAUT_20260903120334334791,2026-09-03 12:03:34,XAUT,1H,crypto,SYSTEM,78337765.96000001,77554388.3004,79121143.61960001,79904521.2792,,9,SQUEEZE,C — Low conviction,False,0.7901417510055287,-0.43436430480093285,1.0,1.0,CLOSED,2026-09-03 16:03:09,79121143.61960001,WIN - TP1 HIT,1.00,0.00,1.23,3,,2026-09-03 15:48:11
BTC_20260903130333134365,2026-09-03 13:03:33,BTC,1H,crypto,SYSTEM,1386323980.0,1370790005.5837414,1401857954.4162586,1417391928.8325171,,9,SQUEEZE,C — Low conviction,False,0.8333333333333334,-0.5820981866103591,1.0,1.0,CLOSED,2026-09-03 15:03:10,1417391928.8325171,WIN - TP2 HIT,2.00,0.00,2.14,1,,2026-09-03 14:48:10
LINK_20260903130334131645,2026-09-03 13:03:34,LINK,1H,crypto,SYSTEM,200850.37999999998,196894.19128180953,204806.56871819042,208762.75743638084,,9,TRENDING_UP,A — High conviction,False,0.8123339185759417,-0.6105162203722752,1.0,1.0,CLOSED,2026-09-03 15:03:10,204806.56871819042,WIN - TP1 HIT,1.00,-0.02,1.75,1,,2026-09-03 14:48:10
ETH_20260903140334086507,2026-09-03 14:03:34,ETH,1H,crypto,SYSTEM,42866531.6,42253148.561848864,43479914.63815114,44093297.67630228,,9,SQUEEZE,C — Low conviction,False,0.5068902453051126,-0.5304264617586423,1.0,1.0,CLOSED,2026-09-03 16:03:10,44093297.67630228,WIN - TP2 HIT,2.00,0.00,2.40,1,,2026-09-03 15:48:11
XRP_20260903140335135810,2026-09-03 14:03:35,XRP,1H,crypto,SYSTEM,24534.7294,24054.21320268556,25015.24559731444,25495.761794628877,,9,TRENDING_UP,A — High conviction,False,0.8333333333333334,-0.6519936494099969,1.0,1.0,CLOSED,2026-09-03 16:03:10,25495.761794628877,WIN - TP2 HIT,2.00,0.00,2.75,1,,2026-09-03 15:48:11
ZEC_20260903140336212626,2026-09-03 14:03:36,ZEC,1H,crypto,SYSTEM,15119899.68,14731522.32780955,15508277.03219045,15896654.384380898,,9,TRENDING_UP,A — High conviction,False,0.8333333333333334,-0.7130415075555532,1.0,1.0,CLOSED,2026-09-03 16:03:10,15896654.384380898,WIN - TP2 HIT,2.00,0.00,5.00,1,,2026-09-03 15:48:11
DOGE_20260903150333121739,2026-09-03 15:03:33,DOGE,1H,crypto,SYSTEM,1555.40567,1520.3615993368942,1590.449740663106,1625.4938113262117,,11,TRENDING_UP,C — Low conviction,True,0.875,-0.7802755909993504,1.0,1.0,CLOSED,2026-09-04 13:03:09,1520.3615993368942,LOSS - SL HIT,-1.00,-2.08,0.94,21,,2026-09-04 12:48:10
ENA_20260903150334111958,2026-09-03 15:03:34,ENA,1H,crypto,SYSTEM,2821.1221,2714.1810799759783,2928.063120024022,3035.0041400480436,,11,TRENDING_UP,A — High conviction,False,0.7916777018313818,-0.6265800256141721,1.0,1.0,CLOSED,2026-09-03 17:03:11,3035.0041400480436,WIN - TP2 HIT,2.00,0.00,2.24,1,,2026-09-03 16:48:11
SOL_20260903150335304175,2026-09-03 15:03:35,SOL,1H,crypto,SYSTEM,1852319.52,1813626.342208869,1891012.697791131,1929705.875582262,,11,TRENDING_UP,A — High conviction,False,0.8333333333333334,-0.6873739167103481,1.0,1.0,CLOSED,2026-09-04 02:03:08,1813626.342208869,LOSS - SL HIT,-1.00,-1.01,0.20,10,,2026-09-04 01:48:10
NEAR_20260903150336501906,2026-09-03 15:03:36,NEAR,1H,crypto,SYSTEM,34308.087,33316.39603877572,35299.77796122428,36291.46892244856,,11,TRENDING_UP,A — High conviction,False,0.8135332141952316,-0.5870423719457609,1.0,1.0,CLOSED,2026-09-03 19:03:08,35299.77796122428,WIN - TP1 HIT,1.00,0.00,1.21,3,,2026-09-03 18:48:09
XAUT_20260903160331658133,2026-09-03 16:03:31,XAUT,1H,crypto,SYSTEM,79006011.74,78215951.62259999,79796071.8574,80586131.97479999,,9,TRENDING_UP,A — High conviction,False,0.8009941501174794,-0.5081238656539347,1.0,1.0,CLOSED,2026-09-04 13:03:09,78215951.62259999,LOSS - SL HIT,-1.00,-2.17,0.21,20,,2026-09-04 12:48:10
ADA_20260903160332800628,2026-09-03 16:03:32,ADA,1H,crypto,SYSTEM,3901.501,3788.9213081283133,4014.080691871687,4126.660383743374,,8,TRENDING_UP,B — Moderate conviction,False,0.875,-0.8071595551243861,1.0,1.0,CLOSED,2026-09-04 13:03:10,3788.9213081283133,LOSS - SL HIT,-1.00,-1.37,0.97,20,,2026-09-04 12:48:10
BNB_20260903160333996826,2026-09-03 16:03:33,BNB,1H,crypto,SYSTEM,12773848.940000001,12590687.27760847,12957010.602391534,13140172.264783066,,8,TRENDING_UP,A — High conviction,False,0.8333333333333334,-0.8340128918581573,1.0,1.0,CLOSED,2026-09-04 08:03:10,12590687.27760847,LOSS - SL HIT,-1.00,-1.14,0.38,15,,2026-09-04 07:48:11
PUMP_20260903170332508276,2026-09-03 17:03:32,PUMP,1H,crypto,SYSTEM,79.6928,76.5717049536889,82.81389504631112,85.93499009262223,,9,TRENDING_UP,A — High conviction,False,0.8333333333333334,-0.6797918525284229,1.0,1.0,CLOSED,2026-09-03 23:03:08,76.5717049536889,LOSS - SL HIT,-1.00,-1.63,0.00,5,,2026-09-03 22:48:11
TRUMP_20260903170333736237,2026-09-03 17:03:33,TRUMP,1H,crypto,SYSTEM,43964.8,41719.36103169724,46210.238968302765,48455.67793660553,,8,TRENDING_UP,B — Moderate conviction,False,0.8333333333333334,-0.7000422415501609,1.0,1.0,CLOSED,2026-09-03 22:03:08,41719.36103169724,LOSS - SL HIT,-1.00,-1.03,0.00,4,,2026-09-03 21:48:11
ENA_20260903173333325199,2026-09-03 17:33:33,ENA,1H,crypto,SYSTEM,3080.1911999999998,2949.4770884944655,3210.905311505534,3341.6194230110677,,5,TRENDING_UP,C — Low conviction,False,0.625,-0.80082496233264,1.0,0.0,CLOSED,2026-09-03 22:03:09,2949.4770884944655,LOSS - SL HIT,-1.00,-1.00,0.62,4,,2026-09-03 21:48:11
XRP_20260903180332826001,2026-09-03 18:03:32,XRP,1H,crypto,SYSTEM,25716.9087,25075.45350606038,26358.36389393962,26999.819087879234,,6,TRENDING_UP,C — Low conviction,False,0.6350443644891547,-0.7273434711362827,1.0,0.0,CLOSED,2026-09-04 13:03:10,25075.45350606038,LOSS - SL HIT,-1.00,-1.77,0.73,18,,2026-09-04 12:48:10
ARB_20260903190326522616,2026-09-03 19:03:26,ARB,1H,crypto,SYSTEM,2527.4288,2358.0321358313367,2696.8254641686635,2866.222128337327,,9,TRENDING_UP,A — High conviction,False,0.8333333333333334,-0.46796385728670314,1.0,1.0,CLOSED,2026-09-04 05:03:11,2358.0321358313367,LOSS - SL HIT,-1.00,-1.02,0.33,9,,2026-09-04 04:48:11
ZEC_20260903190327608712,2026-09-03 19:03:27,ZEC,1H,crypto,SYSTEM,16906705.919999998,16247315.881358786,17566095.95864121,18225485.997282423,,6,TRENDING_UP,B — Moderate conviction,False,0.704854697856862,-0.831716391655688,1.0,0.0,CLOSED,2026-09-04 09:03:09,17566095.95864121,WIN - TP1 HIT,1.00,-0.76,1.81,13,,2026-09-04 08:46:13
NEAR_20260903190328531730,2026-09-03 19:03:28,NEAR,1H,crypto,SYSTEM,35081.696,34041.35912078238,36122.03287921763,37162.36975843525,,5,TRENDING_UP,C — Low conviction,False,0.875,-0.7129580406182037,1.0,-1.0,CLOSED,2026-09-04 02:03:09,34041.35912078238,LOSS - SL HIT,-1.00,-1.14,0.00,6,,2026-09-04 01:48:10
DOT_20260903190329491212,2026-09-03 19:03:29,DOT,1H,crypto,SYSTEM,15695.368,15312.25064909802,16078.485350901981,16461.60270180396,,4,TRENDING_UP,D — Very low conviction,False,0.7831356913842711,-0.3310081699417294,1.0,1.0,CLOSED,2026-09-04 06:03:09,15312.25064909802,LOSS - SL HIT,-1.00,-1.23,0.42,10,,2026-09-04 05:48:11
BTC_20260903200329968165,2026-09-03 20:03:29,BTC,1H,crypto,SYSTEM,1432261376.0,1412341631.8392942,1452181120.1607058,1472100864.3214116,,8,TRENDING_UP,B — Moderate conviction,False,0.7258487123363941,-0.7593734528973389,1.0,1.0,CLOSED,2026-09-04 12:48:08,1452181120.1607058,WIN - TP1 HIT,1.00,0.00,1.02,1,,2026-09-04 12:33:11
LINK_20260903210329655618,2026-09-03 21:03:29,LINK,1H,crypto,SYSTEM,208373.595,203992.3811601545,212754.8088398455,217136.022679691,,5,TRENDING_UP,C — Low conviction,False,0.8333333333333334,-0.6726369449576479,1.0,-1.0,CLOSED,2026-09-04 10:03:10,212754.8088398455,WIN - TP1 HIT,1.00,-0.35,1.28,12,,2026-09-04 09:48:12
UNI_20260903210330661797,2026-09-03 21:03:30,UNI,1H,crypto,SYSTEM,111362.09999999999,106086.4424053189,116637.75759468108,121913.41518936217,,5,TRENDING_UP,C — Low conviction,False,0.875,-0.4650900883643981,1.0,-1.0,CLOSED,2026-09-05 17:03:09,116637.75759468108,WIN - TP1 HIT,1.00,-0.94,1.35,43,,2026-09-05 16:48:13
TRX_20260903210331625294,2026-09-03 21:03:31,TRX,1H,crypto,SYSTEM,5829.8234999999995,5771.525264999999,5888.121735,5946.41997,,4,TRENDING_UP,D — Very low conviction,False,0.875,-0.6516135490278366,1.0,0.0,CLOSED,2026-09-04 07:33:10,5771.525264999999,LOSS - SL HIT,-1.00,-1.01,0.02,9,,2026-09-04 07:18:12
ETH_20260903220331019848,2026-09-03 22:03:31,ETH,1H,crypto,SYSTEM,44035630.650000006,43279506.62909945,44791754.67090056,45547878.691801116,,7,TRENDING_UP,B — Moderate conviction,False,0.875,-0.5552980267364788,1.0,0.0,CLOSED,2026-09-04 10:03:10,44791754.67090056,WIN - TP1 HIT,1.00,-0.18,1.01,11,,2026-09-04 09:48:12
SHIB_20260904000331708956,2026-09-04 00:03:31,SHIB,1H,crypto,SYSTEM,0.0948456,0.09268960770807345,0.09700159229192655,0.0991575845838531,,5,TRENDING_UP,C — Low conviction,False,0.7146201819967135,-0.4753227653111349,1.0,-1.0,CLOSED,2026-09-04 13:03:10,0.09268960770807345,LOSS - SL HIT,-1.00,-1.66,0.14,12,,2026-09-04 12:48:10
PROM_20260904041834416330,2026-09-04 04:18:34,PROM,1H,crypto,SYSTEM,92298.416,85812.31892917311,98784.51307082688,105270.61014165377,,3,TRENDING_UP,D — Very low conviction,False,0.5271048416734916,-0.4353540883459193,1.0,-1.0,CLOSED,2026-09-04 07:03:11,98784.51307082688,WIN - TP1 HIT,1.00,0.00,1.24,2,,2026-09-04 06:48:10
HEMI_20260904050334318890,2026-09-04 05:03:34,HEMI,1H,crypto,SYSTEM,287.87056,256.4251302306987,319.3159897693013,350.76141953860264,,3,NEUTRAL,D — Very low conviction,False,0.2809507068564549,-0.025081829890148278,1.0,0.0,CLOSED,2026-09-04 16:03:08,256.4251302306987,LOSS - SL HIT,-1.00,-1.21,0.34,10,,2026-09-04 15:48:08
AVAX_20260904060331071745,2026-09-04 06:03:31,AVAX,1H,crypto,SYSTEM,131190.4,129239.01704954663,133141.78295045334,135093.16590090672,,2,RANGING,D — Very low conviction,False,0.25120506740295406,-0.04531217976578839,-0.5,1.0,CLOSED,2026-09-04 13:03:11,129239.01704954663,LOSS - SL HIT,-1.00,-1.47,0.95,6,,2026-09-04 12:48:10
PROM_20260904070333047441,2026-09-04 07:03:33,PROM,1H,crypto,SYSTEM,97056.365,89788.68692646928,104324.04307353073,111591.72114706146,,6,TRENDING_UP,B — Moderate conviction,False,0.875,-0.7710190622471575,1.0,0.0,CLOSED,2026-09-04 11:03:10,89788.68692646928,LOSS - SL HIT,-1.00,-1.47,0.00,3,,2026-09-04 10:48:12
NEAR_20260904070334099568,2026-09-04 07:03:34,NEAR,1H,crypto,SYSTEM,34752.27,33795.1333340165,35709.40666598349,36666.54333196699,,3,NEUTRAL,D — Very low conviction,False,0.5464209361681377,0.07142351863911826,1.0,-1.0,CLOSED,2026-09-04 10:03:11,35709.40666598349,WIN - TP1 HIT,1.00,-0.42,1.03,2,,2026-09-04 09:48:12
PUMP_20260904070335187098,2026-09-04 07:03:35,PUMP,1H,crypto,SYSTEM,77.09229500000001,73.64508523884258,80.53950476115743,83.98671452231486,,2,NEUTRAL,D — Very low conviction,False,0.02476761856184236,-0.010438158935361064,0.0,0.0,CLOSED,2026-09-04 11:03:10,73.64508523884258,LOSS - SL HIT,-1.00,-1.07,0.00,3,,2026-09-04 10:48:12
DASH_20260904074831497898,2026-09-04 07:48:31,DASH,1H,crypto,SYSTEM,879096.16,831655.0701171674,926537.2498828326,973978.3397656652,,6,TRENDING_UP,B — Moderate conviction,False,0.6196413850478336,-0.4347636707291202,1.0,0.0,CLOSED,2026-09-04 09:03:11,926537.2498828326,WIN - TP1 HIT,1.00,-0.08,1.30,1,,2026-09-04 08:46:13
LTC_20260904090332049829,2026-09-04 09:03:32,LTC,1H,crypto,SYSTEM,902586.72,890668.7516310633,914504.6883689367,926422.6567378733,,10,SQUEEZE,B — Moderate conviction,False,0.5555633959198957,-0.05536899095478801,1.0,1.0,CLOSED,2026-09-04 13:03:11,890668.7516310633,LOSS - SL HIT,-1.00,-1.78,0.46,3,,2026-09-04 12:48:10
ZEC_20260904090333185161,2026-09-04 09:03:33,ZEC,1H,crypto,SYSTEM,17767225.279999997,17080273.862955716,18454176.69704428,19141128.114088565,,9,TRENDING_UP,A — High conviction,False,0.8333333333333334,-0.6208716270918888,1.0,1.0,CLOSED,2026-09-04 14:03:08,17080273.862955716,LOSS - SL HIT,-1.00,-1.15,0.32,4,,2026-09-04 13:48:09
DASH_20260904090334176916,2026-09-04 09:03:34,DASH,1H,crypto,SYSTEM,942502.4,885890.3675528276,999114.4324471725,1055726.4648943448,,8,TRENDING_UP,A — High conviction,False,0.8436290807832606,-0.6695890588345428,1.0,1.0,CLOSED,2026-09-04 13:03:11,885890.3675528276,LOSS - SL HIT,-1.00,-1.18,0.11,3,,2026-09-04 12:48:10
NEAR_20260904100333699613,2026-09-04 10:03:33,NEAR,1H,crypto,SYSTEM,35690.11,34635.857441718756,36744.362558281246,37798.61511656248,,6,TRENDING_UP,B — Moderate conviction,False,0.5889670159549939,-0.5608144446948428,1.0,0.0,CLOSED,2026-09-04 13:03:11,34635.857441718756,LOSS - SL HIT,-1.00,-1.61,0.15,2,,2026-09-04 12:48:10
ATOM_20260904100334685450,2026-09-04 10:03:34,ATOM,1H,crypto,SYSTEM,26842.34,26435.347689898594,27249.332310101407,27656.324620202817,,3,SQUEEZE,D — Very low conviction,False,0.7163007865039783,-0.26785515159488676,1.0,1.0,CLOSED,2026-09-04 13:03:11,26435.347689898594,LOSS - SL HIT,-1.00,-1.46,0.71,2,,2026-09-04 12:48:10
ETH_20260904100335716879,2026-09-04 10:03:35,ETH,1H,crypto,SYSTEM,44401909.3,43709627.314838044,45094191.28516195,45786473.2703239,,3,SQUEEZE,D — Very low conviction,False,0.639285405210135,-0.2284182677340606,-0.5,1.0,CLOSED,2026-09-04 13:03:12,43709627.314838044,LOSS - SL HIT,-1.00,-2.06,0.43,2,,2026-09-04 12:48:10
LINK_20260904110334151939,2026-09-04 11:03:34,LINK,1H,crypto,SYSTEM,212050.351,207476.79792296694,216623.90407703305,221197.4571540661,,7,TRENDING_UP,B — Moderate conviction,False,0.7624012318357004,-0.5019116528652705,1.0,0.0,CLOSED,2026-09-04 13:03:12,207476.79792296694,LOSS - SL HIT,-1.00,-2.09,0.26,1,,2026-09-04 12:48:10
BNB_20260904120330976691,2026-09-04 12:03:30,BNB,1H,crypto,SYSTEM,12748363.62,12575685.05562813,12921042.184371868,13093720.748743739,,10,SQUEEZE,B — Moderate conviction,False,0.5775411089696918,-0.0644601647353071,1.0,1.0,CLOSED,2026-09-04 14:03:08,12575685.05562813,LOSS - SL HIT,-1.00,-1.14,0.00,1,,2026-09-04 13:48:09
ZEC_20260904140331696558,2026-09-04 14:03:31,ZEC,1H,crypto,SYSTEM,17470581.96,16639841.612523967,18301322.307476033,19132062.654952068,,6,TRENDING_UP,B — Moderate conviction,False,0.576708133027151,-0.21336972809332466,1.0,0.0,CLOSED,2026-09-04 17:03:08,18301322.307476033,WIN - TP1 HIT,1.00,-0.45,1.16,2,,2026-09-04 16:48:09
DASH_20260904140332917089,2026-09-04 14:03:32,DASH,1H,crypto,SYSTEM,883339.08,819570.1627799931,947107.9972200068,1010876.9144400136,,4,TRENDING_UP,D — Very low conviction,False,0.28675373526431946,-0.19888671920166465,1.0,0.0,CLOSED,2026-09-04 17:03:08,947107.9972200068,WIN - TP1 HIT,1.00,-0.12,1.41,2,,2026-09-04 16:48:09
NEAR_20260904140334027102,2026-09-04 14:03:34,NEAR,1H,crypto,SYSTEM,34762.416,33447.236288039836,36077.59571196016,37392.77542392031,,3,TRENDING_UP,D — Very low conviction,False,0.3335748000329323,-0.17263204948231062,1.0,-1.0,CLOSED,2026-09-04 20:03:12,37392.77542392031,WIN - TP2 HIT,2.00,-0.79,2.85,5,,2026-09-04 19:48:10
PUMP_20260904140335164731,2026-09-04 14:03:35,PUMP,1H,crypto,SYSTEM,75.853284,72.18832703014232,79.51824096985769,83.18319793971536,,3,TRENDING_DOWN,D — Very low conviction,False,-0.12684763721467893,0.058912803837133036,0.5,0.0,CLOSED,2026-09-05 13:03:09,72.18832703014232,LOSS - SL HIT,-1.00,-1.03,0.46,22,,2026-09-05 12:48:13
TRX_20260904140336271565,2026-09-04 14:03:36,TRX,1H,crypto,SYSTEM,5811.9516,5753.832084000001,5870.071116,5928.190632000001,,3,SQUEEZE,D — Very low conviction,False,0.15301935737710196,0.11917117112650101,1.0,0.0,CLOSED,2026-09-05 16:03:10,5870.071116,WIN - TP1 HIT,1.00,-0.45,1.10,25,,2026-09-05 15:48:11
DASH_20260904170328447542,2026-09-04 17:03:28,DASH,1H,crypto,SYSTEM,961937.2,893040.5647561508,1030833.8352438491,1099730.4704876982,,7,TRENDING_UP,B — Moderate conviction,False,0.8099929242373518,-0.4051307448793131,1.0,1.0,CLOSED,2026-09-04 22:03:07,1030833.8352438491,WIN - TP1 HIT,1.00,-0.06,1.35,4,,2026-09-04 21:48:07
ZEC_20260904170329395005,2026-09-04 17:03:29,ZEC,1H,crypto,SYSTEM,18284024.849999998,17368554.69215223,19199495.007847767,20114965.165695537,,7,TRENDING_UP,B — Moderate conviction,False,0.8210418092020856,-0.4668653627227692,1.0,1.0,CLOSED,2026-09-06 05:03:09,20114965.165695537,WIN - TP2 HIT,2.00,-0.85,2.60,35,,2026-09-06 04:33:12
NEAR_20260904200335664218,2026-09-04 20:03:35,NEAR,1H,crypto,SYSTEM,37828.428,36020.776767541436,39636.07923245856,41443.73046491713,,6,TRENDING_UP,B — Moderate conviction,False,0.625,-0.6405710522351667,1.0,1.0,CLOSED,2026-09-05 02:03:06,39636.07923245856,WIN - TP1 HIT,1.00,-0.60,1.22,5,,2026-09-05 01:48:08
DASH_20260904220328141632,2026-09-04 22:03:28,DASH,1H,crypto,SYSTEM,1048097.08,977537.4765657625,1118656.6834342375,1189216.286868475,,7,TRENDING_UP,B — Moderate conviction,False,0.8333333333333334,-0.6748019568679308,1.0,1.0,CLOSED,2026-09-05 00:03:07,1118656.6834342375,WIN - TP1 HIT,1.00,0.00,1.18,1,,2026-09-04 23:48:07
DASH_20260905000327413774,2026-09-05 00:03:27,DASH,1H,crypto,SYSTEM,1106499.13,1026670.5246471647,1186327.7353528352,1266156.3407056702,,7,TRENDING_UP,B — Moderate conviction,False,0.8333333333333334,-0.7212865275494886,1.0,1.0,CLOSED,2026-09-05 02:03:07,1186327.7353528352,WIN - TP1 HIT,1.00,0.00,1.01,1,,2026-09-05 01:48:08
DOT_20260905000328373583,2026-09-05 00:03:28,DOT,1H,crypto,SYSTEM,15673.79,15211.794235211597,16135.785764788405,16597.78152957681,,2,TRENDING_UP,D — Very low conviction,False,1.0,-0.38389738609285606,1.0,0.0,CLOSED,2026-09-05 10:03:08,16135.785764788405,WIN - TP1 HIT,1.00,-0.26,1.11,9,,2026-09-05 09:48:10
TRUMP_20260905010329096304,2026-09-05 01:03:29,TRUMP,1H,crypto,SYSTEM,40864.479999999996,39238.426216913766,42490.533783086226,44116.58756617246,,3,NEUTRAL,D — Very low conviction,False,0.17867493626947287,-0.017330049464669584,1.0,1.0,CLOSED,2026-09-05 07:03:09,42490.533783086226,WIN - TP1 HIT,1.00,-0.06,1.13,5,,2026-09-05 06:48:11
DASH_20260905020325062388,2026-09-05 02:03:25,DASH,1H,crypto,SYSTEM,1168446.4200000002,1081814.070925663,1255078.7690743373,1341711.1181486747,,6,TRENDING_UP,B — Moderate conviction,False,0.8333333333333334,-0.8033540681853595,1.0,1.0,CLOSED,2026-09-05 06:03:08,1255078.7690743373,WIN - TP1 HIT,1.00,-0.43,1.26,3,,2026-09-05 05:48:08
LTC_20260905020326015097,2026-09-05 02:03:26,LTC,1H,crypto,SYSTEM,904251.42,889838.4960485379,918664.3439514622,933077.2679029244,,5,TRENDING_UP,C — Low conviction,False,0.8482462668724887,-0.1756062301688447,1.0,0.0,CLOSED,2026-09-05 04:03:08,918664.3439514622,WIN - TP1 HIT,1.00,0.00,1.80,1,,2026-09-05 03:48:09
ATOM_20260905030326581512,2026-09-05 03:03:26,ATOM,1H,crypto,SYSTEM,26960.91,26457.103210408226,27464.716789591774,27968.523579183544,,2,TRENDING_UP,D — Very low conviction,False,0.9613296752465945,-0.14909993809288494,1.0,0.0,CLOSED,2026-09-05 10:03:08,27464.716789591774,WIN - TP1 HIT,1.00,-0.05,1.03,6,,2026-09-05 09:48:10
LTC_20260905040327137992,2026-09-05 04:03:27,LTC,1H,crypto,SYSTEM,919913.5,903538.6016065145,936288.3983934855,952663.2967869708,,5,TRENDING_UP,C — Low conviction,False,0.8333333333333334,-0.6938817766197003,1.0,0.0,CLOSED,2026-09-05 07:03:10,936288.3983934855,WIN - TP1 HIT,1.00,0.00,1.70,2,,2026-09-05 06:48:11
OP_20260905040328204781,2026-09-05 04:03:28,OP,1H,crypto,SYSTEM,1760.6000000000001,1709.9335674284305,1811.2664325715698,1861.9328651431395,,2,TRENDING_UP,D — Very low conviction,False,0.7756602051616214,-0.4413399328303304,1.0,0.0,CLOSED,2026-09-05 09:03:10,1811.2664325715698,WIN - TP1 HIT,1.00,-0.16,1.79,4,,2026-09-05 08:57:57
DASH_20260905060326212480,2026-09-05 06:03:26,DASH,1H,crypto,SYSTEM,1274912.86,1174770.2577404473,1375055.462259553,1475198.0645191057,,6,TRENDING_UP,B — Moderate conviction,False,0.8333333333333334,-0.7676253044806339,1.0,1.0,CLOSED,2026-09-05 08:03:10,1174770.2577404473,LOSS - SL HIT,-1.00,-1.23,0.00,1,,2026-09-05 07:48:11
NEAR_20260905060327046218,2026-09-05 06:03:27,NEAR,1H,crypto,SYSTEM,39217.256,37350.510045245515,41084.00195475449,42950.74790950897,,5,TRENDING_UP,C — Low conviction,False,0.7635172495913489,-0.5938240051790361,1.0,0.0,CLOSED,2026-09-06 09:03:07,41084.00195475449,WIN - TP1 HIT,1.00,-0.73,1.31,26,,2026-09-06 08:48:10
SAHARA_20260905060327895247,2026-09-05 06:03:27,SAHARA,1H,crypto,SYSTEM,163.52258,158.0134065201608,169.0317534798392,174.54092695967842,,2,TRENDING_UP,D — Very low conviction,False,0.4609738559519594,0.1321757320620234,1.0,0.0,CLOSED,2026-09-06 01:03:07,169.0317534798392,WIN - TP1 HIT,1.00,-0.59,1.07,18,,2026-09-06 00:48:10
BNB_20260905070333172352,2026-09-05 07:03:33,BNB,1H,crypto,SYSTEM,12798368.0,12651489.767414952,12945246.232585048,13092124.465170097,,9,SQUEEZE,B — Moderate conviction,False,0.875,-0.5034403409494392,1.0,1.0,CLOSED,2026-09-05 09:03:11,13092124.465170097,WIN - TP2 HIT,2.00,0.00,3.01,1,,2026-09-05 08:57:57
SHIB_20260905070334203650,2026-09-05 07:03:34,SHIB,1H,crypto,SYSTEM,0.09504,0.09314698132166986,0.09693301867833014,0.09882603735666028,,9,TRENDING_UP,A — High conviction,False,0.8333333333333334,-0.6857137363270811,1.0,1.0,CLOSED,2026-09-05 14:03:08,0.09693301867833014,WIN - TP1 HIT,1.00,-0.24,1.62,6,,2026-09-05 13:48:11
LTC_20260905070335142502,2026-09-05 07:03:35,LTC,1H,crypto,SYSTEM,945296.0,927016.4083358274,963575.5916641726,981855.1833283452,,6,TRENDING_UP,B — Moderate conviction,False,0.8333333333333334,-0.8205956796370475,1.0,0.0,CLOSED,2026-09-05 18:03:10,963575.5916641726,WIN - TP1 HIT,1.00,-0.96,1.13,10,,2026-09-05 17:48:13
TRUMP_20260905070336085258,2026-09-05 07:03:36,TRUMP,1H,crypto,SYSTEM,42134.4,40556.20241228565,43712.59758771435,45290.79517542869,,6,TRENDING_UP,C — Low conviction,False,0.8360384236202729,-0.6255467568766147,1.0,0.0,CLOSED,2026-09-06 15:03:06,40556.20241228565,LOSS - SL HIT,-1.00,-1.23,0.53,31,,2026-09-06 14:48:09
AVAX_20260905080334630980,2026-09-05 08:03:34,AVAX,1H,crypto,SYSTEM,131773.824,130159.99258095953,133387.65541904047,135001.48683808092,,2,SQUEEZE,D — Very low conviction,False,0.875,-0.649653729021311,1.0,1.0,CLOSED,2026-09-05 18:03:10,133387.65541904047,WIN - TP1 HIT,1.00,-0.23,1.64,9,,2026-09-05 17:48:13
SOL_20260905090333030549,2026-09-05 09:03:33,SOL,1H,crypto,SYSTEM,1807813.0399999998,1786472.649333089,1829153.4306669107,1850493.8213338216,,9,SQUEEZE,B — Moderate conviction,False,0.3340224103732591,-0.5185171860470049,1.0,1.0,CLOSED,2026-09-05 18:03:11,1829153.4306669107,WIN - TP1 HIT,1.00,-0.54,1.18,8,,2026-09-05 17:48:13
BNB_20260905090334080251,2026-09-05 09:03:34,BNB,1H,crypto,SYSTEM,13198759.6,13005689.748126078,13391829.45187392,13584899.30374784,,7,TRENDING_UP,B — Moderate conviction,False,0.625,-0.7978356097727544,1.0,1.0,CLOSED,2026-09-05 13:03:11,13391829.45187392,WIN - TP1 HIT,1.00,-0.45,1.46,3,,2026-09-05 12:48:13
DASH_20260905090335110459,2026-09-05 09:03:35,DASH,1H,crypto,SYSTEM,1182099.28,1075458.701852978,1288739.858147022,1395380.4362940444,,7,TRENDING_UP,B — Moderate conviction,False,0.7500597744074571,-0.4204017034103656,1.0,0.0,CLOSED,2026-09-06 05:03:09,1288739.858147022,WIN - TP1 HIT,1.00,-0.43,1.48,19,,2026-09-06 04:33:12
ARB_20260905100332480373,2026-09-05 10:03:32,ARB,1H,crypto,SYSTEM,2387.5058,2265.5027070975507,2509.508892902449,2631.5119858048984,,6,TRENDING_UP,B — Moderate conviction,False,0.6834748643638241,-0.3736332293604132,1.0,1.0,CLOSED,2026-09-05 20:27:22,2509.508892902449,WIN - TP1 HIT,1.00,-0.64,1.14,8,,2026-09-05 18:03:13
BTC_20260905100333547567,2026-09-05 10:03:33,BTC,1H,crypto,SYSTEM,1401131442.66,1387120128.2334,1415142757.0866,1429154071.5132,,5,SQUEEZE,D — Very low conviction,False,0.018184473748235265,-0.0012775440464002006,0.0,1.0,CLOSED,2026-09-07 03:48:09,1415142757.0866,WIN - TP1 HIT,1.00,-0.61,1.05,37,,2026-09-07 03:33:11
LINK_20260905100334659818,2026-09-05 10:03:34,LINK,1H,crypto,SYSTEM,207556.418,204150.2470173969,210962.5889826031,214368.75996520623,,5,SQUEEZE,D — Very low conviction,False,0.6817676920833018,-0.4956394556668239,1.0,1.0,CLOSED,2026-09-05 18:03:12,214368.75996520623,WIN - TP2 HIT,2.00,-0.50,2.19,7,,2026-09-05 17:48:13
XRP_20260905100335847772,2026-09-05 10:03:35,XRP,1H,crypto,SYSTEM,24749.4798,24415.773746069208,25083.185853930794,25416.891907861587,,3,SQUEEZE,D — Very low conviction,False,0.06479143130338873,-0.4531213203174893,0.0,1.0,CLOSED,2026-09-05 18:03:12,25083.185853930794,WIN - TP1 HIT,1.00,-0.35,1.02,7,,2026-09-05 17:48:13
BNB_20260905130335141023,2026-09-05 13:03:35,BNB,1H,crypto,SYSTEM,13404925.8,13163363.774142062,13646487.82585794,13888049.851715878,,9,TRENDING_UP,A — High conviction,False,0.8290065451328879,-0.8103519622599558,1.0,1.0,CLOSED,2026-09-05 17:03:11,13646487.82585794,WIN - TP1 HIT,1.00,-0.20,1.06,3,,2026-09-05 16:48:13
ASTER_20260905130336204066,2026-09-05 13:03:36,ASTER,1H,crypto,SYSTEM,14714.46,14161.92328474154,15266.996715258458,15819.533430516918,,7,TRENDING_UP,B — Moderate conviction,False,0.625,-0.8035950146782683,1.0,1.0,CLOSED,2026-09-05 16:03:13,14161.92328474154,LOSS - SL HIT,-1.00,-1.09,0.06,2,,2026-09-05 15:48:11
SHIB_20260905140330479797,2026-09-05 14:03:30,SHIB,1H,crypto,SYSTEM,0.09634388,0.09425418771305197,0.09843357228694805,0.10052326457389607,,5,TRENDING_UP,C — Low conviction,False,0.820262155217106,-0.5567397822437251,1.0,0.0,CLOSED,2026-09-06 15:03:06,0.09425418771305197,LOSS - SL HIT,-1.00,-1.08,0.77,24,,2026-09-06 14:48:09
TRX_20260905160342314397,2026-09-05 16:03:42,TRX,1H,crypto,SYSTEM,5873.8992,5815.160208,5932.638191999999,5991.377184,,5,SQUEEZE,D — Very low conviction,False,0.8333333333333334,-0.6812941877682026,1.0,1.0,CLOSED,2026-09-06 07:48:09,5815.160208,LOSS - SL HIT,-1.00,-1.00,0.00,12,,2026-09-06 07:28:48
TUT_20260905160343502995,2026-09-05 16:03:43,TUT,1H,crypto,SYSTEM,489.31584,443.24332656152467,535.3883534384753,581.4608668769506,,4,TRENDING_UP,D — Very low conviction,False,0.7049138722654281,-0.4421717646838171,1.0,0.0,CLOSED,2026-09-06 23:03:08,443.24332656152467,LOSS - SL HIT,-1.00,-1.08,0.66,30,,2026-09-06 22:48:10
UNI_20260905170334345014,2026-09-05 17:03:34,UNI,1H,crypto,SYSTEM,117697.25600000001,113096.04780120698,122298.46419879304,126899.67239758607,,9,TRENDING_UP,A — High conviction,False,0.8333333333333334,-0.5760697699038242,1.0,1.0,CLOSED,2026-09-05 20:27:23,122298.46419879304,WIN - TP1 HIT,1.00,0.00,1.45,1,,2026-09-05 18:03:13
BNB_20260905170335473747,2026-09-05 17:03:35,BNB,1H,crypto,SYSTEM,13613204.120000001,13354749.906927366,13871658.333072636,14130112.546145273,,8,TRENDING_UP,A — High conviction,False,0.8333333333333334,-0.8552212344830865,1.0,1.0,CLOSED,2026-09-06 03:33:10,13354749.906927366,LOSS - SL HIT,-1.00,-1.04,0.32,9,,2026-09-06 02:48:13
ADA_20260905180336055262,2026-09-05 18:03:36,ADA,1H,crypto,SYSTEM,3871.1115999999997,3788.0719236738237,3954.151276326176,4037.1909526523523,,9,TRENDING_UP,A — High conviction,False,0.875,-0.7289682666558878,1.0,1.0,CLOSED,2026-09-06 15:03:07,3788.0719236738237,LOSS - SL HIT,-1.00,-1.09,0.69,20,,2026-09-06 14:48:09
LTC_20260905180337288253,2026-09-05 18:03:37,LTC,1H,crypto,SYSTEM,963472.76,942989.1150383151,983956.404961685,1004440.0499233698,,9,TRENDING_UP,A — High conviction,False,0.875,-0.6419509610853688,1.0,1.0,CLOSED,2026-09-05 21:03:09,942989.1150383151,LOSS - SL HIT,-1.00,-1.00,0.00,2,,2026-09-05 20:48:10
SOL_20260905180338437893,2026-09-05 18:03:38,SOL,1H,crypto,SYSTEM,1828893.76,1807500.4769102898,1850287.0430897102,1871680.3261794203,,9,SQUEEZE,B — Moderate conviction,False,0.875,-0.6063750143686429,1.0,1.0,CLOSED,2026-09-06 04:18:08,1871680.3261794203,WIN - TP2 HIT,2.00,-0.97,2.42,9,,2026-09-06 03:48:11
DOGE_20260905180339612107,2026-09-05 18:03:39,DOGE,1H,crypto,SYSTEM,1637.7104000000002,1594.3945762625735,1681.0262237374268,1724.3420474748536,,8,TRENDING_UP,A — High conviction,False,0.8333333333333334,-0.8326560690636509,1.0,1.0,CLOSED,2026-09-05 20:27:23,1594.3945762625735,LOSS - SL HIT,-1.00,-1.14,0.00,1,,
ARB_20260905202755180088,2026-09-05 20:27:55,ARB,1H,crypto,SYSTEM,2902.8944,2765.4315192259623,3040.357280774038,3177.820161548076,,8,TRENDING_UP,A — High conviction,False,0.8333333333333334,-0.7698421567721623,1.0,1.0,CLOSED,2026-09-05 22:03:09,3040.357280774038,WIN - TP1 HIT,1.00,-0.63,1.16,1,,2026-09-05 21:48:10
UNI_20260905202756554054,2026-09-05 20:27:56,UNI,1H,crypto,SYSTEM,124444.904,118877.51326060102,130012.29473939897,135579.68547879797,,8,TRENDING_UP,A — High conviction,False,0.8333333333333334,-0.7788191039550968,1.0,1.0,CLOSED,2026-09-06 02:03:11,130012.29473939897,WIN - TP1 HIT,1.00,-0.18,1.26,5,,2026-09-06 01:48:12
XRP_20260905202757736721,2026-09-05 20:27:57,XRP,1H,crypto,SYSTEM,24848.565199999997,24530.312046351744,25166.81835364825,25485.071507296507,,3,SQUEEZE,D — Very low conviction,False,0.46785499070365605,-0.31008602452048645,-0.5,1.0,CLOSED,2026-09-06 07:28:47,24530.312046351744,LOSS - SL HIT,-1.00,-1.02,0.17,3,,2026-09-06 07:18:11
OP_20260905202759033366,2026-09-05 20:27:59,OP,1H,crypto,SYSTEM,1829.2452,1780.1229925662058,1878.3674074337944,1927.4896148675887,,2,TRENDING_UP,D — Very low conviction,False,0.807914358614928,-0.3433927505887941,1.0,0.0,CLOSED,2026-09-05 22:03:09,1927.4896148675887,WIN - TP2 HIT,2.00,-0.25,2.68,1,,2026-09-05 21:48:10
LINK_20260905210331044105,2026-09-05 21:03:31,LINK,1H,crypto,SYSTEM,211197.86800000002,207546.07677466449,214849.65922533555,218501.45045067108,,5,TRENDING_UP,C — Low conviction,False,0.7905150859803425,-0.3502079863452195,1.0,-1.0,CLOSED,2026-09-06 02:03:11,214849.65922533555,WIN - TP1 HIT,1.00,-0.24,1.70,4,,2026-09-06 01:48:12
PEPE_20260905210331992910,2026-09-05 21:03:31,PEPE,1H,crypto,SYSTEM,0.06378636,0.062039075128188466,0.06553364487181154,0.06728092974362307,,5,TRENDING_UP,C — Low conviction,False,0.4327482684574284,-0.2678493731346157,1.0,0.0,CLOSED,2026-09-06 15:03:07,0.062039075128188466,LOSS - SL HIT,-1.00,-1.04,0.56,17,,2026-09-06 14:48:09
ARB_20260905220329578593,2026-09-05 22:03:29,ARB,1H,crypto,SYSTEM,3025.8984,2830.969393619661,3220.827406380339,3415.7564127606784,,8,TRENDING_UP,A — High conviction,False,0.7739786260942337,-0.8434261852678633,1.0,1.0,CLOSED,2026-09-06 01:03:09,3415.7564127606784,WIN - TP2 HIT,2.00,0.00,2.15,2,,2026-09-06 00:48:10
ENA_20260905220330590613,2026-09-05 22:03:30,ENA,1H,crypto,SYSTEM,3039.9559999999997,2927.395549882479,3152.5164501175204,3265.0769002350407,,7,TRENDING_UP,B — Moderate conviction,False,0.8333333333333334,-0.5582367285465005,1.0,0.0,CLOSED,2026-09-06 01:03:09,3152.5164501175204,WIN - TP1 HIT,1.00,-0.48,1.36,2,,2026-09-06 00:48:10
ETH_20260905220331505834,2026-09-05 22:03:31,ETH,1H,crypto,SYSTEM,43748481.24,43310996.427600004,44185966.0524,44623450.8648,,7,SQUEEZE,C — Low conviction,False,0.875,-0.6009267669988216,1.0,1.0,CLOSED,2026-09-06 06:03:09,44185966.0524,WIN - TP1 HIT,1.00,-0.75,1.11,7,,2026-09-06 05:48:10
LTC_20260905230328920358,2026-09-05 23:03:28,LTC,1H,crypto,SYSTEM,964175.6399999999,941996.7318083876,986354.5481916122,1008533.4563832247,,7,TRENDING_UP,B — Moderate conviction,False,0.7956072923204882,-0.314419505451504,1.0,0.0,CLOSED,2026-09-06 07:48:10,941996.7318083876,LOSS - SL HIT,-1.00,-1.01,0.00,6,,2026-09-06 07:28:48
ENA_20260906010329457515,2026-09-06 01:03:29,ENA,1H,crypto,SYSTEM,3226.2192000000005,3089.000969061567,3363.437430938434,3500.6556618768673,,9,TRENDING_UP,A — High conviction,False,0.8333333333333334,-0.6173971749035401,1.0,1.0,CLOSED,2026-09-06 05:03:11,3089.000969061567,LOSS - SL HIT,-1.00,-1.20,0.27,3,,2026-09-06 04:33:12
ARB_20260906010330501526,2026-09-06 01:03:30,ARB,1H,crypto,SYSTEM,3408.9680000000003,3165.410907358618,3652.525092641383,3896.082185282765,,8,TRENDING_UP,A — High conviction,False,0.625,-0.8886075927101177,1.0,1.0,CLOSED,2026-09-06 23:18:08,3165.410907358618,LOSS - SL HIT,-1.00,-1.63,0.78,11,,2026-09-06 23:03:11
LINK_20260906020333266281,2026-09-06 02:03:33,LINK,1H,crypto,SYSTEM,218319.67500000002,214221.52693700037,222417.82306299967,226515.97112599935,,9,TRENDING_UP,A — High conviction,False,0.875,-0.6815490117546569,1.0,1.0,CLOSED,2026-09-06 04:18:10,214221.52693700037,LOSS - SL HIT,-1.00,-1.06,0.00,1,,2026-09-06 03:48:11
UNI_20260906020334329622,2026-09-06 02:03:34,UNI,1H,crypto,SYSTEM,129550.98300000001,123635.32004753887,135466.64595246114,141382.30890492228,,9,TRENDING_UP,A — High conviction,False,0.8333333333333334,-0.6534402764980397,1.0,1.0,CLOSED,2026-09-06 05:03:12,123635.32004753887,LOSS - SL HIT,-1.00,-1.04,0.00,2,,2026-09-06 04:33:12
ATOM_20260906033333421963,2026-09-06 03:33:33,ATOM,1H,crypto,SYSTEM,27821.376,27348.051952389455,28294.700047610546,28768.024095221088,,2,TRENDING_UP,D — Very low conviction,False,0.875,-0.6839752742240747,1.0,0.0,CLOSED,2026-09-06 07:48:10,27348.051952389455,LOSS - SL HIT,-1.00,-1.06,0.01,1,,2026-09-06 07:28:48
SOL_20260906041832753218,2026-09-06 04:18:32,SOL,1H,crypto,SYSTEM,1860027.6,1832461.8511177101,1887593.34888229,1915159.09776458,,9,TRENDING_UP,A — High conviction,False,0.8333333333333334,-0.6427724416241712,1.0,1.0,CLOSED,2026-09-06 08:18:11,1832461.8511177101,LOSS - SL HIT,-1.00,-1.04,0.32,3,,2026-09-06 07:48:11
DASH_20260906050333938899,2026-09-06 05:03:33,DASH,1H,crypto,SYSTEM,1306166.4000000001,1209714.7434966133,1402618.056503387,1499069.7130067737,,9,TRENDING_UP,A — High conviction,False,0.8333333333333334,-0.528572133361297,1.0,1.0,CLOSED,2026-09-06 08:18:11,1209714.7434966133,LOSS - SL HIT,-1.00,-1.15,0.60,2,,2026-09-06 07:48:11
ZEC_20260906050334968922,2026-09-06 05:03:34,ZEC,1H,crypto,SYSTEM,19970652.24,19128644.40413627,20812660.075863726,21654667.91172745,,8,TRENDING_UP,A — High conviction,False,0.875,-0.72146577642943,1.0,1.0,CLOSED,2026-09-06 10:03:08,20812660.075863726,WIN - TP1 HIT,1.00,0.00,1.69,4,,2026-09-06 09:48:10
DOGE_20260906060329890421,2026-09-06 06:03:29,DOGE,1H,crypto,SYSTEM,1604.68056,1562.8732285451167,1646.4878914548833,1688.2952229097668,,7,TRENDING_UP,B — Moderate conviction,False,0.6453822002609316,-0.19153156521582904,1.0,0.0,CLOSED,2026-09-06 10:03:09,1562.8732285451167,LOSS - SL HIT,-1.00,-1.36,0.00,3,,2026-09-06 09:48:10
LINK_20260906060331019398,2026-09-06 06:03:31,LINK,1H,crypto,SYSTEM,215289.38400000002,210816.80791394608,219761.96008605396,224234.5361721079,,7,TRENDING_UP,B — Moderate conviction,False,0.7887376658509803,-0.29390143797660045,1.0,0.0,CLOSED,2026-09-06 21:03:08,224234.5361721079,WIN - TP2 HIT,2.00,-0.73,3.46,14,,2026-09-06 20:48:10
PROM_20260906070331622762,2026-09-06 07:03:31,PROM,1H,crypto,SYSTEM,92691.016,87833.9884708164,97548.0435291836,102405.0710583672,,5,TRENDING_UP,C — Low conviction,False,0.7156568620402831,-0.09770685667095212,1.0,-1.0,CLOSED,2026-09-06 09:03:09,97548.0435291836,WIN - TP1 HIT,1.00,-0.03,1.02,1,,2026-09-06 08:48:10
TRX_20260906074832237768,2026-09-06 07:48:32,TRX,1H,crypto,SYSTEM,5825.578,5767.32222,5883.833780000001,5942.08956,,10,SQUEEZE,B — Moderate conviction,False,0.5008463161577772,0.10940957372083047,1.0,1.0,CLOSED,2026-09-06 13:33:12,5883.833780000001,WIN - TP1 HIT,1.00,0.00,1.00,5,,2026-09-06 13:18:11
ATOM_20260906074833351457,2026-09-06 07:48:33,ATOM,1H,crypto,SYSTEM,27669.312,27160.55601173062,28178.067988269384,28686.823976538766,,2,TRENDING_UP,D — Very low conviction,False,0.7667033087016912,-0.31079909663055766,1.0,-1.0,CLOSED,2026-09-06 10:03:09,28178.067988269384,WIN - TP1 HIT,1.00,0.00,1.15,2,,2026-09-06 09:48:10
NEAR_20260906090329647022,2026-09-06 09:03:29,NEAR,1H,crypto,SYSTEM,41070.504,39260.12178385201,42880.88621614799,44691.268432295976,,8,TRENDING_UP,A — High conviction,False,0.5738411977755432,-0.6501001453875047,1.0,1.0,CLOSED,2026-09-06 14:03:10,42880.88621614799,WIN - TP1 HIT,1.00,-0.08,1.28,4,,2026-09-06 13:48:11
PROM_20260906090330764222,2026-09-06 09:03:30,PROM,1H,crypto,SYSTEM,97299.024,91443.3678349973,103154.6801650027,109010.3363300054,,5,TRENDING_UP,C — Low conviction,False,0.8014555794738344,-0.4064526729936979,1.0,-1.0,CLOSED,2026-09-06 23:18:09,91443.3678349973,LOSS - SL HIT,-1.00,-1.55,0.00,3,,2026-09-06 23:03:11
BNB_20260906090331702774,2026-09-06 09:03:31,BNB,1H,crypto,SYSTEM,13288001.04,13097921.163909985,13478080.916090013,13668160.792180028,,4,NEUTRAL,D — Very low conviction,False,0.18553404694326955,0.5503417350233143,1.0,0.0,CLOSED,2026-09-06 15:03:07,13097921.163909985,LOSS - SL HIT,-1.00,-1.49,0.16,5,,2026-09-06 14:48:09
XRP_20260906100331427220,2026-09-06 10:03:31,XRP,1H,crypto,SYSTEM,24886.7567,24562.68722429768,25210.826175702325,25534.89565140465,,9,SQUEEZE,B — Moderate conviction,False,0.3798541489027664,-0.045052883639180974,1.0,1.0,CLOSED,2026-09-06 15:03:08,24562.68722429768,LOSS - SL HIT,-1.00,-1.07,0.49,4,,2026-09-06 14:48:09
SOL_20260906100332516440,2026-09-06 10:03:32,SOL,1H,crypto,SYSTEM,1869619.57,1837696.8633057727,1901542.2766942275,1933464.9833884547,,6,TRENDING_UP,B — Moderate conviction,False,0.8243211505476102,-0.3792211906425411,1.0,-1.0,CLOSED,2026-09-07 08:03:08,1837696.8633057727,LOSS - SL HIT,-1.00,-1.34,0.62,21,,2026-09-07 07:48:09
ATOM_20260906110331492447,2026-09-06 11:03:31,ATOM,1H,crypto,SYSTEM,27995.2,27449.838913116793,28540.56108688321,29085.922173766416,,2,TRENDING_UP,D — Very low conviction,False,0.7783279852726174,-0.5216685456817719,1.0,0.0,CLOSED,2026-09-06 15:03:08,27449.838913116793,LOSS - SL HIT,-1.00,-1.28,0.13,3,,2026-09-06 14:48:09
DOT_20260906110332494728,2026-09-06 11:03:32,DOT,1H,crypto,SYSTEM,17094.569,16625.150604555038,17563.98739544496,18033.40579088992,,2,TRENDING_UP,D — Very low conviction,False,0.875,-0.6935119004181911,1.0,0.0,CLOSED,2026-09-06 16:03:08,16625.150604555038,LOSS - SL HIT,-1.00,-1.03,0.69,4,,2026-09-06 15:48:11
ZEC_20260906120331271346,2026-09-06 12:03:31,ZEC,1H,crypto,SYSTEM,20663025.7,19698835.807513773,21627215.592486225,22591405.484972455,,2,TRENDING_UP,D — Very low conviction,False,0.875,-0.643408324236547,-0.5,0.0,CLOSED,2026-09-06 18:03:08,21627215.592486225,WIN - TP1 HIT,1.00,-0.93,1.17,5,,2026-09-06 17:48:16
AVAX_20260906130332081808,2026-09-06 13:03:32,AVAX,1H,crypto,SYSTEM,134751.87,132951.32302723947,136552.41697276052,138352.96394552104,,3,SQUEEZE,D — Very low conviction,False,0.658513283652342,-0.40057090865040185,1.0,1.0,CLOSED,2026-09-06 15:03:08,132951.32302723947,LOSS - SL HIT,-1.00,-1.41,0.07,1,,2026-09-06 14:48:09
PUMP_20260906130333245451,2026-09-06 13:03:33,PUMP,1H,crypto,SYSTEM,70.74035099999999,67.37650616960129,74.1041958303987,77.4680406607974,,2,NEUTRAL,D — Very low conviction,False,-0.12441496725134743,-0.1647495431183867,0.5,1.0,CLOSED,2026-09-06 17:03:08,67.37650616960129,LOSS - SL HIT,-1.00,-1.43,0.15,3,,2026-09-06 16:48:09
TRX_20260906133334125868,2026-09-06 13:33:34,TRX,1H,crypto,SYSTEM,5878.7376,5819.950224,5937.524976000001,5996.312352000001,,9,SQUEEZE,C — Low conviction,False,0.8333333333333334,-0.653842196999273,1.0,1.0,CLOSED,2026-09-07 07:48:07,5937.524976000001,WIN - TP1 HIT,1.00,0.00,1.01,16,,2026-09-07 07:33:09
NEAR_20260906140330774208,2026-09-06 14:03:30,NEAR,1H,crypto,SYSTEM,43509.12,41430.2541414006,45587.98585859941,47666.851717198806,,8,TRENDING_UP,A — High conviction,False,0.8249961351455446,-0.7272570503431743,1.0,1.0,CLOSED,2026-09-06 16:03:09,41430.2541414006,LOSS - SL HIT,-1.00,-1.16,0.00,1,,2026-09-06 15:48:11
TAO_20260906160328951987,2026-09-06 16:03:28,TAO,1H,crypto,SYSTEM,4366923.3,4232022.632699747,4501823.967300253,4636724.634600506,,9,TRENDING_UP,A — High conviction,False,0.7617575015158706,-0.6402814462090962,1.0,1.0,CLOSED,2026-09-06 18:03:09,4501823.967300253,WIN - TP1 HIT,1.00,-0.13,1.20,1,,2026-09-06 17:48:16
SUI_20260906170336968959,2026-09-06 17:03:36,SUI,1H,crypto,SYSTEM,14027.885100000001,13659.673866327883,14396.09633367212,14764.307567344238,,2,SQUEEZE,D — Very low conviction,False,0.36111436196635216,0.07608844661841947,1.0,1.0,CLOSED,2026-09-07 01:03:08,14396.09633367212,WIN - TP1 HIT,1.00,-0.26,1.17,7,,2026-09-07 00:48:10
UNI_20260906170337921731,2026-09-06 17:03:37,UNI,1H,crypto,SYSTEM,126600.39,121132.25758851638,132068.52241148363,137536.65482296725,,2,NEUTRAL,D — Very low conviction,False,0.6281674104481177,0.11510982564402544,1.0,0.0,CLOSED,2026-09-07 16:03:07,121132.25758851638,LOSS - SL HIT,-1.00,-1.33,0.53,22,,2026-09-07 15:48:10
RAY_20260906171832228450,2026-09-06 17:18:32,RAY,1H,crypto,SYSTEM,24622.2781,22454.11705320262,26790.43914679738,28958.60019359476,,5,TRENDING_UP,C — Low conviction,False,0.624729691277252,-0.5599737875532234,1.0,0.0,CLOSED,2026-09-06 20:03:09,22454.11705320262,LOSS - SL HIT,-1.00,-1.32,0.25,2,,2026-09-06 19:48:10
TAO_20260906180329222571,2026-09-06 18:03:29,TAO,1H,crypto,SYSTEM,4525469.7,4368408.270782306,4682531.1292176945,4839592.558435389,,5,TRENDING_UP,C — Low conviction,False,0.8333333333333334,-0.7725686183249595,1.0,0.0,CLOSED,2026-09-06 20:03:09,4682531.1292176945,WIN - TP1 HIT,1.00,-0.09,1.24,1,,2026-09-06 19:48:10
ZEC_20260906180330270113,2026-09-06 18:03:30,ZEC,1H,crypto,SYSTEM,21250566.099999998,20149191.06889981,22351941.131100185,23453316.162200373,,3,TRENDING_UP,D — Very low conviction,False,0.8352558371227389,-0.48803197727900355,1.0,-1.0,CLOSED,2026-09-07 16:03:08,20149191.06889981,LOSS - SL HIT,-1.00,-1.05,0.82,21,,2026-09-07 15:48:10
ADA_20260906190331299198,2026-09-06 19:03:31,ADA,1H,crypto,SYSTEM,3853.1028,3771.4428119495533,3934.762788050447,4016.4227761008938,,4,NEUTRAL,D — Very low conviction,False,0.6116547811665758,0.025234359338343827,1.0,0.0,CLOSED,2026-09-07 01:03:09,3934.762788050447,WIN - TP1 HIT,1.00,-0.11,1.50,5,,2026-09-07 00:48:10
DASH_20260906190332330615,2026-09-06 19:03:32,DASH,1H,crypto,SYSTEM,1231623.0599999998,1132448.6099014587,1330797.510098541,1429971.960197082,,2,NEUTRAL,D — Very low conviction,False,0.6739711657431461,0.11917320912443556,1.0,0.0,CLOSED,2026-09-07 19:03:07,1132448.6099014587,LOSS - SL HIT,-1.00,-1.19,0.46,23,,2026-09-07 18:48:08
TAO_20260906200332748707,2026-09-06 20:03:32,TAO,1H,crypto,SYSTEM,4706348.0,4532915.562561122,4879780.437438878,5053212.874877757,,7,TRENDING_UP,B — Moderate conviction,False,0.625,-0.832208193456532,1.0,1.0,CLOSED,2026-09-07 15:33:09,4879780.437438878,WIN - TP1 HIT,1.00,-0.71,1.00,6,,2026-09-07 15:18:11
DOT_20260906200334001599,2026-09-06 20:03:34,DOT,1H,crypto,SYSTEM,16946.364999999998,16426.6494120382,17466.080587961795,17985.79617592359,,2,TRENDING_UP,D — Very low conviction,False,0.6985150516880876,-0.1124850057514206,1.0,0.0,CLOSED,2026-09-07 01:03:09,17985.79617592359,WIN - TP2 HIT,2.00,0.00,2.16,4,,2026-09-07 00:48:10
ETH_20260906210333787241,2026-09-06 21:03:33,ETH,1H,crypto,SYSTEM,43977576.37,43537800.6063,44417352.1337,44857127.8974,,9,SQUEEZE,B — Moderate conviction,False,0.5883827957783088,-0.0905515865849182,1.0,1.0,CLOSED,2026-09-07 03:18:10,44417352.1337,WIN - TP1 HIT,1.00,-0.69,1.22,5,,2026-09-07 01:18:12
XRP_20260906210334941146,2026-09-06 21:03:34,XRP,1H,crypto,SYSTEM,24985.1238,24654.798314559765,25315.449285440238,25645.77477088047,,9,SQUEEZE,B — Moderate conviction,False,0.2371273590486857,-0.046049233099241645,1.0,1.0,CLOSED,2026-09-07 03:18:10,24654.798314559765,LOSS - SL HIT,-1.00,-1.09,0.14,4,,2026-09-07 01:18:12
LINK_20260906210336004000,2026-09-06 21:03:36,LINK,1H,crypto,SYSTEM,233447.396,227068.01461239322,239826.7773876068,246206.1587752136,,8,TRENDING_UP,A — High conviction,False,0.625,-0.7442881137801443,1.0,1.0,CLOSED,2026-09-06 23:03:10,227068.01461239322,LOSS - SL HIT,-1.00,-1.40,0.00,1,,2026-09-06 22:48:10
AVAX_20260906210337188319,2026-09-06 21:03:37,AVAX,1H,crypto,SYSTEM,137167.03,134890.38833745595,139443.67166254405,141720.3133250881,,3,SQUEEZE,D — Very low conviction,False,0.832248904896753,-0.5534261257068216,1.0,1.0,CLOSED,2026-09-07 01:03:10,139443.67166254405,WIN - TP1 HIT,1.00,-0.69,1.17,3,,2026-09-07 00:48:10
SHIB_20260906220333157662,2026-09-06 22:03:33,SHIB,1H,crypto,SYSTEM,0.09623428,0.09453489784588655,0.09793366215411346,0.0996330443082269,,10,SQUEEZE,B — Moderate conviction,False,0.7907180218899869,-0.16855322381183757,1.0,1.0,CLOSED,2026-09-07 10:33:08,0.09793366215411346,WIN - TP1 HIT,1.00,0.00,1.00,2,,2026-09-07 10:18:10
LINK_20260906230331643381,2026-09-06 23:03:31,LINK,1H,crypto,SYSTEM,230281.84000000003,222811.1701137823,237752.50988621774,245223.17977243545,,5,TRENDING_UP,C — Low conviction,False,0.6299556184754925,-0.6623822394286669,1.0,0.0,CLOSED,2026-09-07 06:03:06,237752.50988621774,WIN - TP1 HIT,1.00,-0.36,1.16,6,,2026-09-07 05:48:07
LTC_20260907010332578032,2026-09-07 01:03:32,LTC,1H,crypto,SYSTEM,971825.7400000001,951634.7373978776,992016.7426021226,1012207.745204245,,9,SQUEEZE,B — Moderate conviction,False,0.7968137106573433,-0.4979029779985556,1.0,1.0,CLOSED,2026-09-07 03:18:11,951634.7373978776,LOSS - SL HIT,-1.00,-1.05,0.00,1,,2026-09-07 01:18:12
ADA_20260907010333644302,2026-09-07 01:03:33,ADA,1H,crypto,SYSTEM,3933.664,3848.9610426360896,4018.366957363911,4103.069914727822,,7,TRENDING_UP,B — Moderate conviction,False,0.8254035861896941,-0.5468156966102506,1.0,0.0,CLOSED,2026-09-07 04:09:55,3848.9610426360896,LOSS - SL HIT,-1.00,-1.00,0.20,2,,2026-09-07 03:48:11
PEPE_20260907010334726704,2026-09-07 01:03:34,PEPE,1H,crypto,SYSTEM,0.06392204,0.06243109425948436,0.06541298574051564,0.06690393148103128,,5,TRENDING_UP,C — Low conviction,False,0.474472936972501,-0.2576544801255077,1.0,0.0,CLOSED,2026-09-07 08:03:09,0.06243109425948436,LOSS - SL HIT,-1.00,-1.21,0.33,6,,2026-09-07 07:48:09
OP_20260907010335777542,2026-09-07 01:03:35,OP,1H,crypto,SYSTEM,1952.7831999999999,1878.8924415314648,2026.673958468535,2100.56471693707,,4,TRENDING_UP,D — Very low conviction,False,0.5283414093719636,-0.19606854661354914,1.0,-1.0,CLOSED,2026-09-08 14:03:08,1878.8924415314648,LOSS - SL HIT,-1.00,-1.35,0.66,36,,2026-09-08 13:48:08
ETH_20260907031832877935,2026-09-07 03:18:32,ETH,1H,crypto,SYSTEM,43996521.08,43453380.11070641,44539662.049293585,45082803.01858717,,7,SQUEEZE,C — Low conviction,False,0.6734877521157128,-0.18873097028953048,1.0,1.0,CLOSED,2026-09-07 20:33:12,43453380.11070641,LOSS - SL HIT,-1.00,-1.00,0.55,12,,2026-09-07 20:18:10
LTC_20260907050326462294,2026-09-07 05:03:26,LTC,1H,crypto,SYSTEM,957352.34,935714.023858529,978990.6561414709,1000628.9722829418,,3,SQUEEZE,D — Very low conviction,False,0.3118625905873111,0.19150603123248225,1.0,0.0,CLOSED,2026-09-07 10:03:08,978990.6561414709,WIN - TP1 HIT,1.00,-0.14,1.50,4,,2026-09-07 09:48:09
LINK_20260907060327151317,2026-09-07 06:03:27,LINK,1H,crypto,SYSTEM,237087.973,228537.78164850187,245638.16435149813,254188.35570299625,,6,TRENDING_UP,B — Moderate conviction,False,0.7983540877551711,-0.596705692257626,1.0,1.0,CLOSED,2026-09-07 15:03:09,228537.78164850187,LOSS - SL HIT,-1.00,-1.18,0.12,8,,2026-09-07 14:48:09
PUMP_20260907060328161387,2026-09-07 06:03:28,PUMP,1H,crypto,SYSTEM,71.65200399999999,68.02118845833161,75.28281954166837,78.91363508333677,,3,TRENDING_UP,D — Very low conviction,False,0.44978534076770704,-0.21602179529197774,1.0,0.0,CLOSED,2026-09-07 11:03:08,75.28281954166837,WIN - TP1 HIT,1.00,-0.33,1.85,4,,2026-09-07 10:48:09
ATOM_20260907060329091885,2026-09-07 06:03:29,ATOM,1H,crypto,SYSTEM,27968.189,27417.931578724554,28518.446421275443,29068.703842550887,,2,SQUEEZE,D — Very low conviction,False,0.4372658731934247,0.034578773442143475,1.0,1.0,CLOSED,2026-09-07 08:03:10,28518.446421275443,WIN - TP1 HIT,1.00,0.00,1.37,1,,2026-09-07 07:48:09
WLD_20260907073331101431,2026-09-07 07:33:31,WLD,1H,crypto,SYSTEM,7723.769,7422.152958987241,8025.38504101276,8327.00108202552,,7,TRENDING_UP,B — Moderate conviction,False,0.875,-0.5909148907539428,1.0,1.0,CLOSED,2026-09-07 09:03:08,8025.38504101276,WIN - TP1 HIT,1.00,0.00,1.59,1,,2026-09-07 08:48:09
ATOM_20260907080331033522,2026-09-07 08:03:31,ATOM,1H,crypto,SYSTEM,28598.375,28008.98504662532,29187.76495337468,29777.154906749358,,2,SQUEEZE,D — Very low conviction,False,0.812690857978021,-0.5127903537876775,1.0,1.0,CLOSED,2026-09-07 13:03:09,29187.76495337468,WIN - TP1 HIT,1.00,-0.47,1.50,4,,2026-09-07 12:48:09
TRX_20260907090328593732,2026-09-07 09:03:28,TRX,1H,crypto,SYSTEM,5929.103099999999,5869.812069,5988.394130999999,6047.685162,,7,SQUEEZE,C — Low conviction,False,0.7770047015655563,-0.3646534263668895,1.0,1.0,CLOSED,2026-09-08 01:33:06,5869.812069,LOSS - SL HIT,-1.00,-1.03,0.00,6,,2026-09-08 01:18:09
WLD_20260907090329591827,2026-09-07 09:03:29,WLD,1H,crypto,SYSTEM,7958.2678,7594.952069669308,8321.583530330692,8684.899260661383,,3,TRENDING_UP,D — Very low conviction,False,0.625,-0.7408811431130142,1.0,0.0,CLOSED,2026-09-07 15:03:09,8321.583530330692,WIN - TP1 HIT,1.00,-0.48,1.24,5,,2026-09-07 14:48:09
LTC_20260907100329078613,2026-09-07 10:03:29,LTC,1H,crypto,SYSTEM,984720.0,961344.920185712,1008095.079814288,1031470.1596285758,,2,TRENDING_UP,D — Very low conviction,False,0.696171546755922,-0.3612295552098877,1.0,-1.0,CLOSED,2026-09-07 13:03:10,1031470.1596285758,WIN - TP2 HIT,2.00,-0.19,2.51,2,,2026-09-07 12:48:09
PUMP_20260907110329435343,2026-09-07 11:03:29,PUMP,1H,crypto,SYSTEM,77.94195,73.44592460156369,82.43797539843632,86.93400079687264,,6,TRENDING_UP,C — Low conviction,False,0.625,-0.5927358796556127,1.0,1.0,CLOSED,2026-09-08 03:03:07,82.43797539843632,WIN - TP1 HIT,1.00,-0.43,1.30,3,,2026-09-08 02:48:11
PEPE_20260907130332791976,2026-09-07 13:03:32,PEPE,1H,crypto,SYSTEM,0.0651311,0.06326843444951043,0.06699376555048957,0.06885643110097914,,11,TRENDING_UP,A — High conviction,False,0.823546199886146,-0.4763706681708755,1.0,1.0,CLOSED,2026-09-07 16:03:09,0.06326843444951043,LOSS - SL HIT,-1.00,-1.38,0.00,2,,2026-09-07 15:48:10
LTC_20260907130334383990,2026-09-07 13:03:34,LTC,1H,crypto,SYSTEM,1037344.79,1006990.5168753843,1067699.063124616,1098053.3362492316,,9,TRENDING_UP,A — High conviction,False,0.625,-0.7132458711477396,1.0,1.0,CLOSED,2026-09-07 15:03:10,1006990.5168753843,LOSS - SL HIT,-1.00,-1.57,0.00,1,,2026-09-07 14:48:09
SOL_20260907130335543265,2026-09-07 13:03:35,SOL,1H,crypto,SYSTEM,1859052.83,1828631.8188240863,1889473.8411759138,1919894.8523518275,,7,SQUEEZE,C — Low conviction,False,0.25949681866554386,0.03515939446800256,1.0,1.0,CLOSED,2026-09-07 16:03:09,1828631.8188240863,LOSS - SL HIT,-1.00,-1.46,0.00,2,,2026-09-07 15:48:10
XRP_20260907130336738978,2026-09-07 13:03:36,XRP,1H,crypto,SYSTEM,24816.7094,24416.563312910617,25216.855487089382,25617.001574178765,,7,SQUEEZE,C — Low conviction,False,-0.11170715102774394,0.1373926089769831,0.5,1.0,CLOSED,2026-09-07 16:03:09,24416.563312910617,LOSS - SL HIT,-1.00,-1.32,0.00,2,,2026-09-07 15:48:10
AVAX_20260907140332065345,2026-09-07 14:03:32,AVAX,1H,crypto,SYSTEM,142045.88199999998,138526.329966549,145565.43403345096,149084.9860669019,,5,TRENDING_UP,C — Low conviction,False,0.8657961395942319,-0.5624189169833516,1.0,0.0,CLOSED,2026-09-08 14:03:08,138526.329966549,LOSS - SL HIT,-1.00,-1.20,0.65,23,,2026-09-08 13:48:08
WLD_20260907150328717817,2026-09-07 15:03:28,WLD,1H,crypto,SYSTEM,8238.0919,7824.407623698144,8651.776176301855,9065.460452603711,,7,TRENDING_UP,B — Moderate conviction,False,0.7859995092760121,-0.6791869119150244,1.0,1.0,CLOSED,2026-09-08 01:03:10,8651.776176301855,WIN - TP1 HIT,1.00,-0.63,1.07,9,,2026-09-08 00:48:10
ATOM_20260907150329800595,2026-09-07 15:03:29,ATOM,1H,crypto,SYSTEM,29355.131999999998,28641.161575482467,30069.10242451753,30783.072849035056,,2,TRENDING_UP,D — Very low conviction,False,0.875,-0.6238813192463376,1.0,0.0,CLOSED,2026-09-07 23:03:09,28641.161575482467,LOSS - SL HIT,-1.00,-1.48,0.05,7,,2026-09-07 22:48:08
WLD_20260908010331486883,2026-09-08 01:03:31,WLD,1H,crypto,SYSTEM,8714.635199999999,8280.772730080069,9148.497669919929,9582.360139839857,,9,TRENDING_UP,A — High conviction,False,0.8333333333333334,-0.6987548852294432,1.0,1.0,CLOSED,2026-09-08 05:03:07,8280.772730080069,LOSS - SL HIT,-1.00,-1.20,0.00,3,,2026-09-08 04:48:09
BTC_20260908010332523211,2026-09-08 01:03:32,BTC,1H,crypto,SYSTEM,1397301120.0,1383328108.8,1411274131.2,1425247142.4,,7,SQUEEZE,C — Low conviction,False,-0.3328615118995951,0.057198529196062636,0.5,1.0,CLOSED,2026-09-08 05:18:07,1383328108.8,LOSS - SL HIT,-1.00,-1.01,0.01,3,,2026-09-08 05:03:09
XRP_20260908010333521183,2026-09-08 01:03:33,XRP,1H,crypto,SYSTEM,24683.5392,24302.577560685975,25064.500839314023,25445.462478628047,,7,SQUEEZE,C — Low conviction,False,-0.1940175824825081,0.06330369489293815,0.5,1.0,CLOSED,2026-09-08 08:48:12,24302.577560685975,LOSS - SL HIT,-1.00,-1.06,0.13,5,,2026-09-08 08:33:12
DOGE_20260908010334498219,2026-09-08 01:03:34,DOGE,1H,crypto,SYSTEM,1608.3408000000002,1572.929329750841,1643.7522702491594,1679.1637404983187,,5,TRENDING_UP,C — Low conviction,False,0.7236680631285172,-0.23368654685126378,1.0,-1.0,CLOSED,2026-09-08 06:03:08,1572.929329750841,LOSS - SL HIT,-1.00,-1.02,0.05,4,,2026-09-08 05:48:09
NEAR_20260908010335476227,2026-09-08 01:03:35,NEAR,1H,crypto,SYSTEM,41626.608,39931.73751627724,43321.47848372276,45016.348967445534,,4,RANGING,D — Very low conviction,False,0.07686837344643158,0.03503593194233905,0.0,1.0,CLOSED,2026-09-08 05:03:08,39931.73751627724,LOSS - SL HIT,-1.00,-1.23,0.00,3,,2026-09-08 04:48:09
ETH_20260908020325125724,2026-09-08 02:03:25,ETH,1H,crypto,SYSTEM,43980061.8,43500156.7077949,44459966.8922051,44939871.98441019,,10,SQUEEZE,B — Moderate conviction,False,0.6692989718313861,-0.16620993585779037,1.0,1.0,CLOSED,2026-09-08 06:03:08,43500156.7077949,LOSS - SL HIT,-1.00,-1.00,0.00,3,,2026-09-08 05:48:09
SOL_20260908020326006906,2026-09-08 02:03:26,SOL,1H,crypto,SYSTEM,1832890.8,1806478.9645504612,1859302.635449539,1885714.470899078,,5,SQUEEZE,D — Very low conviction,False,-0.1288622436990176,0.14233397039315837,0.5,1.0,CLOSED,2026-09-08 05:18:08,1806478.9645504612,LOSS - SL HIT,-1.00,-1.01,0.00,1,,2026-09-08 05:03:09
BNB_20260908040324304398,2026-09-08 04:03:24,BNB,1H,crypto,SYSTEM,13084016.0,12938724.72826672,13229307.27173328,13374598.54346656,,7,SQUEEZE,C — Low conviction,False,-0.17017033014585112,-0.016659701283068342,0.5,1.0,CLOSED,2026-09-08 06:03:08,13229307.27173328,WIN - TP1 HIT,1.00,0.00,1.30,1,,2026-09-08 05:48:09
TRX_20260908040325142896,2026-09-08 04:03:25,TRX,1H,crypto,SYSTEM,5897.76,5838.7824,5956.7376,6015.715200000001,,7,SQUEEZE,C — Low conviction,False,0.21717720991710704,0.003556197774500492,1.0,1.0,CLOSED,2026-09-08 07:18:09,5838.7824,LOSS - SL HIT,-1.00,-3.17,0.28,1,,2026-09-08 07:03:12
UNI_20260908040325965007,2026-09-08 04:03:25,UNI,1H,crypto,SYSTEM,123411.2,118612.91758263014,128209.48241736986,133007.7648347397,,2,NEUTRAL,D — Very low conviction,False,0.10369270835237525,0.0033296442259809836,1.0,1.0,CLOSED,2026-09-08 22:03:07,118612.91758263014,LOSS - SL HIT,-1.00,-1.23,0.72,17,,2026-09-08 21:48:10
SOPH_20260908053325081606,2026-09-08 05:33:25,SOPH,1H,crypto,SYSTEM,198.93159,179.0637940333903,218.7993859666097,238.66718193321938,,5,TRENDING_UP,C — Low conviction,False,0.625,-0.902793142757046,1.0,1.0,CLOSED,2026-09-08 07:03:12,179.0637940333903,LOSS - SL HIT,-1.00,-1.46,0.00,1,,2026-09-08 06:48:07
BNB_20260908060326024626,2026-09-08 06:03:26,BNB,1H,crypto,SYSTEM,13190703.61,13026596.248170685,13354810.971829314,13518918.33365863,,7,SQUEEZE,C — Low conviction,False,0.8492235954103377,-0.6151322321944328,1.0,1.0,CLOSED,2026-09-08 09:03:10,13354810.971829314,WIN - TP1 HIT,1.00,-0.24,1.25,2,,2026-09-08 08:48:12
SOPH_20260908070331745312,2026-09-08 07:03:31,SOPH,1H,crypto,SYSTEM,180.359,153.80203007397077,206.91596992602925,233.4729398520585,,3,TRENDING_UP,D — Very low conviction,False,0.6523258850362491,-0.8919253602141508,1.0,0.0,CLOSED,2026-09-08 10:03:08,233.4729398520585,WIN - TP2 HIT,2.00,-0.35,2.40,2,,2026-09-08 09:48:09
TRX_20260908084831089599,2026-09-08 08:48:31,TRX,1H,crypto,SYSTEM,5942.04,5882.6196,6001.4604,6060.8808,,5,SQUEEZE,D — Very low conviction,False,0.875,-0.7309255257305919,1.0,1.0,CLOSED,2026-09-14 07:22:54,6001.4604,WIN - TP1 HIT,1.00,-0.83,1.83,93,0.60,2026-09-11 01:53:02
WLD_20260908084832074783,2026-09-08 08:48:32,WLD,1H,crypto,SYSTEM,8369.838,7927.7956481439705,8811.880351856029,9253.922703712058,,2,NEUTRAL,D — Very low conviction,False,0.598783841174471,-0.04720517495005921,1.0,0.0,CLOSED,2026-09-09 01:03:07,7927.7956481439705,LOSS - SL HIT,-1.00,-1.08,0.75,16,,2026-09-09 00:48:09
BNB_20260908090328607794,2026-09-08 09:03:28,BNB,1H,crypto,SYSTEM,13256149.57,13067917.432361737,13444381.707638264,13632613.845276527,,5,TRENDING_UP,C — Low conviction,False,0.7425433237964173,-0.5808466373854108,1.0,0.0,CLOSED,2026-09-08 14:03:09,13067917.432361737,LOSS - SL HIT,-1.00,-1.01,0.47,4,,2026-09-08 13:48:08
ATOM_20260908090329623480,2026-09-08 09:03:29,ATOM,1H,crypto,SYSTEM,29239.566,28590.34303758792,29888.788962412076,30538.011924824154,,2,TRENDING_UP,D — Very low conviction,False,0.7210461988856698,-0.3454266055486695,1.0,0.0,CLOSED,2026-09-08 12:18:09,29888.788962412076,WIN - TP1 HIT,1.00,-0.16,1.00,2,,2026-09-08 12:03:08
SOPH_20260908100326696197,2026-09-08 10:03:26,SOPH,1H,crypto,SYSTEM,229.84731,195.92600904941042,263.76861095058956,297.68991190117913,,8,TRENDING_UP,A — High conviction,False,0.8333333333333334,-0.8646243548630898,1.0,1.0,CLOSED,2026-09-08 12:03:08,195.92600904941042,LOSS - SL HIT,-1.00,-2.17,0.00,1,,2026-09-08 11:48:08
XRP_20260908100327724433,2026-09-08 10:03:27,XRP,1H,crypto,SYSTEM,24580.8441,24216.03149797966,24945.656702020337,25310.46930404067,,7,SQUEEZE,C — Low conviction,False,-0.1179838943795487,0.08939153469578098,0.5,1.0,CLOSED,2026-09-08 15:03:09,24945.656702020337,WIN - TP1 HIT,1.00,-0.58,1.12,4,,2026-09-08 14:48:08
ETH_20260908100328765390,2026-09-08 10:03:28,ETH,1H,crypto,SYSTEM,43731040.68,43230904.41619328,44231176.94380672,44731313.207613446,,5,SQUEEZE,D — Very low conviction,False,-0.030769001510606492,0.12755236381346527,0.0,1.0,CLOSED,2026-09-08 14:03:09,43230904.41619328,LOSS - SL HIT,-1.00,-1.51,0.00,3,,2026-09-08 13:48:08
ATOM_20260908121827766893,2026-09-08 12:18:27,ATOM,1H,crypto,SYSTEM,30189.078,29484.265448833256,30893.890551166747,31598.703102333493,,2,TRENDING_UP,D — Very low conviction,False,0.6249999999999987,-0.7010036955614133,1.0,0.0,CLOSED,2026-09-08 15:03:09,30893.890551166747,WIN - TP1 HIT,1.00,-0.15,1.55,2,,2026-09-08 14:48:08
LTC_20260908130328629388,2026-09-08 13:03:28,LTC,1H,crypto,SYSTEM,974921.9,952062.2766936052,997781.5233063948,1020641.1466127897,,7,SQUEEZE,C — Low conviction,False,0.12626934758121147,-0.03628104838567888,1.0,1.0,CLOSED,2026-09-08 19:03:07,952062.2766936052,LOSS - SL HIT,-1.00,-1.19,0.00,5,,2026-09-08 18:48:10
PEPE_20260908130329581457,2026-09-08 13:03:29,PEPE,1H,crypto,SYSTEM,0.06399848,0.062138564022461026,0.06585839597753897,0.06771831195507794,,7,SQUEEZE,C — Low conviction,False,0.4313218810260542,-0.08212322481959412,1.0,1.0,CLOSED,2026-09-09 01:03:08,0.06585839597753897,WIN - TP1 HIT,1.00,-0.44,1.27,11,,2026-09-09 00:48:09
DOT_20260908150333575085,2026-09-08 15:03:33,DOT,1H,crypto,SYSTEM,19832.237999999998,18889.332014578595,20775.1439854214,21718.049970842803,,10,TRENDING_UP,A — High conviction,False,0.8002861846626518,-0.5359887211551342,1.0,1.0,CLOSED,2026-09-08 17:38:16,20775.1439854214,WIN - TP1 HIT,1.00,0.00,1.37,1,,2026-09-08 16:48:11
ETH_20260908150334721363,2026-09-08 15:03:34,ETH,1H,crypto,SYSTEM,43829598.24,43254249.3655347,44404947.1144653,44980295.988930605,,9,SQUEEZE,B — Moderate conviction,False,-0.1035701555476642,0.20730178582976932,0.5,1.0,CLOSED,2026-09-09 20:03:12,43254249.3655347,LOSS - SL HIT,-1.00,-1.22,0.63,28,,2026-09-09 19:48:10
XRP_20260908150335842941,2026-09-08 15:03:35,XRP,1H,crypto,SYSTEM,24932.9628,24518.560033680027,25347.365566319975,25761.76833263995,,9,SQUEEZE,C — Low conviction,False,0.8528841942415794,-0.542149185124089,1.0,1.0,CLOSED,2026-09-08 17:38:16,25347.365566319975,WIN - TP1 HIT,1.00,0.00,1.45,1,,2026-09-08 16:48:11
ADA_20260908160333171685,2026-09-08 16:03:33,ADA,1H,crypto,SYSTEM,4072.9064,3950.400361579419,4195.412438420581,4317.9184768411615,,9,TRENDING_UP,A — High conviction,False,0.75,-0.5509195298656772,1.0,1.0,CLOSED,2026-09-08 18:03:12,3950.400361579419,LOSS - SL HIT,-1.00,-1.13,0.00,1,,2026-09-08 17:48:08
ATOM_20260908160334241815,2026-09-08 16:03:34,ATOM,1H,crypto,SYSTEM,31758.448,30703.196586773563,32813.69941322644,33868.95082645288,,8,TRENDING_UP,A — High conviction,False,0.8154707507381815,-0.7044743582455781,1.0,1.0,CLOSED,2026-09-08 23:03:10,32813.69941322644,WIN - TP1 HIT,1.00,-0.34,1.20,6,,2026-09-08 22:48:09
NEAR_20260908160335402964,2026-09-08 16:03:35,NEAR,1H,crypto,SYSTEM,42544.336,40779.74998546232,44308.92201453769,46073.50802907537,,8,TRENDING_UP,A — High conviction,False,0.9449368083875075,-0.46469698328786874,1.0,0.0,CLOSED,2026-09-08 20:18:08,40779.74998546232,LOSS - SL HIT,-1.00,-1.02,0.00,3,,2026-09-08 20:03:10
XRP_20260908173843033693,2026-09-08 17:38:43,XRP,1H,crypto,SYSTEM,25204.631999999998,24730.76356706692,25678.500432933077,26152.36886586616,,9,TRENDING_UP,A — High conviction,False,0.875,-0.6821720915349317,1.0,1.0,CLOSED,2026-09-09 06:03:10,24730.76356706692,LOSS - SL HIT,-1.00,-1.01,0.30,8,,2026-09-09 05:48:12
ZEC_20260908173844198346,2026-09-08 17:38:44,ZEC,1H,crypto,SYSTEM,20818110.78,19945883.006379317,21690338.553620685,22562566.32724137,,6,TRENDING_UP,B — Moderate conviction,False,0.6288715071066551,-0.5971702252993961,1.0,1.0,CLOSED,2026-09-09 05:03:10,21690338.553620685,WIN - TP1 HIT,1.00,-0.84,1.56,11,,2026-09-09 04:48:12
SOL_20260908173845329820,2026-09-08 17:38:45,SOL,1H,crypto,SYSTEM,1829975.97,1799156.6174831092,1860795.3225168907,1891614.6750337817,,3,SQUEEZE,D — Very low conviction,False,-0.06066662569940638,-0.19227356445235708,0.0,1.0,CLOSED,2026-09-09 16:03:06,1799156.6174831092,LOSS - SL HIT,-1.00,-1.33,0.45,22,,2026-09-09 15:48:08
PUMP_20260908174825455172,2026-09-08 17:48:25,PUMP,1H,crypto,SYSTEM,76.705629,72.67918501069728,80.73207298930272,84.75851697860543,,3,TRENDING_UP,D — Very low conviction,False,0.3633839805373633,-0.09945482652072324,1.0,-1.0,CLOSED,2026-09-09 14:32:54,80.73207298930272,WIN - TP1 HIT,1.00,-0.54,1.03,18,,2026-09-09 06:18:11
DOT_20260908180347218232,2026-09-08 18:03:47,DOT,1H,crypto,SYSTEM,21763.778000000002,20666.8994953946,22860.656504605406,23957.535009210806,,7,TRENDING_UP,B — Moderate conviction,False,0.7113978918146833,-0.7941805746352135,1.0,1.0,CLOSED,2026-09-09 14:32:54,20666.8994953946,LOSS - SL HIT,-1.00,-1.07,0.67,12,,2026-09-09 06:18:11
ATOM_20260908230333530917,2026-09-08 23:03:33,ATOM,1H,crypto,SYSTEM,32632.24,31588.132604114802,33676.347395885205,34720.454791770404,,2,TRENDING_UP,D — Very low conviction,False,0.8333333333333334,-0.6936567483760903,-0.5,0.0,CLOSED,2026-09-09 05:33:11,31588.132604114802,LOSS - SL HIT,-1.00,-1.01,0.38,4,,2026-09-09 05:18:12
DOGE_20260909010329141843,2026-09-09 01:03:29,DOGE,1H,crypto,SYSTEM,1592.096,1558.9951469263551,1625.196853073645,1658.29770614729,,9,SQUEEZE,B — Moderate conviction,False,0.4502154496652436,-0.21590728007948368,1.0,1.0,CLOSED,2026-09-09 16:03:07,1558.9951469263551,LOSS - SL HIT,-1.00,-1.45,0.40,14,,2026-09-09 15:48:08
PEPE_20260909010330366851,2026-09-09 01:03:30,PEPE,1H,crypto,SYSTEM,0.064944,0.06290281702092311,0.0669851829790769,0.06902636595815378,,5,TRENDING_UP,C — Low conviction,False,0.565561445599898,-0.468025978880068,1.0,-1.0,CLOSED,2026-09-09 16:03:07,0.06290281702092311,LOSS - SL HIT,-1.00,-1.34,0.30,14,,2026-09-09 15:48:08
NEAR_20260909010331441515,2026-09-09 01:03:31,NEAR,1H,crypto,SYSTEM,41184.0,39531.50684527186,42836.49315472814,44488.986309456275,,3,NEUTRAL,D — Very low conviction,False,0.41272947046836994,0.042299482427159495,1.0,0.0,CLOSED,2026-09-09 14:32:55,39531.50684527186,LOSS - SL HIT,-1.00,-1.00,0.00,2,,2026-09-09 06:18:11
BTC_20260909020329256187,2026-09-09 02:03:29,BTC,1H,crypto,SYSTEM,1386482328.0,1372617504.72,1400347151.28,1414211974.56,,9,SQUEEZE,C — Low conviction,False,0.18637582388149274,-0.19507316905446323,1.0,1.0,CLOSED,2026-09-09 16:03:07,1372617504.72,LOSS - SL HIT,-1.00,-1.33,0.82,13,,2026-09-09 15:48:08
UNI_20260909040329405194,2026-09-09 04:03:29,UNI,1H,crypto,SYSTEM,120020.67000000001,116275.44406056327,123765.89593943676,127511.12187887351,,4,RANGING,D — Very low conviction,False,-0.4644519089193926,0.23225765035811707,0.5,1.0,CLOSED,2026-09-09 14:32:56,116275.44406056327,LOSS - SL HIT,-1.00,-1.26,0.50,6,,2026-09-09 06:18:11
BNB_20260909050332635719,2026-09-09 05:03:32,BNB,1H,crypto,SYSTEM,13232389.11,13060074.722796347,13404703.497203652,13577017.884407304,,9,SQUEEZE,B — Moderate conviction,False,0.42695155465643814,-0.09750005089156853,1.0,1.0,CLOSED,2026-09-09 14:32:56,13060074.722796347,LOSS - SL HIT,-1.00,-1.04,0.25,8,,2026-09-09 06:18:11
ATOM_20260909053332479115,2026-09-09 05:33:32,ATOM,1H,crypto,SYSTEM,32243.023999999998,31140.09108109051,33345.956918909484,34448.88983781897,,7,TRENDING_UP,B — Moderate conviction,False,0.8333333333333334,-0.3508999226787453,1.0,0.0,CLOSED,2026-09-09 14:32:56,34448.88983781897,WIN - TP2 HIT,2.00,-0.12,2.19,3,,2026-09-09 06:18:11
ZEC_20260909143315169914,2026-09-09 14:33:15,ZEC,1H,crypto,SYSTEM,22562606.4,21655854.10466253,23469358.695337467,24376110.99067493,,8,TRENDING_UP,A — High conviction,False,0.830638962774261,-0.548261082336146,1.0,0.0,CLOSED,2026-09-09 21:03:09,21655854.10466253,LOSS - SL HIT,-1.00,-1.06,0.13,6,,2026-09-09 20:48:09
ATOM_20260909143316132883,2026-09-09 14:33:16,ATOM,1H,crypto,SYSTEM,33585.840000000004,31970.754485493424,35200.92551450658,36816.01102901316,,5,TRENDING_UP,C — Low conviction,False,0.47078719178617273,-0.18109451960379622,1.0,0.0,CLOSED,2026-09-10 05:03:05,31970.754485493424,LOSS - SL HIT,-1.00,-1.05,0.00,14,,2026-09-10 04:48:06
LTC_20260909150326186330,2026-09-09 15:03:26,LTC,1H,crypto,SYSTEM,948695.22,929826.2151938411,967564.2248061588,986433.2296123178,,9,SQUEEZE,B — Moderate conviction,False,-0.4016161265883784,0.08188618236091372,0.5,1.0,CLOSED,2026-09-09 23:03:08,929826.2151938411,LOSS - SL HIT,-1.00,-1.57,0.42,7,,2026-09-09 22:48:08
NEAR_20260909150327512547,2026-09-09 15:03:27,NEAR,1H,crypto,SYSTEM,45559.8,43322.941979542746,47796.65802045726,50033.516040914525,,8,TRENDING_UP,A — High conviction,False,0.875,-0.5860306233602052,1.0,0.0,CLOSED,2026-09-09 22:03:09,43322.941979542746,LOSS - SL HIT,-1.00,-1.26,0.40,6,,2026-09-09 21:48:08
PUMP_20260909150328836658,2026-09-09 15:03:28,PUMP,1H,crypto,SYSTEM,80.92121399999999,76.58580224703752,85.25662575296246,89.59203750592494,,5,TRENDING_UP,C — Low conviction,False,0.7489616908151717,-0.4144595986677729,1.0,-1.0,CLOSED,2026-09-09 20:03:13,76.58580224703752,LOSS - SL HIT,-1.00,-1.17,1.00,4,,2026-09-09 19:48:10
TAO_20260909150330270251,2026-09-09 15:03:30,TAO,1H,crypto,SYSTEM,4573503.0,4402783.311645449,4744222.688354551,4914942.376709101,,4,TRENDING_UP,D — Very low conviction,False,0.1967776573850719,-0.12448310334938767,1.0,0.0,CLOSED,2026-09-09 23:03:08,4402783.311645449,LOSS - SL HIT,-1.00,-1.08,0.14,7,,2026-09-09 22:48:08
HOLO_20260909160326872620,2026-09-09 16:03:26,HOLO,1H,crypto,SYSTEM,1160.2212,1129.5969580142241,1190.8454419857758,1221.4696839715516,,3,TRENDING_UP,D — Very low conviction,False,0.19805427854340074,0.16158408572899527,1.0,0.0,CLOSED,2026-09-09 23:03:08,1129.5969580142241,LOSS - SL HIT,-1.00,-2.00,0.01,6,,2026-09-09 22:48:08
IOST_20260909184828546847,2026-09-09 18:48:28,IOST,1H,crypto,SYSTEM,36.897119999999994,31.85510836941171,41.93913163058828,46.981143261176555,,5,TRENDING_UP,C — Low conviction,False,0.6858026440639804,-0.9047561497504919,1.0,0.0,CLOSED,2026-09-09 22:03:10,41.93913163058828,WIN - TP1 HIT,1.00,-0.87,1.19,3,,2026-09-09 21:48:08
IOST_20260909220328907263,2026-09-09 22:03:28,IOST,1H,crypto,SYSTEM,40.596157,33.98754218467664,47.204771815323355,53.81338663064672,,6,TRENDING_UP,B — Moderate conviction,False,0.8333333333333334,-0.7741483523405216,1.0,1.0,CLOSED,2026-09-10 00:03:08,33.98754218467664,LOSS - SL HIT,-1.00,-1.32,0.00,1,,2026-09-09 23:48:08
NEAR_20260910041834872555,2026-09-10 04:18:34,NEAR,1H,crypto,SYSTEM,44434.95,42251.27152951476,46618.62847048524,48802.30694097048,,4,NEUTRAL,D — Very low conviction,False,0.5648608815148505,0.13869413196937555,1.0,0.0,CLOSED,2026-09-10 08:03:06,42251.27152951476,LOSS - SL HIT,-1.00,-1.19,0.00,3,,2026-09-10 07:48:07
ATOM_20260910050327736064,2026-09-10 05:03:27,ATOM,1H,crypto,SYSTEM,32082.488999999998,30583.682517073346,33581.295482926645,35080.1019658533,,4,RANGING,D — Very low conviction,False,-0.7161885824043047,0.1863584140438982,-1.0,1.0,CLOSED,2026-09-14 07:22:55,30583.682517073346,LOSS - SL HIT,-1.00,-1.26,0.34,29,-1.09,2026-09-11 01:53:02
LTC_20260911015325393585,2026-09-11 01:53:25,LTC,1H,crypto,SYSTEM,930546.66,913281.8797874862,947811.4402125139,965076.2204250279,1650000.0,7,SQUEEZE,C — Low conviction,False,-0.4235913385934147,-0.058538802121745726,0.5,1.0,CLOSED,2026-09-14 07:22:55,947811.4402125139,WIN - TP1 HIT,1.00,-1.00,1.36,12,0.78,2026-09-11 09:33:04
DOT_20260911015326615781,2026-09-11 01:53:26,DOT,1H,crypto,SYSTEM,19599.716,18910.840556470335,20288.591443529665,20977.46688705933,1650000.0,6,TRENDING_UP,B — Moderate conviction,False,0.7312469085435792,-0.39330499413659037,1.0,0.0,CLOSED,2026-09-11 09:26:08,20288.591443529665,WIN - TP1 HIT,1.00,-0.24,1.18,5,0.89,
MARSCOIN_20260911015327501918,2026-09-11 01:53:27,MARSCOIN,1H,crypto,SYSTEM,2091.9266000000002,1838.6769869828745,2345.176213017126,2598.4258260342517,1650000.0,3,TRENDING_UP,D — Very low conviction,False,0.4008377811588608,-0.32620939271756827,1.0,0.0,CLOSED,2026-09-14 07:22:55,2345.176213017126,WIN - TP1 HIT,1.00,-0.41,1.12,12,0.97,2026-09-11 09:33:04
LTC_20260911015643455083,2026-09-11 01:56:43,LTC,1H,crypto,SYSTEM,928346.99,911096.9291067533,945597.0508932467,962847.1117864933,1650000.0,7,SQUEEZE,C — Low conviction,False,-0.4235913385934147,-0.058538802121745726,0.5,1.0,CLOSED,2026-09-14 07:22:55,945597.0508932467,WIN - TP1 HIT,1.00,-0.87,1.49,12,0.78,2026-09-11 09:33:04
DOT_20260911015644131986,2026-09-11 01:56:44,DOT,1H,crypto,SYSTEM,19600.585,18912.29686644265,20288.873133557347,20977.161267114698,1650000.0,6,TRENDING_UP,B — Moderate conviction,False,0.7312469085435792,-0.39330499413659037,1.0,0.0,CLOSED,2026-09-11 09:26:08,20288.873133557347,WIN - TP1 HIT,1.00,-0.24,1.18,5,0.89,
MARSCOIN_20260911015648384703,2026-09-11 01:56:48,MARSCOIN,1H,crypto,SYSTEM,2067.2904,1814.256698327381,2320.324101672619,2573.3578033452377,1650000.0,3,TRENDING_UP,D — Very low conviction,False,0.4008377811588608,-0.32620939271756827,1.0,0.0,CLOSED,2026-09-11 09:26:08,2320.324101672619,WIN - TP1 HIT,1.00,-0.33,1.02,7,0.97,
ETH_20260911093325110307,2026-09-11 09:33:25,ETH,1H,crypto,SYSTEM,43416435.23,42900694.87839989,43932175.5816001,44447915.933200195,3300000.0,9,SQUEEZE,C — Low conviction,False,0.6665554496843998,-0.3844076155118061,1.0,1.0,CLOSED,2026-09-14 07:22:55,42900694.87839989,LOSS - SL HIT,-1.00,-1.20,1.58,3,-1.34,
RAY_20260911093325967707,2026-09-11 09:33:25,RAY,1H,crypto,SYSTEM,28137.763199999998,24807.435802997366,31468.09059700263,34798.41799400526,2788152.85979304,6,TRENDING_UP,B — Moderate conviction,False,0.6566441815484833,-0.36539631351397084,1.0,0.0,CLOSED,2026-09-14 07:22:55,24807.435802997366,LOSS - SL HIT,-1.00,-1.19,0.75,62,-1.03,
DOT_20260911093326833660,2026-09-11 09:33:26,DOT,1H,crypto,SYSTEM,19534.263,18809.16921660716,20259.35678339284,20984.45056678568,3300000.0,5,TRENDING_UP,C — Low conviction,False,0.3131407608649421,-0.1232288992698821,1.0,0.0,CLOSED,2026-09-14 07:22:55,18809.16921660716,LOSS - SL HIT,-1.00,-1.06,0.00,3,-1.11,
NEAR_20260914072331731325,2026-09-14 07:23:31,NEAR,1H,crypto,SYSTEM,42590.87,41356.27675284067,43825.463247159336,45060.05649431867,3300000.0,9,TRENDING_UP,A — High conviction,False,0.8333333333333334,-0.6415476416384385,1.0,1.0,CLOSED,2026-09-14 18:03:09,45060.05649431867,WIN - TP2 HIT,2.00,-0.61,2.47,10,1.86,2026-09-14 17:55:51
XRP_20260914072332379766,2026-09-14 07:23:32,XRP,1H,crypto,SYSTEM,24399.1875,24027.23670817507,24771.13829182493,25143.089083649862,3300000.0,9,TRENDING_UP,A — High conviction,False,0.8285717443755388,-0.7109529176209162,1.0,1.0,CLOSED,2026-09-14 11:33:08,24771.13829182493,WIN - TP1 HIT,1.00,-0.33,1.03,2,0.74,2026-09-14 11:18:08
ZEC_20260914072333043352,2026-09-14 07:23:33,ZEC,1H,crypto,SYSTEM,20060616.3,19323808.803674676,20797423.796325326,21534231.292650655,3300000.0,9,TRENDING_UP,A — High conviction,False,0.7329039635499898,-0.408274726493799,1.0,1.0,CLOSED,2026-09-14 19:03:42,20797423.796325326,WIN - TP1 HIT,1.00,-0.65,1.54,11,0.89,2026-09-14 18:48:07
SOL_20260914072333648151,2026-09-14 07:23:33,SOL,1H,crypto,SYSTEM,1786284.3,1762236.0081954654,1810332.5918045347,1834380.8836090693,3300000.0,7,TRENDING_UP,B — Moderate conviction,False,0.41976363882688156,-0.3859492165344727,1.0,0.0,CLOSED,2026-09-14 18:03:10,1810332.5918045347,WIN - TP1 HIT,1.00,-0.66,1.27,10,0.70,2026-09-14 17:55:51
CVC_20260914072334229087,2026-09-14 07:23:34,CVC,1H,crypto,SYSTEM,723.62275,601.2273682002701,846.0181317997299,968.4135135994599,1951017.3013776809,5,TRENDING_UP,C — Low conviction,False,0.4376737174684271,-0.30973832646906735,1.0,0.0,CLOSED,2026-09-14 12:03:09,601.2273682002701,LOSS - SL HIT,-1.00,-1.15,0.00,4,-1.02,2026-09-14 11:48:09
XRP_20260914113327884940,2026-09-14 11:33:27,XRP,1H,crypto,SYSTEM,24688.998300000003,24276.637585829914,25101.35901417009,25513.719728340184,3300000.0,3,TRENDING_UP,D — Very low conviction,False,0.875,-0.5465171003710596,-0.5,0.0,CLOSED,2026-09-14 18:03:10,25101.35901417009,WIN - TP1 HIT,1.00,-0.91,1.55,6,0.76,2026-09-14 17:55:51
AVAX_20260914120330997897,2026-09-14 12:03:30,AVAX,1H,crypto,SYSTEM,131286.955,129257.98005924447,133315.9299407555,135344.90488151103,3300000.0,6,SQUEEZE,D — Very low conviction,False,0.31572880844164275,-0.25491462483026506,1.0,1.0,CLOSED,2026-09-14 18:03:10,133315.9299407555,WIN - TP1 HIT,1.00,-0.50,1.33,5,0.74,2026-09-14 17:55:51
BNB_20260914180328142869,2026-09-14 18:03:28,BNB,1H,crypto,SYSTEM,12770272.44,12640758.68801663,12899786.191983368,13029299.943966737,3300000.0,9,SQUEEZE,C — Low conviction,False,0.3365496668422385,-0.1968135785344025,1.0,1.0,CLOSED,2026-09-14 23:03:06,12640758.68801663,LOSS - SL HIT,-1.00,-1.61,0.64,4,-1.39,2026-09-14 22:48:06
ETH_20260914180329120417,2026-09-14 18:03:29,ETH,1H,crypto,SYSTEM,44535560.1,43920685.02105648,45150435.17894352,45765310.25788705,3300000.0,9,SQUEEZE,C — Low conviction,False,0.4060837097873207,-0.3804127859827624,1.0,1.0,CLOSED,2026-09-14 21:03:07,45765310.25788705,WIN - TP2 HIT,2.00,-0.13,2.17,2,1.71,2026-09-14 20:48:08
NEAR_20260914180330180279,2026-09-14 18:03:30,NEAR,1H,crypto,SYSTEM,45532.743,43962.04245191785,47103.443548082156,48674.1440961643,3300000.0,9,TRENDING_UP,A — High conviction,False,0.8333333333333334,-0.6145350005151122,1.0,1.0,CLOSED,2026-09-14 22:03:09,43962.04245191785,LOSS - SL HIT,-1.00,-1.32,0.00,3,-1.12,2026-09-14 21:48:08
SHIB_20260914180331200229,2026-09-14 18:03:31,SHIB,1H,crypto,SYSTEM,0.09356284,0.09175362000187028,0.09537205999812971,0.09718127999625942,3300000.0,9,TRENDING_UP,A — High conviction,False,0.8080723611957641,-0.5516877563121964,1.0,1.0,CLOSED,2026-09-15 00:03:06,0.09175362000187028,LOSS - SL HIT,-1.00,-1.07,0.57,5,-1.21,2026-09-14 23:48:06
ENA_20260914190405799464,2026-09-14 19:04:05,ENA,1H,crypto,SYSTEM,2543.1025,2461.9582663475344,2624.2467336524655,2705.390967304931,3300000.0,9,TRENDING_UP,A — High conviction,False,0.7723514306260878,-0.6229165515927196,1.0,1.0,CLOSED,2026-09-15 07:03:12,2624.2467336524655,WIN - TP1 HIT,1.00,0.00,1.00,1,0.87,2026-09-15 06:48:11
SOL_20260914210326226454,2026-09-14 21:03:26,SOL,1H,crypto,SYSTEM,1817144.0,1788462.792723107,1845825.207276893,1874506.414553786,3300000.0,9,TRENDING_UP,A — High conviction,False,0.875,-0.6078567021054444,1.0,1.0,CLOSED,2026-09-15 04:03:06,1788462.792723107,LOSS - SL HIT,-1.00,-1.25,0.22,6,-1.25,2026-09-15 03:48:06
ZEC_20260914220329624120,2026-09-14 22:03:29,ZEC,1H,crypto,SYSTEM,20651518.0,19809075.47831024,21493960.52168976,22336403.043379523,3300000.0,3,TRENDING_UP,D — Very low conviction,False,0.7249068029214183,-0.33746781350849586,-0.5,1.0,CLOSED,2026-09-15 14:03:06,19809075.47831024,LOSS - SL HIT,-1.00,-1.08,0.03,15,-1.10,2026-09-15 13:48:08
ARB_20260914230325119624,2026-09-14 23:03:25,ARB,1H,crypto,SYSTEM,2347.2780000000002,2260.673611211151,2433.8823887888493,2520.486777577699,3300000.0,3,RANGING,D — Very low conviction,False,-0.36603995057971295,0.01984881073718318,-1.0,1.0,CLOSED,2026-09-15 13:03:07,2433.8823887888493,WIN - TP1 HIT,1.00,-0.35,1.87,13,0.89,2026-09-15 12:48:08
UNI_20260915010323016032,2026-09-15 01:03:23,UNI,1H,crypto,SYSTEM,117482.92000000001,113412.01628940715,121553.82371059287,125624.72742118574,3300000.0,10,TRENDING_UP,A — High conviction,False,0.7726961846934616,-0.41400503506535546,1.0,1.0,CLOSED,2026-09-15 11:03:08,113412.01628940715,LOSS - SL HIT,-1.00,-1.39,0.00,2,-1.12,2026-09-15 10:48:08
TRX_20260915110336232172,2026-09-15 11:03:36,TRX,1H,crypto,SYSTEM,5975.4156,5915.661444,6035.169756,6094.923912,1650000.0,3,SQUEEZE,D — Very low conviction,False,-0.1465186843998145,-0.287869649313079,0.0,1.0,OPEN,,,,,,,,,2026-09-15 16:18:11
UNI_20260915120335287355,2026-09-15 12:03:35,UNI,1H,crypto,SYSTEM,118108.292,113520.17590443062,122696.40809556938,127284.52419113877,1650000.0,5,TRENDING_UP,C — Low conviction,False,0.6819863283808693,-0.6475950534493324,1.0,1.0,CLOSED,2026-09-15 15:03:07,113520.17590443062,LOSS - SL HIT,-1.00,-2.02,0.18,2,-1.10,2026-09-15 14:48:08
ARB_20260915130326326552,2026-09-15 13:03:26,ARB,1H,crypto,SYSTEM,2480.9631,2392.443074933125,2569.483125066875,2658.00315013375,1650000.0,5,TRENDING_UP,C — Low conviction,False,0.8510483308380409,-0.3989631604725603,1.0,0.0,CLOSED,2026-09-15 15:03:07,2392.443074933125,LOSS - SL HIT,-1.00,-1.06,0.06,1,-1.11,2026-09-15 14:48:08
XLM_20260915130327291045,2026-09-15 13:03:27,XLM,1H,crypto,SYSTEM,3461.3579,3350.421153480576,3572.294646519424,3683.2313930388477,1650000.0,2,TRENDING_UP,D — Very low conviction,False,0.5615878823719671,-0.25479616318074255,1.0,-1.0,CLOSED,2026-09-15 15:03:07,3350.421153480576,LOSS - SL HIT,-1.00,-1.33,0.08,1,-1.12,2026-09-15 14:48:08
BNB_20260915131837873656,2026-09-15 13:18:37,BNB,1H,crypto,SYSTEM,12708546.72,12581461.2528,12835632.1872,12962717.6544,1650000.0,5,SQUEEZE,D — Very low conviction,False,-0.1593219879174371,-0.3869752512083848,0.5,1.0,CLOSED,2026-09-15 15:03:07,12581461.2528,LOSS - SL HIT,-1.00,-1.24,0.19,1,-1.40,2026-09-15 14:48:08
ADA_20260915140326955362,2026-09-15 14:03:26,ADA,1H,crypto,SYSTEM,3619.5227999999997,3543.010182271479,3696.0354177285203,3772.5480354570414,1650000.0,2,RANGING,D — Very low conviction,False,-0.5783140836092885,0.3075250657515441,-1.0,1.0,CLOSED,2026-09-15 16:03:09,3543.010182271479,LOSS - SL HIT,-1.00,-1.20,0.00,1,-1.19,2026-09-15 15:48:08
FF_20260915141826378912,2026-09-15 14:18:26,FF,1H,crypto,SYSTEM,2625.83528,2363.63906766769,2888.0314923323094,3150.2277046646186,1650000.0,2,TRENDING_UP,D — Very low conviction,False,0.5145122749797119,-0.23173667325193611,1.0,-1.0,OPEN,,,,,,,,,2026-09-15 16:18:11
ENA_20260915160329794198,2026-09-15 16:03:29,ENA,1H,crypto,SYSTEM,2546.4621,2450.8618809987966,2642.062319001204,2737.662538002407,1650000.0,5,NEUTRAL,D — Very low conviction,False,0.4600138914224529,-0.08214326559204417,1.0,1.0,OPEN,,,,,,,,,2026-09-15 16:18:11
ARB_20260915160330803586,2026-09-15 16:03:30,ARB,1H,crypto,SYSTEM,2641.7559,2510.7189846352776,2772.7928153647226,2903.8297307294456,1650000.0,4,TRENDING_UP,D — Very low conviction,False,0.625,-0.6225926055236818,1.0,0.0,OPEN,,,,,,,,,2026-09-15 16:18:11
OP_20260915160331849265,2026-09-15 16:03:31,OP,1H,crypto,SYSTEM,1771.7588,1703.790898697105,1839.7267013028952,1907.6946026057906,1650000.0,2,RANGING,D — Very low conviction,False,-0.11630625789346571,0.07111291465409263,0.5,1.0,OPEN,,,,,,,,,2026-09-15 16:18:11
