2026-08-26 23:51:16 [INFO] --- MADBOT ENGINE CYCLE STARTED ---
2026-08-26 23:51:16 [INFO] Ledger resolution complete.
2026-08-26 23:51:16 [INFO] Running neural scan on CRYPTO...
2026-08-26 23:51:40 [INFO] Scan complete: 1 setups found.
2026-08-26 23:51:40 [INFO] Skipping ONG — active systemic position already exists.
2026-08-26 23:51:40 [INFO] --- MADBOT ENGINE CYCLE FINISHED ---
2026-08-27 23:44:27 [INFO] --- MADBOT ENGINE CYCLE STARTED ---
2026-08-27 23:44:31 [INFO] Ledger resolution complete.
2026-08-27 23:44:31 [INFO] Running neural scan on CRYPTO...
2026-08-27 23:44:50 [INFO] Scan complete: 5 setups found.
2026-08-27 23:44:50 [INFO] Skipping XRP — active systemic position already exists.
2026-08-27 23:44:50 [INFO] Skipping ENA — active systemic position already exists.
2026-08-27 23:44:50 [INFO] Skipping SOL — active systemic position already exists.
2026-08-27 23:44:50 [INFO] Skipping TRUMP — active systemic position already exists.
2026-08-27 23:44:50 [INFO] Skipping BTC — active systemic position already exists.
2026-08-27 23:44:50 [INFO] --- MADBOT ENGINE CYCLE FINISHED ---
2026-09-01 15:04:37 [INFO] --- MADBOT ENGINE CYCLE STARTED ---
2026-09-01 15:04:39 [INFO] Ledger resolution complete.
2026-09-01 15:04:39 [INFO] Running neural scan on CRYPTO...
2026-09-01 15:05:00 [INFO] Scan complete: 5 setups found.
2026-09-01 15:05:03 [INFO] SUCCESS: Systemic trade logged for ARB.
2026-09-01 15:05:03 [INFO] Skipping UNI — active systemic position already exists.
2026-09-01 15:05:04 [INFO] SUCCESS: Systemic trade logged for ATOM.
2026-09-01 15:05:05 [INFO] SUCCESS: Systemic trade logged for AVAX.
2026-09-01 15:05:06 [INFO] SUCCESS: Systemic trade logged for LTC.
2026-09-01 15:05:06 [INFO] --- MADBOT ENGINE CYCLE FINISHED ---
2026-09-01 16:52:32 [INFO] --- MADBOT ENGINE CYCLE STARTED ---
2026-09-01 16:52:44 [INFO] Ledger resolution complete.
2026-09-01 16:52:44 [INFO] Running neural scan on CRYPTO...
2026-09-01 16:53:03 [INFO] Scan complete: No valid setups detected.
2026-09-01 17:00:19 [INFO] --- MADBOT ENGINE CYCLE STARTED ---
2026-09-01 17:00:22 [INFO] Ledger resolution complete.
2026-09-01 17:00:22 [INFO] Running neural scan on CRYPTO...
2026-09-01 17:00:42 [INFO] Scan complete: No valid setups detected.
2026-09-01 17:03:04 [INFO] --- MADBOT ENGINE CYCLE STARTED ---
2026-09-01 17:03:04 [INFO] Ledger resolution complete.
2026-09-01 17:03:04 [INFO] Running neural scan on CRYPTO...
2026-09-01 17:03:25 [INFO] Scan complete: No valid setups detected.
2026-09-01 22:48:06 [INFO] --- MADBOT ENGINE CYCLE STARTED ---
2026-09-01 22:48:09 [INFO] Ledger resolution complete.
2026-09-01 22:48:09 [INFO] Running neural scan on CRYPTO...
2026-09-01 22:48:31 [INFO] Scan complete: 5 setups found.
2026-09-01 22:48:31 [INFO] Skipping NEAR — active systemic position already exists.
2026-09-01 22:48:31 [INFO] Skipping UNI — active systemic position already exists.
2026-09-01 22:48:31 [INFO] Skipping ENA — active systemic position already exists.
2026-09-01 22:48:31 [INFO] Skipping AVAX — active systemic position already exists.
2026-09-01 22:48:31 [INFO] Skipping LTC — active systemic position already exists.
2026-09-01 22:48:31 [INFO] --- MADBOT ENGINE CYCLE FINISHED ---
2026-09-01 23:07:25 [INFO] --- MADBOT ENGINE CYCLE STARTED ---
2026-09-01 23:07:34 [INFO] Ledger resolution complete.
2026-09-01 23:07:34 [INFO] Running neural scan on CRYPTO...
2026-09-01 23:07:54 [INFO] Scan complete: 4 setups found.
2026-09-01 23:07:55 [INFO] SUCCESS: Systemic trade logged for PEPE.
2026-09-01 23:07:56 [INFO] SUCCESS: Systemic trade logged for PUMP.
2026-09-01 23:07:56 [INFO] Skipping LTC — active systemic position already exists.
2026-09-01 23:07:57 [INFO] SUCCESS: Systemic trade logged for SHIB.
2026-09-01 23:07:57 [INFO] --- MADBOT ENGINE CYCLE FINISHED ---
2026-09-01 23:18:06 [INFO] --- MADBOT ENGINE CYCLE STARTED ---
2026-09-01 23:18:14 [INFO] Ledger resolution complete.
2026-09-01 23:18:14 [INFO] Running neural scan on CRYPTO...
2026-09-01 23:18:36 [INFO] Scan complete: 4 setups found.
2026-09-01 23:18:36 [INFO] Skipping PEPE — active systemic position already exists.
2026-09-01 23:18:36 [INFO] Skipping PUMP — active systemic position already exists.
2026-09-01 23:18:36 [INFO] Skipping LTC — active systemic position already exists.
2026-09-01 23:18:36 [INFO] Skipping SHIB — active systemic position already exists.
2026-09-01 23:18:36 [INFO] --- MADBOT ENGINE CYCLE FINISHED ---
2026-09-01 23:33:04 [INFO] --- MADBOT ENGINE CYCLE STARTED ---
2026-09-01 23:33:12 [INFO] Ledger resolution complete.
2026-09-01 23:33:12 [INFO] Running neural scan on CRYPTO...
2026-09-01 23:33:30 [INFO] Scan complete: 4 setups found.
2026-09-01 23:33:30 [INFO] Skipping PEPE — active systemic position already exists.
2026-09-01 23:33:30 [INFO] Skipping PUMP — active systemic position already exists.
2026-09-01 23:33:30 [INFO] Skipping LTC — active systemic position already exists.
2026-09-01 23:33:30 [INFO] Skipping SHIB — active systemic position already exists.
2026-09-01 23:33:30 [INFO] --- MADBOT ENGINE CYCLE FINISHED ---
2026-09-01 23:48:04 [INFO] --- MADBOT ENGINE CYCLE STARTED ---
2026-09-01 23:48:11 [INFO] Ledger resolution complete.
2026-09-01 23:48:11 [INFO] Running neural scan on CRYPTO...
2026-09-01 23:48:32 [INFO] Scan complete: 4 setups found.
2026-09-01 23:48:32 [INFO] Skipping PEPE — active systemic position already exists.
2026-09-01 23:48:32 [INFO] Skipping PUMP — active systemic position already exists.
2026-09-01 23:48:32 [INFO] Skipping LTC — active systemic position already exists.
2026-09-01 23:48:32 [INFO] Skipping SHIB — active systemic position already exists.
2026-09-01 23:48:32 [INFO] --- MADBOT ENGINE CYCLE FINISHED ---
2026-09-02 00:03:04 [INFO] --- MADBOT ENGINE CYCLE STARTED ---
2026-09-02 00:03:12 [INFO] Ledger resolution complete.
2026-09-02 00:03:12 [INFO] Running neural scan on CRYPTO...
2026-09-02 00:03:32 [INFO] Scan complete: No valid setups detected.
2026-09-02 00:18:04 [INFO] --- MADBOT ENGINE CYCLE STARTED ---
2026-09-02 00:18:13 [INFO] Ledger resolution complete.
2026-09-02 00:18:13 [INFO] Running neural scan on CRYPTO...
2026-09-02 00:18:32 [INFO] Scan complete: No valid setups detected.
2026-09-02 00:33:05 [INFO] --- MADBOT ENGINE CYCLE STARTED ---
2026-09-02 00:33:13 [INFO] Ledger resolution complete.
2026-09-02 00:33:13 [INFO] Running neural scan on CRYPTO...
2026-09-02 00:33:31 [INFO] Scan complete: No valid setups detected.
2026-09-02 00:48:05 [INFO] --- MADBOT ENGINE CYCLE STARTED ---
2026-09-02 00:48:13 [INFO] Ledger resolution complete.
2026-09-02 00:48:13 [INFO] Running neural scan on CRYPTO...
2026-09-02 00:48:30 [INFO] Scan complete: No valid setups detected.
2026-09-02 01:03:05 [INFO] --- MADBOT ENGINE CYCLE STARTED ---
2026-09-02 01:03:13 [INFO] Ledger resolution complete.
2026-09-02 01:03:13 [INFO] Running neural scan on CRYPTO...
2026-09-02 01:03:32 [INFO] Scan complete: 2 setups found.
2026-09-02 01:03:32 [INFO] Skipping DOT — active systemic position already exists.
2026-09-02 01:03:32 [INFO] Skipping ENA — active systemic position already exists.
2026-09-02 01:03:32 [INFO] --- MADBOT ENGINE CYCLE FINISHED ---
2026-09-02 01:18:06 [INFO] --- MADBOT ENGINE CYCLE STARTED ---
2026-09-02 01:18:13 [INFO] Ledger resolution complete.
2026-09-02 01:18:13 [INFO] Running neural scan on CRYPTO...
2026-09-02 01:18:33 [INFO] Scan complete: 2 setups found.
2026-09-02 01:18:33 [INFO] Skipping DOT — active systemic position already exists.
2026-09-02 01:18:33 [INFO] Skipping ENA — active systemic position already exists.
2026-09-02 01:18:33 [INFO] --- MADBOT ENGINE CYCLE FINISHED ---
2026-09-02 01:33:04 [INFO] --- MADBOT ENGINE CYCLE STARTED ---
2026-09-02 01:33:11 [INFO] Ledger resolution complete.
2026-09-02 01:33:11 [INFO] Running neural scan on CRYPTO...
2026-09-02 01:33:29 [INFO] Scan complete: 2 setups found.
2026-09-02 01:33:29 [INFO] Skipping DOT — active systemic position already exists.
2026-09-02 01:33:29 [INFO] Skipping ENA — active systemic position already exists.
2026-09-02 01:33:29 [INFO] --- MADBOT ENGINE CYCLE FINISHED ---
2026-09-02 01:48:04 [INFO] --- MADBOT ENGINE CYCLE STARTED ---
2026-09-02 01:48:11 [INFO] Ledger resolution complete.
2026-09-02 01:48:11 [INFO] Running neural scan on CRYPTO...
2026-09-02 01:48:30 [INFO] Scan complete: 2 setups found.
2026-09-02 01:48:30 [INFO] Skipping DOT — active systemic position already exists.
2026-09-02 01:48:30 [INFO] Skipping ENA — active systemic position already exists.
2026-09-02 01:48:30 [INFO] --- MADBOT ENGINE CYCLE FINISHED ---
2026-09-02 02:03:04 [INFO] --- MADBOT ENGINE CYCLE STARTED ---
2026-09-02 02:03:12 [INFO] Ledger resolution complete.
2026-09-02 02:03:12 [INFO] Running neural scan on CRYPTO...
2026-09-02 02:03:32 [INFO] Scan complete: No valid setups detected.
2026-09-02 02:18:05 [INFO] --- MADBOT ENGINE CYCLE STARTED ---
2026-09-02 02:18:12 [INFO] Ledger resolution complete.
2026-09-02 02:18:12 [INFO] Running neural scan on CRYPTO...
2026-09-02 02:18:31 [INFO] Scan complete: No valid setups detected.
2026-09-02 02:33:09 [INFO] --- MADBOT ENGINE CYCLE STARTED ---
2026-09-02 02:33:22 [INFO] Ledger resolution complete.
2026-09-02 02:33:22 [INFO] Running neural scan on CRYPTO...
2026-09-02 02:33:40 [INFO] Scan complete: No valid setups detected.
2026-09-02 02:48:05 [INFO] --- MADBOT ENGINE CYCLE STARTED ---
2026-09-02 02:48:11 [INFO] Ledger resolution complete.
2026-09-02 02:48:11 [INFO] Running neural scan on CRYPTO...
2026-09-02 02:48:30 [INFO] Scan complete: No valid setups detected.
2026-09-02 03:03:06 [INFO] --- MADBOT ENGINE CYCLE STARTED ---
2026-09-02 03:03:12 [INFO] Ledger resolution complete.
2026-09-02 03:03:12 [INFO] Running neural scan on CRYPTO...
2026-09-02 03:03:31 [INFO] Scan complete: 2 setups found.
2026-09-02 03:03:32 [INFO] SUCCESS: Systemic trade logged for CRV.
2026-09-02 03:03:32 [INFO] Skipping DOT — active systemic position already exists.
2026-09-02 03:03:32 [INFO] --- MADBOT ENGINE CYCLE FINISHED ---
2026-09-02 03:18:06 [INFO] --- MADBOT ENGINE CYCLE STARTED ---
2026-09-02 03:18:12 [INFO] Ledger resolution complete.
2026-09-02 03:18:12 [INFO] Running neural scan on CRYPTO...
2026-09-02 03:18:32 [INFO] Scan complete: 2 setups found.
2026-09-02 03:18:32 [INFO] Skipping CRV — active systemic position already exists.
2026-09-02 03:18:32 [INFO] Skipping DOT — active systemic position already exists.
2026-09-02 03:18:32 [INFO] --- MADBOT ENGINE CYCLE FINISHED ---
2026-09-02 03:33:06 [INFO] --- MADBOT ENGINE CYCLE STARTED ---
2026-09-02 03:33:12 [INFO] Ledger resolution complete.
2026-09-02 03:33:12 [INFO] Running neural scan on CRYPTO...
2026-09-02 03:33:33 [INFO] Scan complete: 1 setups found.
2026-09-02 03:33:33 [INFO] Skipping DOT — active systemic position already exists.
2026-09-02 03:33:33 [INFO] --- MADBOT ENGINE CYCLE FINISHED ---
2026-09-02 03:48:07 [INFO] --- MADBOT ENGINE CYCLE STARTED ---
2026-09-02 03:48:15 [INFO] Ledger resolution complete.
2026-09-02 03:48:15 [INFO] Running neural scan on CRYPTO...
2026-09-02 03:48:34 [INFO] Scan complete: 1 setups found.
2026-09-02 03:48:34 [INFO] Skipping DOT — active systemic position already exists.
2026-09-02 03:48:34 [INFO] --- MADBOT ENGINE CYCLE FINISHED ---
2026-09-02 04:03:04 [INFO] --- MADBOT ENGINE CYCLE STARTED ---
2026-09-02 04:03:10 [INFO] Ledger resolution complete.
2026-09-02 04:03:10 [INFO] Running neural scan on CRYPTO...
2026-09-02 04:03:28 [INFO] Scan complete: No valid setups detected.
2026-09-02 04:18:04 [INFO] --- MADBOT ENGINE CYCLE STARTED ---
2026-09-02 04:18:09 [INFO] Ledger resolution complete.
2026-09-02 04:18:09 [INFO] Running neural scan on CRYPTO...
2026-09-02 04:18:27 [INFO] Scan complete: No valid setups detected.
2026-09-02 04:33:04 [INFO] --- MADBOT ENGINE CYCLE STARTED ---
2026-09-02 04:33:09 [INFO] Ledger resolution complete.
2026-09-02 04:33:09 [INFO] Running neural scan on CRYPTO...
2026-09-02 04:33:26 [INFO] Scan complete: No valid setups detected.
2026-09-02 04:48:05 [INFO] --- MADBOT ENGINE CYCLE STARTED ---
2026-09-02 04:48:10 [INFO] Ledger resolution complete.
2026-09-02 04:48:10 [INFO] Running neural scan on CRYPTO...
2026-09-02 04:48:28 [INFO] Scan complete: No valid setups detected.
2026-09-02 05:03:04 [INFO] --- MADBOT ENGINE CYCLE STARTED ---
2026-09-02 05:03:10 [INFO] Ledger resolution complete.
2026-09-02 05:03:10 [INFO] Running neural scan on CRYPTO...
2026-09-02 05:03:28 [INFO] Scan complete: No valid setups detected.
2026-09-02 05:18:04 [INFO] --- MADBOT ENGINE CYCLE STARTED ---
2026-09-02 05:18:09 [INFO] Ledger resolution complete.
2026-09-02 05:18:09 [INFO] Running neural scan on CRYPTO...
2026-09-02 05:18:25 [INFO] Scan complete: No valid setups detected.
2026-09-02 05:33:05 [INFO] --- MADBOT ENGINE CYCLE STARTED ---
2026-09-02 05:33:10 [INFO] Ledger resolution complete.
2026-09-02 05:33:10 [INFO] Running neural scan on CRYPTO...
2026-09-02 05:33:28 [INFO] Scan complete: No valid setups detected.
2026-09-02 05:48:04 [INFO] --- MADBOT ENGINE CYCLE STARTED ---
2026-09-02 05:48:09 [INFO] Ledger resolution complete.
2026-09-02 05:48:09 [INFO] Running neural scan on CRYPTO...
2026-09-02 05:48:25 [INFO] Scan complete: No valid setups detected.
2026-09-02 06:03:04 [INFO] --- MADBOT ENGINE CYCLE STARTED ---
2026-09-02 06:03:09 [INFO] Ledger resolution complete.
2026-09-02 06:03:09 [INFO] Running neural scan on CRYPTO...
2026-09-02 06:03:27 [INFO] Scan complete: No valid setups detected.
2026-09-02 06:18:04 [INFO] --- MADBOT ENGINE CYCLE STARTED ---
2026-09-02 06:18:09 [INFO] Ledger resolution complete.
2026-09-02 06:18:09 [INFO] Running neural scan on CRYPTO...
2026-09-02 06:18:26 [INFO] Scan complete: No valid setups detected.
2026-09-02 06:33:04 [INFO] --- MADBOT ENGINE CYCLE STARTED ---
2026-09-02 06:33:10 [INFO] Ledger resolution complete.
2026-09-02 06:33:10 [INFO] Running neural scan on CRYPTO...
2026-09-02 06:33:27 [INFO] Scan complete: No valid setups detected.
2026-09-02 06:48:04 [INFO] --- MADBOT ENGINE CYCLE STARTED ---
2026-09-02 06:48:09 [INFO] Ledger resolution complete.
2026-09-02 06:48:09 [INFO] Running neural scan on CRYPTO...
2026-09-02 06:48:28 [INFO] Scan complete: No valid setups detected.
2026-09-02 07:03:04 [INFO] --- MADBOT ENGINE CYCLE STARTED ---
2026-09-02 07:03:09 [INFO] Ledger resolution complete.
2026-09-02 07:03:09 [INFO] Running neural scan on CRYPTO...
2026-09-02 07:03:27 [INFO] Scan complete: No valid setups detected.
2026-09-02 07:18:03 [INFO] --- MADBOT ENGINE CYCLE STARTED ---
2026-09-02 07:18:08 [INFO] Ledger resolution complete.
2026-09-02 07:18:08 [INFO] Running neural scan on CRYPTO...
2026-09-02 07:18:27 [INFO] Scan complete: No valid setups detected.
2026-09-02 07:33:03 [INFO] --- MADBOT ENGINE CYCLE STARTED ---
2026-09-02 07:33:09 [INFO] Ledger resolution complete.
2026-09-02 07:33:09 [INFO] Running neural scan on CRYPTO...
2026-09-02 07:33:28 [INFO] Scan complete: No valid setups detected.
2026-09-02 07:48:03 [INFO] --- MADBOT ENGINE CYCLE STARTED ---
2026-09-02 07:48:08 [INFO] Ledger resolution complete.
2026-09-02 07:48:08 [INFO] Running neural scan on CRYPTO...
2026-09-02 07:48:24 [INFO] Scan complete: No valid setups detected.
2026-09-02 08:03:04 [INFO] --- MADBOT ENGINE CYCLE STARTED ---
2026-09-02 08:03:10 [INFO] Ledger resolution complete.
2026-09-02 08:03:10 [INFO] Running neural scan on CRYPTO...
2026-09-02 08:03:28 [INFO] Scan complete: No valid setups detected.
2026-09-02 08:18:03 [INFO] --- MADBOT ENGINE CYCLE STARTED ---
2026-09-02 08:18:08 [INFO] Ledger resolution complete.
2026-09-02 08:18:08 [INFO] Running neural scan on CRYPTO...
2026-09-02 08:18:26 [INFO] Scan complete: No valid setups detected.
2026-09-02 08:33:04 [INFO] --- MADBOT ENGINE CYCLE STARTED ---
2026-09-02 08:33:10 [INFO] Ledger resolution complete.
2026-09-02 08:33:10 [INFO] Running neural scan on CRYPTO...
2026-09-02 08:33:27 [INFO] Scan complete: No valid setups detected.
2026-09-02 08:48:03 [INFO] --- MADBOT ENGINE CYCLE STARTED ---
2026-09-02 08:48:08 [INFO] Ledger resolution complete.
2026-09-02 08:48:08 [INFO] Running neural scan on CRYPTO...
2026-09-02 08:48:25 [INFO] Scan complete: No valid setups detected.
2026-09-02 09:03:03 [INFO] --- MADBOT ENGINE CYCLE STARTED ---
2026-09-02 09:03:08 [INFO] Ledger resolution complete.
2026-09-02 09:03:08 [INFO] Running neural scan on CRYPTO...
2026-09-02 09:03:24 [INFO] Scan complete: No valid setups detected.
2026-09-02 09:18:04 [INFO] --- MADBOT ENGINE CYCLE STARTED ---
2026-09-02 09:18:09 [INFO] Ledger resolution complete.
2026-09-02 09:18:09 [INFO] Running neural scan on CRYPTO...
2026-09-02 09:18:24 [INFO] Scan complete: No valid setups detected.
2026-09-02 09:33:04 [INFO] --- MADBOT ENGINE CYCLE STARTED ---
2026-09-02 09:33:09 [INFO] Ledger resolution complete.
2026-09-02 09:33:09 [INFO] Running neural scan on CRYPTO...
2026-09-02 09:33:27 [INFO] Scan complete: No valid setups detected.
2026-09-02 09:48:03 [INFO] --- MADBOT ENGINE CYCLE STARTED ---
2026-09-02 09:48:08 [INFO] Ledger resolution complete.
2026-09-02 09:48:08 [INFO] Running neural scan on CRYPTO...
2026-09-02 09:48:25 [INFO] Scan complete: No valid setups detected.
2026-09-02 10:03:03 [INFO] --- MADBOT ENGINE CYCLE STARTED ---
2026-09-02 10:03:08 [INFO] Ledger resolution complete.
2026-09-02 10:03:08 [INFO] Running neural scan on CRYPTO...
2026-09-02 10:03:27 [INFO] Scan complete: 2 setups found.
2026-09-02 10:03:28 [INFO] SUCCESS: Systemic trade logged for UNI.
2026-09-02 10:03:29 [INFO] SUCCESS: Systemic trade logged for BNB.
2026-09-02 10:03:29 [INFO] --- MADBOT ENGINE CYCLE FINISHED ---
2026-09-02 10:18:04 [INFO] --- MADBOT ENGINE CYCLE STARTED ---
2026-09-02 10:18:09 [INFO] Ledger resolution complete.
2026-09-02 10:18:09 [INFO] Running neural scan on CRYPTO...
2026-09-02 10:18:25 [INFO] Scan complete: 3 setups found.
2026-09-02 10:18:25 [INFO] Skipping UNI — active systemic position already exists.
2026-09-02 10:18:26 [INFO] SUCCESS: Systemic trade logged for HEMI.
2026-09-02 10:18:26 [INFO] Skipping BNB — active systemic position already exists.
2026-09-02 10:18:26 [INFO] --- MADBOT ENGINE CYCLE FINISHED ---
2026-09-02 10:33:04 [INFO] --- MADBOT ENGINE CYCLE STARTED ---
2026-09-02 10:33:10 [INFO] Ledger resolution complete.
2026-09-02 10:33:10 [INFO] Running neural scan on CRYPTO...
2026-09-02 10:33:26 [INFO] Scan complete: 3 setups found.
2026-09-02 10:33:26 [INFO] Skipping UNI — active systemic position already exists.
2026-09-02 10:33:26 [INFO] Skipping HEMI — active systemic position already exists.
2026-09-02 10:33:26 [INFO] Skipping BNB — active systemic position already exists.
2026-09-02 10:33:26 [INFO] --- MADBOT ENGINE CYCLE FINISHED ---
2026-09-02 10:48:04 [INFO] --- MADBOT ENGINE CYCLE STARTED ---
2026-09-02 10:48:09 [INFO] Ledger resolution complete.
2026-09-02 10:48:09 [INFO] Running neural scan on CRYPTO...
2026-09-02 10:48:28 [INFO] Scan complete: 3 setups found.
2026-09-02 10:48:28 [INFO] Skipping UNI — active systemic position already exists.
2026-09-02 10:48:28 [INFO] Skipping HEMI — active systemic position already exists.
2026-09-02 10:48:28 [INFO] Skipping BNB — active systemic position already exists.
2026-09-02 10:48:28 [INFO] --- MADBOT ENGINE CYCLE FINISHED ---
2026-09-02 11:03:04 [INFO] --- MADBOT ENGINE CYCLE STARTED ---
2026-09-02 11:03:10 [INFO] Ledger resolution complete.
2026-09-02 11:03:10 [INFO] Running neural scan on CRYPTO...
2026-09-02 11:03:30 [INFO] Scan complete: 4 setups found.
2026-09-02 11:03:30 [INFO] Skipping UNI — active systemic position already exists.
2026-09-02 11:03:30 [INFO] Skipping BNB — active systemic position already exists.
2026-09-02 11:03:31 [INFO] SUCCESS: Systemic trade logged for DOT.
2026-09-02 11:03:32 [INFO] SUCCESS: Systemic trade logged for FIL.
2026-09-02 11:03:32 [INFO] --- MADBOT ENGINE CYCLE FINISHED ---
2026-09-02 11:18:04 [INFO] --- MADBOT ENGINE CYCLE STARTED ---
2026-09-02 11:18:09 [INFO] Ledger resolution complete.
2026-09-02 11:18:09 [INFO] Running neural scan on CRYPTO...
2026-09-02 11:18:28 [INFO] Scan complete: 4 setups found.
2026-09-02 11:18:28 [INFO] Skipping UNI — active systemic position already exists.
2026-09-02 11:18:28 [INFO] Skipping BNB — active systemic position already exists.
2026-09-02 11:18:28 [INFO] Skipping DOT — active systemic position already exists.
2026-09-02 11:18:28 [INFO] Skipping FIL — active systemic position already exists.
2026-09-02 11:18:28 [INFO] --- MADBOT ENGINE CYCLE FINISHED ---
2026-09-02 11:33:03 [INFO] --- MADBOT ENGINE CYCLE STARTED ---
2026-09-02 11:33:09 [INFO] Ledger resolution complete.
2026-09-02 11:33:09 [INFO] Running neural scan on CRYPTO...
2026-09-02 11:33:28 [INFO] Scan complete: 4 setups found.
2026-09-02 11:33:28 [INFO] Skipping UNI — active systemic position already exists.
2026-09-02 11:33:28 [INFO] Skipping BNB — active systemic position already exists.
2026-09-02 11:33:28 [INFO] Skipping DOT — active systemic position already exists.
2026-09-02 11:33:28 [INFO] Skipping FIL — active systemic position already exists.
2026-09-02 11:33:28 [INFO] --- MADBOT ENGINE CYCLE FINISHED ---
2026-09-02 11:48:03 [INFO] --- MADBOT ENGINE CYCLE STARTED ---
2026-09-02 11:48:08 [INFO] Ledger resolution complete.
2026-09-02 11:48:08 [INFO] Running neural scan on CRYPTO...
2026-09-02 11:48:27 [INFO] Scan complete: 4 setups found.
2026-09-02 11:48:27 [INFO] Skipping UNI — active systemic position already exists.
2026-09-02 11:48:27 [INFO] Skipping BNB — active systemic position already exists.
2026-09-02 11:48:27 [INFO] Skipping DOT — active systemic position already exists.
2026-09-02 11:48:27 [INFO] Skipping FIL — active systemic position already exists.
2026-09-02 11:48:27 [INFO] --- MADBOT ENGINE CYCLE FINISHED ---
2026-09-02 12:03:03 [INFO] --- MADBOT ENGINE CYCLE STARTED ---
2026-09-02 12:03:08 [INFO] Ledger resolution complete.
2026-09-02 12:03:08 [INFO] Running neural scan on CRYPTO...
2026-09-02 12:03:27 [INFO] Scan complete: 4 setups found.
2026-09-02 12:03:28 [INFO] SUCCESS: Systemic trade logged for UNI.
2026-09-02 12:03:28 [INFO] Skipping BNB — active systemic position already exists.
2026-09-02 12:03:28 [INFO] Skipping SHIB — active systemic position already exists.
2026-09-02 12:03:28 [INFO] Skipping DOT — active systemic position already exists.
2026-09-02 12:03:28 [INFO] --- MADBOT ENGINE CYCLE FINISHED ---
2026-09-02 12:18:03 [INFO] --- MADBOT ENGINE CYCLE STARTED ---
2026-09-02 12:18:08 [INFO] Ledger resolution complete.
2026-09-02 12:18:08 [INFO] Running neural scan on CRYPTO...
2026-09-02 12:18:25 [INFO] Scan complete: 4 setups found.
2026-09-02 12:18:25 [INFO] Skipping UNI — active systemic position already exists.
2026-09-02 12:18:25 [INFO] Skipping BNB — active systemic position already exists.
2026-09-02 12:18:25 [INFO] Skipping SHIB — active systemic position already exists.
2026-09-02 12:18:25 [INFO] Skipping DOT — active systemic position already exists.
2026-09-02 12:18:25 [INFO] --- MADBOT ENGINE CYCLE FINISHED ---
2026-09-02 12:33:03 [INFO] --- MADBOT ENGINE CYCLE STARTED ---
2026-09-02 12:33:08 [INFO] Ledger resolution complete.
2026-09-02 12:33:08 [INFO] Running neural scan on CRYPTO...
2026-09-02 12:33:26 [INFO] Scan complete: 4 setups found.
2026-09-02 12:33:26 [INFO] Skipping UNI — active systemic position already exists.
2026-09-02 12:33:26 [INFO] Skipping BNB — active systemic position already exists.
2026-09-02 12:33:26 [INFO] Skipping SHIB — active systemic position already exists.
2026-09-02 12:33:26 [INFO] Skipping DOT — active systemic position already exists.
2026-09-02 12:33:26 [INFO] --- MADBOT ENGINE CYCLE FINISHED ---
2026-09-02 12:48:03 [INFO] --- MADBOT ENGINE CYCLE STARTED ---
2026-09-02 12:48:09 [INFO] Ledger resolution complete.
2026-09-02 12:48:09 [INFO] Running neural scan on CRYPTO...
2026-09-02 12:48:27 [INFO] Scan complete: 4 setups found.
2026-09-02 12:48:27 [INFO] Skipping UNI — active systemic position already exists.
2026-09-02 12:48:27 [INFO] Skipping BNB — active systemic position already exists.
2026-09-02 12:48:27 [INFO] Skipping SHIB — active systemic position already exists.
2026-09-02 12:48:27 [INFO] Skipping DOT — active systemic position already exists.
2026-09-02 12:48:27 [INFO] --- MADBOT ENGINE CYCLE FINISHED ---
2026-09-02 13:03:03 [INFO] --- MADBOT ENGINE CYCLE STARTED ---
2026-09-02 13:03:08 [INFO] Ledger resolution complete.
2026-09-02 13:03:08 [INFO] Running neural scan on CRYPTO...
2026-09-02 13:03:27 [INFO] Scan complete: 4 setups found.
2026-09-02 13:03:27 [INFO] Skipping BNB — active systemic position already exists.
2026-09-02 13:03:28 [INFO] SUCCESS: Systemic trade logged for XRP.
2026-09-02 13:03:29 [INFO] SUCCESS: Systemic trade logged for ATOM.
2026-09-02 13:03:30 [INFO] SUCCESS: Systemic trade logged for DOGE.
2026-09-02 13:03:30 [INFO] --- MADBOT ENGINE CYCLE FINISHED ---
2026-09-02 13:18:03 [INFO] --- MADBOT ENGINE CYCLE STARTED ---
2026-09-02 13:18:09 [INFO] Ledger resolution complete.
2026-09-02 13:18:09 [INFO] Running neural scan on CRYPTO...
2026-09-02 13:18:28 [INFO] Scan complete: 4 setups found.
2026-09-02 13:18:28 [INFO] Skipping BNB — active systemic position already exists.
2026-09-02 13:18:28 [INFO] Skipping XRP — active systemic position already exists.
2026-09-02 13:18:28 [INFO] Skipping ATOM — active systemic position already exists.
2026-09-02 13:18:28 [INFO] Skipping DOGE — active systemic position already exists.
2026-09-02 13:18:28 [INFO] --- MADBOT ENGINE CYCLE FINISHED ---
2026-09-02 13:33:07 [INFO] --- MADBOT ENGINE CYCLE STARTED ---
2026-09-02 13:33:17 [INFO] Ledger resolution complete.
2026-09-02 13:33:18 [INFO] Running neural scan on CRYPTO...
2026-09-02 13:33:37 [INFO] Scan complete: 4 setups found.
2026-09-02 13:33:37 [INFO] Skipping BNB — active systemic position already exists.
2026-09-02 13:33:37 [INFO] Skipping XRP — active systemic position already exists.
2026-09-02 13:33:37 [INFO] Skipping ATOM — active systemic position already exists.
2026-09-02 13:33:37 [INFO] Skipping DOGE — active systemic position already exists.
2026-09-02 13:33:37 [INFO] --- MADBOT ENGINE CYCLE FINISHED ---
2026-09-02 13:48:04 [INFO] --- MADBOT ENGINE CYCLE STARTED ---
2026-09-02 13:48:09 [INFO] Ledger resolution complete.
2026-09-02 13:48:09 [INFO] Running neural scan on CRYPTO...
2026-09-02 13:48:28 [INFO] Scan complete: 4 setups found.
2026-09-02 13:48:28 [INFO] Skipping BNB — active systemic position already exists.
2026-09-02 13:48:28 [INFO] Skipping XRP — active systemic position already exists.
2026-09-02 13:48:28 [INFO] Skipping ATOM — active systemic position already exists.
2026-09-02 13:48:28 [INFO] Skipping DOGE — active systemic position already exists.
2026-09-02 13:48:28 [INFO] --- MADBOT ENGINE CYCLE FINISHED ---
2026-09-02 14:03:03 [INFO] --- MADBOT ENGINE CYCLE STARTED ---
2026-09-02 14:03:08 [INFO] Ledger resolution complete.
2026-09-02 14:03:08 [INFO] Running neural scan on CRYPTO...
2026-09-02 14:03:27 [INFO] Scan complete: 4 setups found.
2026-09-02 14:03:27 [INFO] Skipping UNI — active systemic position already exists.
2026-09-02 14:03:27 [INFO] Skipping BNB — active systemic position already exists.
2026-09-02 14:03:28 [INFO] SUCCESS: Systemic trade logged for LTC.
2026-09-02 14:03:28 [INFO] Skipping XRP — active systemic position already exists.
2026-09-02 14:03:28 [INFO] --- MADBOT ENGINE CYCLE FINISHED ---
2026-09-02 14:18:04 [INFO] --- MADBOT ENGINE CYCLE STARTED ---
2026-09-02 14:18:10 [INFO] Ledger resolution complete.
2026-09-02 14:18:10 [INFO] Running neural scan on CRYPTO...
2026-09-02 14:18:27 [INFO] Scan complete: 5 setups found.
2026-09-02 14:18:27 [INFO] Skipping UNI — active systemic position already exists.
2026-09-02 14:18:27 [INFO] Skipping BNB — active systemic position already exists.
2026-09-02 14:18:27 [INFO] Skipping LTC — active systemic position already exists.
2026-09-02 14:18:27 [INFO] Skipping XRP — active systemic position already exists.
2026-09-02 14:18:28 [INFO] SUCCESS: Systemic trade logged for AAVE.
2026-09-02 14:18:28 [INFO] --- MADBOT ENGINE CYCLE FINISHED ---
2026-09-02 14:33:04 [INFO] --- MADBOT ENGINE CYCLE STARTED ---
2026-09-02 14:33:10 [INFO] Ledger resolution complete.
2026-09-02 14:33:10 [INFO] Running neural scan on CRYPTO...
2026-09-02 14:33:28 [INFO] Scan complete: 5 setups found.
2026-09-02 14:33:28 [INFO] Skipping UNI — active systemic position already exists.
2026-09-02 14:33:28 [INFO] Skipping BNB — active systemic position already exists.
2026-09-02 14:33:28 [INFO] Skipping LTC — active systemic position already exists.
2026-09-02 14:33:28 [INFO] Skipping XRP — active systemic position already exists.
2026-09-02 14:33:28 [INFO] Skipping AAVE — active systemic position already exists.
2026-09-02 14:33:28 [INFO] --- MADBOT ENGINE CYCLE FINISHED ---
2026-09-02 14:48:03 [INFO] --- MADBOT ENGINE CYCLE STARTED ---
2026-09-02 14:48:14 [INFO] Ledger resolution complete.
2026-09-02 14:48:14 [INFO] Running neural scan on CRYPTO...
2026-09-02 14:48:33 [INFO] Scan complete: 5 setups found.
2026-09-02 14:48:33 [INFO] Skipping UNI — active systemic position already exists.
2026-09-02 14:48:33 [INFO] Skipping BNB — active systemic position already exists.
2026-09-02 14:48:33 [INFO] Skipping LTC — active systemic position already exists.
2026-09-02 14:48:33 [INFO] Skipping XRP — active systemic position already exists.
2026-09-02 14:48:33 [INFO] Skipping AAVE — active systemic position already exists.
2026-09-02 14:48:33 [INFO] --- MADBOT ENGINE CYCLE FINISHED ---
2026-09-02 15:03:03 [INFO] --- MADBOT ENGINE CYCLE STARTED ---
2026-09-02 15:03:13 [INFO] Ledger resolution complete.
2026-09-02 15:03:13 [INFO] Running neural scan on CRYPTO...
2026-09-02 15:03:31 [INFO] Scan complete: No valid setups detected.
2026-09-02 15:18:04 [INFO] --- MADBOT ENGINE CYCLE STARTED ---
2026-09-02 15:18:10 [INFO] Ledger resolution complete.
2026-09-02 15:18:10 [INFO] Running neural scan on CRYPTO...
2026-09-02 15:18:27 [INFO] Scan complete: No valid setups detected.
2026-09-02 15:33:04 [INFO] --- MADBOT ENGINE CYCLE STARTED ---
2026-09-02 15:33:55 [INFO] Ledger resolution complete.
2026-09-02 15:33:55 [INFO] Running neural scan on CRYPTO...
2026-09-02 15:34:46 [INFO] Scan complete: No valid setups detected.
2026-09-02 15:48:03 [INFO] --- MADBOT ENGINE CYCLE STARTED ---
2026-09-02 15:48:09 [INFO] Ledger resolution complete.
2026-09-02 15:48:09 [INFO] Running neural scan on CRYPTO...
2026-09-02 15:48:25 [INFO] Scan complete: No valid setups detected.
2026-09-02 16:03:03 [INFO] --- MADBOT ENGINE CYCLE STARTED ---
2026-09-02 16:03:09 [INFO] Ledger resolution complete.
2026-09-02 16:03:09 [INFO] Running neural scan on CRYPTO...
2026-09-02 16:03:26 [INFO] Scan complete: 2 setups found.
2026-09-02 16:03:27 [INFO] SUCCESS: Systemic trade logged for ARB.
2026-09-02 16:03:28 [INFO] SUCCESS: Systemic trade logged for LINK.
2026-09-02 16:03:28 [INFO] --- MADBOT ENGINE CYCLE FINISHED ---
2026-09-02 16:18:03 [INFO] --- MADBOT ENGINE CYCLE STARTED ---
2026-09-02 16:18:09 [INFO] Ledger resolution complete.
2026-09-02 16:18:09 [INFO] Running neural scan on CRYPTO...
2026-09-02 16:18:32 [INFO] Scan complete: 2 setups found.
2026-09-02 16:18:32 [INFO] Skipping ARB — active systemic position already exists.
2026-09-02 16:18:32 [INFO] Skipping LINK — active systemic position already exists.
2026-09-02 16:18:32 [INFO] --- MADBOT ENGINE CYCLE FINISHED ---
2026-09-02 16:33:03 [INFO] --- MADBOT ENGINE CYCLE STARTED ---
2026-09-02 16:33:10 [INFO] Ledger resolution complete.
2026-09-02 16:33:10 [INFO] Running neural scan on CRYPTO...
2026-09-02 16:33:29 [INFO] Scan complete: 2 setups found.
2026-09-02 16:33:29 [INFO] Skipping ARB — active systemic position already exists.
2026-09-02 16:33:29 [INFO] Skipping LINK — active systemic position already exists.
2026-09-02 16:33:29 [INFO] --- MADBOT ENGINE CYCLE FINISHED ---
2026-09-02 16:48:04 [INFO] --- MADBOT ENGINE CYCLE STARTED ---
2026-09-02 16:48:10 [INFO] Ledger resolution complete.
2026-09-02 16:48:10 [INFO] Running neural scan on CRYPTO...
2026-09-02 16:48:28 [INFO] Scan complete: 2 setups found.
2026-09-02 16:48:28 [INFO] Skipping ARB — active systemic position already exists.
2026-09-02 16:48:28 [INFO] Skipping LINK — active systemic position already exists.
2026-09-02 16:48:28 [INFO] --- MADBOT ENGINE CYCLE FINISHED ---
2026-09-02 17:03:05 [INFO] --- MADBOT ENGINE CYCLE STARTED ---
2026-09-02 17:03:12 [INFO] Ledger resolution complete.
2026-09-02 17:03:12 [INFO] Running neural scan on CRYPTO...
2026-09-02 17:03:30 [INFO] Scan complete: No valid setups detected.
2026-09-02 17:18:03 [INFO] --- MADBOT ENGINE CYCLE STARTED ---
2026-09-02 17:18:09 [INFO] Ledger resolution complete.
2026-09-02 17:18:09 [INFO] Running neural scan on CRYPTO...
2026-09-02 17:18:28 [INFO] Scan complete: No valid setups detected.
2026-09-02 17:33:03 [INFO] --- MADBOT ENGINE CYCLE STARTED ---
2026-09-02 17:33:09 [INFO] Ledger resolution complete.
2026-09-02 17:33:09 [INFO] Running neural scan on CRYPTO...
2026-09-02 17:33:28 [INFO] Scan complete: No valid setups detected.
2026-09-02 17:48:04 [INFO] --- MADBOT ENGINE CYCLE STARTED ---
2026-09-02 17:48:11 [INFO] Ledger resolution complete.
2026-09-02 17:48:11 [INFO] Running neural scan on CRYPTO...
2026-09-02 17:48:29 [INFO] Scan complete: No valid setups detected.
2026-09-02 18:03:04 [INFO] --- MADBOT ENGINE CYCLE STARTED ---
2026-09-02 18:03:11 [INFO] Ledger resolution complete.
2026-09-02 18:03:11 [INFO] Running neural scan on CRYPTO...
2026-09-02 18:03:28 [INFO] Scan complete: No valid setups detected.
2026-09-02 18:18:04 [INFO] --- MADBOT ENGINE CYCLE STARTED ---
2026-09-02 18:18:09 [INFO] Ledger resolution complete.
2026-09-02 18:18:09 [INFO] Running neural scan on CRYPTO...
2026-09-02 18:18:26 [INFO] Scan complete: No valid setups detected.
2026-09-02 18:33:03 [INFO] --- MADBOT ENGINE CYCLE STARTED ---
2026-09-02 18:33:08 [INFO] Ledger resolution complete.
2026-09-02 18:33:08 [INFO] Running neural scan on CRYPTO...
2026-09-02 18:33:27 [INFO] Scan complete: No valid setups detected.
2026-09-02 18:48:03 [INFO] --- MADBOT ENGINE CYCLE STARTED ---
2026-09-02 18:48:08 [INFO] Ledger resolution complete.
2026-09-02 18:48:08 [INFO] Running neural scan on CRYPTO...
2026-09-02 18:48:27 [INFO] Scan complete: No valid setups detected.
2026-09-02 19:03:04 [INFO] --- MADBOT ENGINE CYCLE STARTED ---
2026-09-02 19:03:09 [INFO] Ledger resolution complete.
2026-09-02 19:03:09 [INFO] Running neural scan on CRYPTO...
2026-09-02 19:03:29 [INFO] Scan complete: No valid setups detected.
2026-09-02 19:18:06 [INFO] --- MADBOT ENGINE CYCLE STARTED ---
2026-09-02 19:18:13 [INFO] Ledger resolution complete.
2026-09-02 19:18:13 [INFO] Running neural scan on CRYPTO...
2026-09-02 19:18:32 [INFO] Scan complete: No valid setups detected.
2026-09-02 19:33:04 [INFO] --- MADBOT ENGINE CYCLE STARTED ---
2026-09-02 19:33:10 [INFO] Ledger resolution complete.
2026-09-02 19:33:10 [INFO] Running neural scan on CRYPTO...
2026-09-02 19:33:29 [INFO] Scan complete: No valid setups detected.
2026-09-02 19:48:04 [INFO] --- MADBOT ENGINE CYCLE STARTED ---
2026-09-02 19:48:10 [INFO] Ledger resolution complete.
2026-09-02 19:48:10 [INFO] Running neural scan on CRYPTO...
2026-09-02 19:48:29 [INFO] Scan complete: No valid setups detected.
2026-09-02 20:03:04 [INFO] --- MADBOT ENGINE CYCLE STARTED ---
2026-09-02 20:03:10 [INFO] Ledger resolution complete.
2026-09-02 20:03:10 [INFO] Running neural scan on CRYPTO...
2026-09-02 20:03:27 [INFO] Scan complete: 3 setups found.
2026-09-02 20:03:28 [INFO] SUCCESS: Systemic trade logged for XAUT.
2026-09-02 20:03:29 [INFO] SUCCESS: Systemic trade logged for PAXG.
2026-09-02 20:03:30 [INFO] SUCCESS: Systemic trade logged for TRX.
2026-09-02 20:03:30 [INFO] --- MADBOT ENGINE CYCLE FINISHED ---
2026-09-02 20:18:04 [INFO] --- MADBOT ENGINE CYCLE STARTED ---
2026-09-02 20:18:09 [INFO] Ledger resolution complete.
2026-09-02 20:18:09 [INFO] Running neural scan on CRYPTO...
2026-09-02 20:18:26 [INFO] Scan complete: 3 setups found.
2026-09-02 20:18:26 [INFO] Skipping XAUT — active systemic position already exists.
2026-09-02 20:18:26 [INFO] Skipping PAXG — active systemic position already exists.
2026-09-02 20:18:26 [INFO] Skipping TRX — active systemic position already exists.
2026-09-02 20:18:26 [INFO] --- MADBOT ENGINE CYCLE FINISHED ---
2026-09-02 20:33:03 [INFO] --- MADBOT ENGINE CYCLE STARTED ---
2026-09-02 20:33:09 [INFO] Ledger resolution complete.
2026-09-02 20:33:09 [INFO] Running neural scan on CRYPTO...
2026-09-02 20:33:28 [INFO] Scan complete: 3 setups found.
2026-09-02 20:33:28 [INFO] Skipping XAUT — active systemic position already exists.
2026-09-02 20:33:28 [INFO] Skipping PAXG — active systemic position already exists.
2026-09-02 20:33:28 [INFO] Skipping TRX — active systemic position already exists.
2026-09-02 20:33:28 [INFO] --- MADBOT ENGINE CYCLE FINISHED ---
2026-09-02 20:48:04 [INFO] --- MADBOT ENGINE CYCLE STARTED ---
2026-09-02 20:48:09 [INFO] Ledger resolution complete.
2026-09-02 20:48:09 [INFO] Running neural scan on CRYPTO...
2026-09-02 20:48:26 [INFO] Scan complete: 3 setups found.
2026-09-02 20:48:26 [INFO] Skipping XAUT — active systemic position already exists.
2026-09-02 20:48:26 [INFO] Skipping PAXG — active systemic position already exists.
2026-09-02 20:48:26 [INFO] Skipping TRX — active systemic position already exists.
2026-09-02 20:48:26 [INFO] --- MADBOT ENGINE CYCLE FINISHED ---
2026-09-02 21:03:03 [INFO] --- MADBOT ENGINE CYCLE STARTED ---
2026-09-02 21:03:08 [INFO] Ledger resolution complete.
2026-09-02 21:03:08 [INFO] Running neural scan on CRYPTO...
2026-09-02 21:03:25 [INFO] Scan complete: 5 setups found.
2026-09-02 21:03:25 [INFO] Skipping XAUT — active systemic position already exists.
2026-09-02 21:03:25 [INFO] Skipping BNB — active systemic position already exists.
2026-09-02 21:03:25 [INFO] Skipping PAXG — active systemic position already exists.
2026-09-02 21:03:26 [INFO] SUCCESS: Systemic trade logged for ARB.
2026-09-02 21:03:26 [INFO] Skipping TRX — active systemic position already exists.
2026-09-02 21:03:26 [INFO] --- MADBOT ENGINE CYCLE FINISHED ---
2026-09-02 21:18:03 [INFO] --- MADBOT ENGINE CYCLE STARTED ---
2026-09-02 21:18:08 [INFO] Ledger resolution complete.
2026-09-02 21:18:08 [INFO] Running neural scan on CRYPTO...
2026-09-02 21:18:28 [INFO] Scan complete: 5 setups found.
2026-09-02 21:18:28 [INFO] Skipping XAUT — active systemic position already exists.
2026-09-02 21:18:28 [INFO] Skipping BNB — active systemic position already exists.
2026-09-02 21:18:28 [INFO] Skipping PAXG — active systemic position already exists.
2026-09-02 21:18:28 [INFO] Skipping ARB — active systemic position already exists.
2026-09-02 21:18:28 [INFO] Skipping TRX — active systemic position already exists.
2026-09-02 21:18:28 [INFO] --- MADBOT ENGINE CYCLE FINISHED ---
2026-09-02 21:33:03 [INFO] --- MADBOT ENGINE CYCLE STARTED ---
2026-09-02 21:33:09 [INFO] Ledger resolution complete.
2026-09-02 21:33:09 [INFO] Running neural scan on CRYPTO...
2026-09-02 21:33:28 [INFO] Scan complete: 5 setups found.
2026-09-02 21:33:28 [INFO] Skipping XAUT — active systemic position already exists.
2026-09-02 21:33:28 [INFO] Skipping BNB — active systemic position already exists.
2026-09-02 21:33:28 [INFO] Skipping PAXG — active systemic position already exists.
2026-09-02 21:33:28 [INFO] Skipping ARB — active systemic position already exists.
2026-09-02 21:33:28 [INFO] Skipping TRX — active systemic position already exists.
2026-09-02 21:33:28 [INFO] --- MADBOT ENGINE CYCLE FINISHED ---
2026-09-02 21:48:04 [INFO] --- MADBOT ENGINE CYCLE STARTED ---
2026-09-02 21:48:09 [INFO] Ledger resolution complete.
2026-09-02 21:48:09 [INFO] Running neural scan on CRYPTO...
2026-09-02 21:48:26 [INFO] Scan complete: 5 setups found.
2026-09-02 21:48:26 [INFO] Skipping XAUT — active systemic position already exists.
2026-09-02 21:48:26 [INFO] Skipping BNB — active systemic position already exists.
2026-09-02 21:48:26 [INFO] Skipping PAXG — active systemic position already exists.
2026-09-02 21:48:26 [INFO] Skipping ARB — active systemic position already exists.
2026-09-02 21:48:26 [INFO] Skipping TRX — active systemic position already exists.
2026-09-02 21:48:26 [INFO] --- MADBOT ENGINE CYCLE FINISHED ---
2026-09-02 22:03:03 [INFO] --- MADBOT ENGINE CYCLE STARTED ---
2026-09-02 22:03:09 [INFO] Ledger resolution complete.
2026-09-02 22:03:09 [INFO] Running neural scan on CRYPTO...
2026-09-02 22:03:28 [INFO] Scan complete: 4 setups found.
2026-09-02 22:03:29 [INFO] SUCCESS: Systemic trade logged for ADA.
2026-09-02 22:03:29 [INFO] Skipping ARB — active systemic position already exists.
2026-09-02 22:03:30 [INFO] SUCCESS: Systemic trade logged for PAXG.
2026-09-02 22:03:30 [INFO] Skipping TRX — active systemic position already exists.
2026-09-02 22:03:30 [INFO] --- MADBOT ENGINE CYCLE FINISHED ---
2026-09-02 22:18:03 [INFO] --- MADBOT ENGINE CYCLE STARTED ---
2026-09-02 22:18:09 [INFO] Ledger resolution complete.
2026-09-02 22:18:09 [INFO] Running neural scan on CRYPTO...
2026-09-02 22:18:26 [INFO] Scan complete: 4 setups found.
2026-09-02 22:18:26 [INFO] Skipping ADA — active systemic position already exists.
2026-09-02 22:18:26 [INFO] Skipping ARB — active systemic position already exists.
2026-09-02 22:18:26 [INFO] Skipping PAXG — active systemic position already exists.
2026-09-02 22:18:26 [INFO] Skipping TRX — active systemic position already exists.
2026-09-02 22:18:26 [INFO] --- MADBOT ENGINE CYCLE FINISHED ---
2026-09-02 22:33:03 [INFO] --- MADBOT ENGINE CYCLE STARTED ---
2026-09-02 22:33:09 [INFO] Ledger resolution complete.
2026-09-02 22:33:09 [INFO] Running neural scan on CRYPTO...
2026-09-02 22:33:29 [INFO] Scan complete: 4 setups found.
2026-09-02 22:33:29 [INFO] Skipping ADA — active systemic position already exists.
2026-09-02 22:33:29 [INFO] Skipping ARB — active systemic position already exists.
2026-09-02 22:33:29 [INFO] Skipping PAXG — active systemic position already exists.
2026-09-02 22:33:29 [INFO] Skipping TRX — active systemic position already exists.
2026-09-02 22:33:29 [INFO] --- MADBOT ENGINE CYCLE FINISHED ---
2026-09-02 22:48:03 [INFO] --- MADBOT ENGINE CYCLE STARTED ---
2026-09-02 22:48:10 [INFO] Ledger resolution complete.
2026-09-02 22:48:10 [INFO] Running neural scan on CRYPTO...
2026-09-02 22:48:27 [INFO] Scan complete: 4 setups found.
2026-09-02 22:48:27 [INFO] Skipping ADA — active systemic position already exists.
2026-09-02 22:48:27 [INFO] Skipping ARB — active systemic position already exists.
2026-09-02 22:48:27 [INFO] Skipping PAXG — active systemic position already exists.
2026-09-02 22:48:27 [INFO] Skipping TRX — active systemic position already exists.
2026-09-02 22:48:27 [INFO] --- MADBOT ENGINE CYCLE FINISHED ---
2026-09-02 23:03:03 [INFO] --- MADBOT ENGINE CYCLE STARTED ---
2026-09-02 23:03:08 [INFO] Ledger resolution complete.
2026-09-02 23:03:08 [INFO] Running neural scan on CRYPTO...
2026-09-02 23:03:27 [INFO] Scan complete: 5 setups found.
2026-09-02 23:03:27 [INFO] Skipping BNB — active systemic position already exists.
2026-09-02 23:03:28 [INFO] SUCCESS: Systemic trade logged for BTC.
2026-09-02 23:03:29 [INFO] SUCCESS: Systemic trade logged for ARB.
2026-09-02 23:03:30 [INFO] SUCCESS: Systemic trade logged for XRP.
2026-09-02 23:03:31 [INFO] SUCCESS: Systemic trade logged for DOGE.
2026-09-02 23:03:31 [INFO] --- MADBOT ENGINE CYCLE FINISHED ---
2026-09-02 23:18:03 [INFO] --- MADBOT ENGINE CYCLE STARTED ---
2026-09-02 23:18:09 [INFO] Ledger resolution complete.
2026-09-02 23:18:09 [INFO] Running neural scan on CRYPTO...
2026-09-02 23:18:29 [INFO] Scan complete: 5 setups found.
2026-09-02 23:18:29 [INFO] Skipping BNB — active systemic position already exists.
2026-09-02 23:18:29 [INFO] Skipping BTC — active systemic position already exists.
2026-09-02 23:18:29 [INFO] Skipping ARB — active systemic position already exists.
2026-09-02 23:18:29 [INFO] Skipping XRP — active systemic position already exists.
2026-09-02 23:18:29 [INFO] Skipping DOGE — active systemic position already exists.
2026-09-02 23:18:29 [INFO] --- MADBOT ENGINE CYCLE FINISHED ---
2026-09-02 23:33:04 [INFO] --- MADBOT ENGINE CYCLE STARTED ---
2026-09-02 23:33:09 [INFO] Ledger resolution complete.
2026-09-02 23:33:09 [INFO] Running neural scan on CRYPTO...
2026-09-02 23:33:27 [INFO] Scan complete: 5 setups found.
2026-09-02 23:33:27 [INFO] Skipping BNB — active systemic position already exists.
2026-09-02 23:33:27 [INFO] Skipping BTC — active systemic position already exists.
2026-09-02 23:33:27 [INFO] Skipping ARB — active systemic position already exists.
2026-09-02 23:33:27 [INFO] Skipping XRP — active systemic position already exists.
2026-09-02 23:33:27 [INFO] Skipping DOGE — active systemic position already exists.
2026-09-02 23:33:27 [INFO] --- MADBOT ENGINE CYCLE FINISHED ---
2026-09-02 23:48:03 [INFO] --- MADBOT ENGINE CYCLE STARTED ---
2026-09-02 23:48:09 [INFO] Ledger resolution complete.
2026-09-02 23:48:09 [INFO] Running neural scan on CRYPTO...
2026-09-02 23:48:28 [INFO] Scan complete: 5 setups found.
2026-09-02 23:48:28 [INFO] Skipping BNB — active systemic position already exists.
2026-09-02 23:48:28 [INFO] Skipping BTC — active systemic position already exists.
2026-09-02 23:48:28 [INFO] Skipping ARB — active systemic position already exists.
2026-09-02 23:48:28 [INFO] Skipping XRP — active systemic position already exists.
2026-09-02 23:48:28 [INFO] Skipping DOGE — active systemic position already exists.
2026-09-02 23:48:28 [INFO] --- MADBOT ENGINE CYCLE FINISHED ---
2026-09-03 00:03:03 [INFO] --- MADBOT ENGINE CYCLE STARTED ---
2026-09-03 00:03:10 [INFO] Ledger resolution complete.
2026-09-03 00:03:10 [INFO] Running neural scan on CRYPTO...
2026-09-03 00:03:28 [INFO] Scan complete: 3 setups found.
2026-09-03 00:03:28 [INFO] Skipping ARB — active systemic position already exists.
2026-09-03 00:03:28 [INFO] Skipping BNB — active systemic position already exists.
2026-09-03 00:03:29 [INFO] SUCCESS: Systemic trade logged for ETH.
2026-09-03 00:03:29 [INFO] --- MADBOT ENGINE CYCLE FINISHED ---
2026-09-03 00:18:06 [INFO] --- MADBOT ENGINE CYCLE STARTED ---
2026-09-03 00:18:14 [INFO] Ledger resolution complete.
2026-09-03 00:18:14 [INFO] Running neural scan on CRYPTO...
2026-09-03 00:18:33 [INFO] Scan complete: 3 setups found.
2026-09-03 00:18:33 [INFO] Skipping ARB — active systemic position already exists.
2026-09-03 00:18:33 [INFO] Skipping BNB — active systemic position already exists.
2026-09-03 00:18:33 [INFO] Skipping ETH — active systemic position already exists.
2026-09-03 00:18:33 [INFO] --- MADBOT ENGINE CYCLE FINISHED ---
2026-09-03 00:33:06 [INFO] --- MADBOT ENGINE CYCLE STARTED ---
2026-09-03 00:33:14 [INFO] Ledger resolution complete.
2026-09-03 00:33:14 [INFO] Running neural scan on CRYPTO...
2026-09-03 00:33:35 [INFO] Scan complete: 3 setups found.
2026-09-03 00:33:35 [INFO] Skipping ARB — active systemic position already exists.
2026-09-03 00:33:35 [INFO] Skipping BNB — active systemic position already exists.
2026-09-03 00:33:35 [INFO] Skipping ETH — active systemic position already exists.
2026-09-03 00:33:35 [INFO] --- MADBOT ENGINE CYCLE FINISHED ---
2026-09-03 00:48:06 [INFO] --- MADBOT ENGINE CYCLE STARTED ---
2026-09-03 00:48:14 [INFO] Ledger resolution complete.
2026-09-03 00:48:14 [INFO] Running neural scan on CRYPTO...
2026-09-03 00:48:33 [INFO] Scan complete: 3 setups found.
2026-09-03 00:48:33 [INFO] Skipping ARB — active systemic position already exists.
2026-09-03 00:48:33 [INFO] Skipping BNB — active systemic position already exists.
2026-09-03 00:48:33 [INFO] Skipping ETH — active systemic position already exists.
2026-09-03 00:48:33 [INFO] --- MADBOT ENGINE CYCLE FINISHED ---
2026-09-03 01:03:05 [INFO] --- MADBOT ENGINE CYCLE STARTED ---
2026-09-03 01:03:13 [INFO] Ledger resolution complete.
2026-09-03 01:03:13 [INFO] Running neural scan on CRYPTO...
2026-09-03 01:03:33 [INFO] Scan complete: 4 setups found.
2026-09-03 01:03:33 [INFO] Skipping BNB — active systemic position already exists.
2026-09-03 01:03:33 [INFO] Skipping ARB — active systemic position already exists.
2026-09-03 01:03:34 [INFO] SUCCESS: Systemic trade logged for LTC.
2026-09-03 01:03:34 [INFO] Skipping DOGE — active systemic position already exists.
2026-09-03 01:03:34 [INFO] --- MADBOT ENGINE CYCLE FINISHED ---
2026-09-03 01:18:05 [INFO] --- MADBOT ENGINE CYCLE STARTED ---
2026-09-03 01:18:12 [INFO] Ledger resolution complete.
2026-09-03 01:18:12 [INFO] Running neural scan on CRYPTO...
2026-09-03 01:18:32 [INFO] Scan complete: 4 setups found.
2026-09-03 01:18:32 [INFO] Skipping BNB — active systemic position already exists.
2026-09-03 01:18:32 [INFO] Skipping ARB — active systemic position already exists.
2026-09-03 01:18:32 [INFO] Skipping LTC — active systemic position already exists.
2026-09-03 01:18:32 [INFO] Skipping DOGE — active systemic position already exists.
2026-09-03 01:18:32 [INFO] --- MADBOT ENGINE CYCLE FINISHED ---
2026-09-03 01:33:05 [INFO] --- MADBOT ENGINE CYCLE STARTED ---
2026-09-03 01:33:12 [INFO] Ledger resolution complete.
2026-09-03 01:33:12 [INFO] Running neural scan on CRYPTO...
2026-09-03 01:33:34 [INFO] Scan complete: 4 setups found.
2026-09-03 01:33:34 [INFO] Skipping BNB — active systemic position already exists.
2026-09-03 01:33:34 [INFO] Skipping ARB — active systemic position already exists.
2026-09-03 01:33:34 [INFO] Skipping LTC — active systemic position already exists.
2026-09-03 01:33:34 [INFO] Skipping DOGE — active systemic position already exists.
2026-09-03 01:33:34 [INFO] --- MADBOT ENGINE CYCLE FINISHED ---
2026-09-03 01:48:05 [INFO] --- MADBOT ENGINE CYCLE STARTED ---
2026-09-03 01:48:12 [INFO] Ledger resolution complete.
2026-09-03 01:48:12 [INFO] Running neural scan on CRYPTO...
2026-09-03 01:48:36 [INFO] Scan complete: 4 setups found.
2026-09-03 01:48:36 [INFO] Skipping BNB — active systemic position already exists.
2026-09-03 01:48:36 [INFO] Skipping ARB — active systemic position already exists.
2026-09-03 01:48:36 [INFO] Skipping LTC — active systemic position already exists.
2026-09-03 01:48:36 [INFO] Skipping DOGE — active systemic position already exists.
2026-09-03 01:48:36 [INFO] --- MADBOT ENGINE CYCLE FINISHED ---
2026-09-03 02:03:06 [INFO] --- MADBOT ENGINE CYCLE STARTED ---
2026-09-03 02:03:13 [INFO] Ledger resolution complete.
2026-09-03 02:03:13 [INFO] Running neural scan on CRYPTO...
2026-09-03 02:03:37 [INFO] Scan complete: 5 setups found.
2026-09-03 02:03:38 [INFO] SUCCESS: Systemic trade logged for ARB.
2026-09-03 02:03:38 [INFO] Skipping LTC — active systemic position already exists.
2026-09-03 02:03:38 [INFO] Skipping TRX — active systemic position already exists.
2026-09-03 02:03:39 [INFO] SUCCESS: Systemic trade logged for AVAX.
2026-09-03 02:03:39 [INFO] Skipping DOGE — active systemic position already exists.
2026-09-03 02:03:39 [INFO] --- MADBOT ENGINE CYCLE FINISHED ---
2026-09-03 02:18:05 [INFO] --- MADBOT ENGINE CYCLE STARTED ---
2026-09-03 02:18:13 [INFO] Ledger resolution complete.
2026-09-03 02:18:13 [INFO] Running neural scan on CRYPTO...
2026-09-03 02:18:34 [INFO] Scan complete: 5 setups found.
2026-09-03 02:18:34 [INFO] Skipping ARB — active systemic position already exists.
2026-09-03 02:18:34 [INFO] Skipping LTC — active systemic position already exists.
2026-09-03 02:18:34 [INFO] Skipping TRX — active systemic position already exists.
2026-09-03 02:18:34 [INFO] Skipping AVAX — active systemic position already exists.
2026-09-03 02:18:34 [INFO] Skipping DOGE — active systemic position already exists.
2026-09-03 02:18:34 [INFO] --- MADBOT ENGINE CYCLE FINISHED ---
2026-09-03 02:33:06 [INFO] --- MADBOT ENGINE CYCLE STARTED ---
2026-09-03 02:33:14 [INFO] Ledger resolution complete.
2026-09-03 02:33:14 [INFO] Running neural scan on CRYPTO...
2026-09-03 02:33:34 [INFO] Scan complete: 5 setups found.
2026-09-03 02:33:34 [INFO] Skipping ARB — active systemic position already exists.
2026-09-03 02:33:34 [INFO] Skipping LTC — active systemic position already exists.
2026-09-03 02:33:34 [INFO] Skipping TRX — active systemic position already exists.
2026-09-03 02:33:34 [INFO] Skipping AVAX — active systemic position already exists.
2026-09-03 02:33:34 [INFO] Skipping DOGE — active systemic position already exists.
2026-09-03 02:33:34 [INFO] --- MADBOT ENGINE CYCLE FINISHED ---
2026-09-03 02:48:08 [INFO] --- MADBOT ENGINE CYCLE STARTED ---
2026-09-03 02:48:21 [INFO] Ledger resolution complete.
2026-09-03 02:48:21 [INFO] Running neural scan on CRYPTO...
2026-09-03 02:48:41 [INFO] Scan complete: 5 setups found.
2026-09-03 02:48:41 [INFO] Skipping ARB — active systemic position already exists.
2026-09-03 02:48:41 [INFO] Skipping LTC — active systemic position already exists.
2026-09-03 02:48:41 [INFO] Skipping TRX — active systemic position already exists.
2026-09-03 02:48:41 [INFO] Skipping AVAX — active systemic position already exists.
2026-09-03 02:48:41 [INFO] Skipping DOGE — active systemic position already exists.
2026-09-03 02:48:41 [INFO] --- MADBOT ENGINE CYCLE FINISHED ---
2026-09-03 03:03:04 [INFO] --- MADBOT ENGINE CYCLE STARTED ---
2026-09-03 03:03:11 [INFO] Ledger resolution complete.
2026-09-03 03:03:11 [INFO] Running neural scan on CRYPTO...
2026-09-03 03:03:32 [INFO] Scan complete: 1 setups found.
2026-09-03 03:03:33 [INFO] Skipping LTC — active systemic position already exists.
2026-09-03 03:03:33 [INFO] --- MADBOT ENGINE CYCLE FINISHED ---
2026-09-03 03:18:04 [INFO] --- MADBOT ENGINE CYCLE STARTED ---
2026-09-03 03:18:12 [INFO] Ledger resolution complete.
2026-09-03 03:18:12 [INFO] Running neural scan on CRYPTO...
2026-09-03 03:18:33 [INFO] Scan complete: 1 setups found.
2026-09-03 03:18:33 [INFO] Skipping LTC — active systemic position already exists.
2026-09-03 03:18:33 [INFO] --- MADBOT ENGINE CYCLE FINISHED ---
2026-09-03 03:33:04 [INFO] --- MADBOT ENGINE CYCLE STARTED ---
2026-09-03 03:33:11 [INFO] Ledger resolution complete.
2026-09-03 03:33:11 [INFO] Running neural scan on CRYPTO...
2026-09-03 03:33:34 [INFO] Scan complete: 1 setups found.
2026-09-03 03:33:34 [INFO] Skipping LTC — active systemic position already exists.
2026-09-03 03:33:34 [INFO] --- MADBOT ENGINE CYCLE FINISHED ---
2026-09-03 03:48:04 [INFO] --- MADBOT ENGINE CYCLE STARTED ---
2026-09-03 03:48:11 [INFO] Ledger resolution complete.
2026-09-03 03:48:11 [INFO] Running neural scan on CRYPTO...
2026-09-03 03:48:32 [INFO] Scan complete: 1 setups found.
2026-09-03 03:48:32 [INFO] Skipping LTC — active systemic position already exists.
2026-09-03 03:48:32 [INFO] --- MADBOT ENGINE CYCLE FINISHED ---
2026-09-03 04:03:04 [INFO] --- MADBOT ENGINE CYCLE STARTED ---
2026-09-03 04:03:11 [INFO] Ledger resolution complete.
2026-09-03 04:03:11 [INFO] Running neural scan on CRYPTO...
2026-09-03 04:03:32 [INFO] Scan complete: 5 setups found.
2026-09-03 04:03:32 [INFO] Skipping ADA — active systemic position already exists.
2026-09-03 04:03:32 [INFO] Skipping AVAX — active systemic position already exists.
2026-09-03 04:03:32 [INFO] Skipping DOGE — active systemic position already exists.
2026-09-03 04:03:33 [INFO] SUCCESS: Systemic trade logged for LINK.
2026-09-03 04:03:35 [INFO] SUCCESS: Systemic trade logged for PEPE.
2026-09-03 04:03:35 [INFO] --- MADBOT ENGINE CYCLE FINISHED ---
2026-09-03 04:18:04 [INFO] --- MADBOT ENGINE CYCLE STARTED ---
2026-09-03 04:18:12 [INFO] Ledger resolution complete.
2026-09-03 04:18:12 [INFO] Running neural scan on CRYPTO...
2026-09-03 04:18:32 [INFO] Scan complete: 5 setups found.
2026-09-03 04:18:32 [INFO] Skipping ADA — active systemic position already exists.
2026-09-03 04:18:32 [INFO] Skipping AVAX — active systemic position already exists.
2026-09-03 04:18:32 [INFO] Skipping DOGE — active systemic position already exists.
2026-09-03 04:18:32 [INFO] Skipping LINK — active systemic position already exists.
2026-09-03 04:18:32 [INFO] Skipping PEPE — active systemic position already exists.
2026-09-03 04:18:32 [INFO] --- MADBOT ENGINE CYCLE FINISHED ---
2026-09-03 04:33:04 [INFO] --- MADBOT ENGINE CYCLE STARTED ---
2026-09-03 04:33:11 [INFO] Ledger resolution complete.
2026-09-03 04:33:11 [INFO] Running neural scan on CRYPTO...
2026-09-03 04:33:32 [INFO] Scan complete: 5 setups found.
2026-09-03 04:33:32 [INFO] Skipping ADA — active systemic position already exists.
2026-09-03 04:33:32 [INFO] Skipping AVAX — active systemic position already exists.
2026-09-03 04:33:32 [INFO] Skipping DOGE — active systemic position already exists.
2026-09-03 04:33:32 [INFO] Skipping LINK — active systemic position already exists.
2026-09-03 04:33:32 [INFO] Skipping PEPE — active systemic position already exists.
2026-09-03 04:33:32 [INFO] --- MADBOT ENGINE CYCLE FINISHED ---
2026-09-03 04:48:04 [INFO] --- MADBOT ENGINE CYCLE STARTED ---
2026-09-03 04:48:11 [INFO] Ledger resolution complete.
2026-09-03 04:48:11 [INFO] Running neural scan on CRYPTO...
2026-09-03 04:48:33 [INFO] Scan complete: 5 setups found.
2026-09-03 04:48:33 [INFO] Skipping ADA — active systemic position already exists.
2026-09-03 04:48:33 [INFO] Skipping AVAX — active systemic position already exists.
2026-09-03 04:48:33 [INFO] Skipping DOGE — active systemic position already exists.
2026-09-03 04:48:33 [INFO] Skipping LINK — active systemic position already exists.
2026-09-03 04:48:33 [INFO] Skipping PEPE — active systemic position already exists.
2026-09-03 04:48:33 [INFO] --- MADBOT ENGINE CYCLE FINISHED ---
2026-09-03 05:03:04 [INFO] --- MADBOT ENGINE CYCLE STARTED ---
2026-09-03 05:03:13 [INFO] Ledger resolution complete.
2026-09-03 05:03:13 [INFO] Running neural scan on CRYPTO...
2026-09-03 05:03:31 [INFO] Scan complete: 1 setups found.
2026-09-03 05:03:31 [INFO] Skipping LTC — active systemic position already exists.
2026-09-03 05:03:31 [INFO] --- MADBOT ENGINE CYCLE FINISHED ---
2026-09-03 05:18:05 [INFO] --- MADBOT ENGINE CYCLE STARTED ---
2026-09-03 05:18:14 [INFO] Ledger resolution complete.
2026-09-03 05:18:14 [INFO] Running neural scan on CRYPTO...
2026-09-03 05:18:34 [INFO] Scan complete: 1 setups found.
2026-09-03 05:18:34 [INFO] Skipping LTC — active systemic position already exists.
2026-09-03 05:18:34 [INFO] --- MADBOT ENGINE CYCLE FINISHED ---
2026-09-03 05:33:05 [INFO] --- MADBOT ENGINE CYCLE STARTED ---
2026-09-03 05:33:15 [INFO] Ledger resolution complete.
2026-09-03 05:33:15 [INFO] Running neural scan on CRYPTO...
2026-09-03 05:33:35 [INFO] Scan complete: 1 setups found.
2026-09-03 05:33:35 [INFO] Skipping LTC — active systemic position already exists.
2026-09-03 05:33:35 [INFO] --- MADBOT ENGINE CYCLE FINISHED ---
2026-09-03 05:48:05 [INFO] --- MADBOT ENGINE CYCLE STARTED ---
2026-09-03 05:48:13 [INFO] Ledger resolution complete.
2026-09-03 05:48:13 [INFO] Running neural scan on CRYPTO...
2026-09-03 05:48:32 [INFO] Scan complete: 1 setups found.
2026-09-03 05:48:32 [INFO] Skipping LTC — active systemic position already exists.
2026-09-03 05:48:32 [INFO] --- MADBOT ENGINE CYCLE FINISHED ---
2026-09-03 06:03:04 [INFO] --- MADBOT ENGINE CYCLE STARTED ---
2026-09-03 06:03:12 [INFO] Ledger resolution complete.
2026-09-03 06:03:12 [INFO] Running neural scan on CRYPTO...
2026-09-03 06:03:32 [INFO] Scan complete: No valid setups detected.
2026-09-03 06:18:05 [INFO] --- MADBOT ENGINE CYCLE STARTED ---
2026-09-03 06:18:13 [INFO] Ledger resolution complete.
2026-09-03 06:18:13 [INFO] Running neural scan on CRYPTO...
2026-09-03 06:18:32 [INFO] Scan complete: No valid setups detected.
2026-09-03 06:33:04 [INFO] --- MADBOT ENGINE CYCLE STARTED ---
2026-09-03 06:33:12 [INFO] Ledger resolution complete.
2026-09-03 06:33:12 [INFO] Running neural scan on CRYPTO...
2026-09-03 06:33:32 [INFO] Scan complete: No valid setups detected.
2026-09-03 06:48:05 [INFO] --- MADBOT ENGINE CYCLE STARTED ---
2026-09-03 06:48:14 [INFO] Ledger resolution complete.
2026-09-03 06:48:14 [INFO] Running neural scan on CRYPTO...
2026-09-03 06:48:34 [INFO] Scan complete: No valid setups detected.
2026-09-03 07:03:05 [INFO] --- MADBOT ENGINE CYCLE STARTED ---
2026-09-03 07:03:13 [INFO] Ledger resolution complete.
2026-09-03 07:03:13 [INFO] Running neural scan on CRYPTO...
2026-09-03 07:03:30 [INFO] Scan complete: 4 setups found.
2026-09-03 07:03:30 [INFO] Skipping ARB — active systemic position already exists.
2026-09-03 07:03:31 [INFO] SUCCESS: Systemic trade logged for ADA.
2026-09-03 07:03:31 [INFO] Skipping PEPE — active systemic position already exists.
2026-09-03 07:03:32 [INFO] SUCCESS: Systemic trade logged for TRUMP.
2026-09-03 07:03:32 [INFO] --- MADBOT ENGINE CYCLE FINISHED ---
2026-09-03 07:18:04 [INFO] --- MADBOT ENGINE CYCLE STARTED ---
2026-09-03 07:18:12 [INFO] Ledger resolution complete.
2026-09-03 07:18:12 [INFO] Running neural scan on CRYPTO...
2026-09-03 07:18:33 [INFO] Scan complete: 4 setups found.
2026-09-03 07:18:33 [INFO] Skipping ARB — active systemic position already exists.
2026-09-03 07:18:33 [INFO] Skipping ADA — active systemic position already exists.
2026-09-03 07:18:33 [INFO] Skipping PEPE — active systemic position already exists.
2026-09-03 07:18:33 [INFO] Skipping TRUMP — active systemic position already exists.
2026-09-03 07:18:33 [INFO] --- MADBOT ENGINE CYCLE FINISHED ---
2026-09-03 07:33:05 [INFO] --- MADBOT ENGINE CYCLE STARTED ---
2026-09-03 07:33:13 [INFO] Ledger resolution complete.
2026-09-03 07:33:13 [INFO] Running neural scan on CRYPTO...
2026-09-03 07:33:32 [INFO] Scan complete: 4 setups found.
2026-09-03 07:33:32 [INFO] Skipping ARB — active systemic position already exists.
2026-09-03 07:33:32 [INFO] Skipping ADA — active systemic position already exists.
2026-09-03 07:33:32 [INFO] Skipping PEPE — active systemic position already exists.
2026-09-03 07:33:32 [INFO] Skipping TRUMP — active systemic position already exists.
2026-09-03 07:33:32 [INFO] --- MADBOT ENGINE CYCLE FINISHED ---
2026-09-03 07:48:04 [INFO] --- MADBOT ENGINE CYCLE STARTED ---
2026-09-03 07:48:12 [INFO] Ledger resolution complete.
2026-09-03 07:48:12 [INFO] Running neural scan on CRYPTO...
2026-09-03 07:48:30 [INFO] Scan complete: 4 setups found.
2026-09-03 07:48:30 [INFO] Skipping ARB — active systemic position already exists.
2026-09-03 07:48:30 [INFO] Skipping ADA — active systemic position already exists.
2026-09-03 07:48:30 [INFO] Skipping PEPE — active systemic position already exists.
2026-09-03 07:48:30 [INFO] Skipping TRUMP — active systemic position already exists.
2026-09-03 07:48:30 [INFO] --- MADBOT ENGINE CYCLE FINISHED ---
2026-09-03 08:03:04 [INFO] --- MADBOT ENGINE CYCLE STARTED ---
2026-09-03 08:03:13 [INFO] Ledger resolution complete.
2026-09-03 08:03:13 [INFO] Running neural scan on CRYPTO...
2026-09-03 08:03:35 [INFO] Scan complete: No valid setups detected.
2026-09-03 08:18:05 [INFO] --- MADBOT ENGINE CYCLE STARTED ---
2026-09-03 08:18:14 [INFO] Ledger resolution complete.
2026-09-03 08:18:14 [INFO] Running neural scan on CRYPTO...
2026-09-03 08:18:33 [INFO] Scan complete: No valid setups detected.
2026-09-03 08:33:04 [INFO] --- MADBOT ENGINE CYCLE STARTED ---
2026-09-03 08:33:12 [INFO] Ledger resolution complete.
2026-09-03 08:33:12 [INFO] Running neural scan on CRYPTO...
2026-09-03 08:33:32 [INFO] Scan complete: No valid setups detected.
2026-09-03 08:48:04 [INFO] --- MADBOT ENGINE CYCLE STARTED ---
2026-09-03 08:48:12 [INFO] Ledger resolution complete.
2026-09-03 08:48:12 [INFO] Running neural scan on CRYPTO...
2026-09-03 08:48:32 [INFO] Scan complete: No valid setups detected.
2026-09-03 09:03:05 [INFO] --- MADBOT ENGINE CYCLE STARTED ---
2026-09-03 09:03:13 [INFO] Ledger resolution complete.
2026-09-03 09:03:13 [INFO] Running neural scan on CRYPTO...
2026-09-03 09:03:35 [INFO] Scan complete: 5 setups found.
2026-09-03 09:03:35 [INFO] Skipping DOGE — active systemic position already exists.
2026-09-03 09:03:35 [INFO] Skipping BNB — active systemic position already exists.
2026-09-03 09:03:35 [INFO] Skipping PEPE — active systemic position already exists.
2026-09-03 09:03:35 [INFO] Skipping BTC — active systemic position already exists.
2026-09-03 09:03:35 [INFO] Skipping LINK — active systemic position already exists.
2026-09-03 09:03:35 [INFO] --- MADBOT ENGINE CYCLE FINISHED ---
2026-09-03 09:18:04 [INFO] --- MADBOT ENGINE CYCLE STARTED ---
2026-09-03 09:18:13 [INFO] Ledger resolution complete.
2026-09-03 09:18:13 [INFO] Running neural scan on CRYPTO...
2026-09-03 09:18:33 [INFO] Scan complete: 5 setups found.
2026-09-03 09:18:33 [INFO] Skipping DOGE — active systemic position already exists.
2026-09-03 09:18:33 [INFO] Skipping BNB — active systemic position already exists.
2026-09-03 09:18:33 [INFO] Skipping PEPE — active systemic position already exists.
2026-09-03 09:18:33 [INFO] Skipping BTC — active systemic position already exists.
2026-09-03 09:18:33 [INFO] Skipping LINK — active systemic position already exists.
2026-09-03 09:18:33 [INFO] --- MADBOT ENGINE CYCLE FINISHED ---
2026-09-03 09:33:04 [INFO] --- MADBOT ENGINE CYCLE STARTED ---
2026-09-03 09:33:12 [INFO] Ledger resolution complete.
2026-09-03 09:33:12 [INFO] Running neural scan on CRYPTO...
2026-09-03 09:33:31 [INFO] Scan complete: 5 setups found.
2026-09-03 09:33:31 [INFO] Skipping DOGE — active systemic position already exists.
2026-09-03 09:33:31 [INFO] Skipping BNB — active systemic position already exists.
2026-09-03 09:33:31 [INFO] Skipping PEPE — active systemic position already exists.
2026-09-03 09:33:31 [INFO] Skipping BTC — active systemic position already exists.
2026-09-03 09:33:31 [INFO] Skipping LINK — active systemic position already exists.
2026-09-03 09:33:31 [INFO] --- MADBOT ENGINE CYCLE FINISHED ---
2026-09-03 09:48:05 [INFO] --- MADBOT ENGINE CYCLE STARTED ---
2026-09-03 09:48:12 [INFO] Ledger resolution complete.
2026-09-03 09:48:12 [INFO] Running neural scan on CRYPTO...
2026-09-03 09:48:33 [INFO] Scan complete: 5 setups found.
2026-09-03 09:48:33 [INFO] Skipping DOGE — active systemic position already exists.
2026-09-03 09:48:33 [INFO] Skipping BNB — active systemic position already exists.
2026-09-03 09:48:33 [INFO] Skipping PEPE — active systemic position already exists.
2026-09-03 09:48:33 [INFO] Skipping BTC — active systemic position already exists.
2026-09-03 09:48:33 [INFO] Skipping LINK — active systemic position already exists.
2026-09-03 09:48:33 [INFO] --- MADBOT ENGINE CYCLE FINISHED ---
2026-09-03 10:03:05 [INFO] --- MADBOT ENGINE CYCLE STARTED ---
2026-09-03 10:03:13 [INFO] Ledger resolution complete.
2026-09-03 10:03:13 [INFO] Running neural scan on CRYPTO...
2026-09-03 10:03:32 [INFO] Scan complete: 5 setups found.
2026-09-03 10:03:33 [INFO] SUCCESS: Systemic trade logged for HEMI.
2026-09-03 10:03:34 [INFO] SUCCESS: Systemic trade logged for BNB.
2026-09-03 10:03:34 [INFO] Skipping BTC — active systemic position already exists.
2026-09-03 10:03:34 [INFO] Skipping PEPE — active systemic position already exists.
2026-09-03 10:03:35 [INFO] SUCCESS: Systemic trade logged for SOL.
2026-09-03 10:03:35 [INFO] --- MADBOT ENGINE CYCLE FINISHED ---
2026-09-03 10:18:05 [INFO] --- MADBOT ENGINE CYCLE STARTED ---
2026-09-03 10:18:13 [INFO] Ledger resolution complete.
2026-09-03 10:18:13 [INFO] Running neural scan on CRYPTO...
2026-09-03 10:18:33 [INFO] Scan complete: 5 setups found.
2026-09-03 10:18:33 [INFO] Skipping HEMI — active systemic position already exists.
2026-09-03 10:18:33 [INFO] Skipping BNB — active systemic position already exists.
2026-09-03 10:18:33 [INFO] Skipping BTC — active systemic position already exists.
2026-09-03 10:18:33 [INFO] Skipping PEPE — active systemic position already exists.
2026-09-03 10:18:33 [INFO] Skipping SOL — active systemic position already exists.
2026-09-03 10:18:33 [INFO] --- MADBOT ENGINE CYCLE FINISHED ---
2026-09-03 10:33:04 [INFO] --- MADBOT ENGINE CYCLE STARTED ---
2026-09-03 10:33:12 [INFO] Ledger resolution complete.
2026-09-03 10:33:12 [INFO] Running neural scan on CRYPTO...
2026-09-03 10:33:32 [INFO] Scan complete: 5 setups found.
2026-09-03 10:33:32 [INFO] Skipping HEMI — active systemic position already exists.
2026-09-03 10:33:32 [INFO] Skipping BNB — active systemic position already exists.
2026-09-03 10:33:32 [INFO] Skipping BTC — active systemic position already exists.
2026-09-03 10:33:32 [INFO] Skipping PEPE — active systemic position already exists.
2026-09-03 10:33:32 [INFO] Skipping SOL — active systemic position already exists.
2026-09-03 10:33:32 [INFO] --- MADBOT ENGINE CYCLE FINISHED ---
2026-09-03 10:48:05 [INFO] --- MADBOT ENGINE CYCLE STARTED ---
2026-09-03 10:48:12 [INFO] Ledger resolution complete.
2026-09-03 10:48:12 [INFO] Running neural scan on CRYPTO...
2026-09-03 10:48:32 [INFO] Scan complete: 5 setups found.
2026-09-03 10:48:32 [INFO] Skipping HEMI — active systemic position already exists.
2026-09-03 10:48:32 [INFO] Skipping BNB — active systemic position already exists.
2026-09-03 10:48:32 [INFO] Skipping BTC — active systemic position already exists.
2026-09-03 10:48:32 [INFO] Skipping PEPE — active systemic position already exists.
2026-09-03 10:48:32 [INFO] Skipping SOL — active systemic position already exists.
2026-09-03 10:48:32 [INFO] --- MADBOT ENGINE CYCLE FINISHED ---
2026-09-03 11:03:06 [INFO] --- MADBOT ENGINE CYCLE STARTED ---
2026-09-03 11:03:14 [INFO] Ledger resolution complete.
2026-09-03 11:03:14 [INFO] Running neural scan on CRYPTO...
2026-09-03 11:03:35 [INFO] Scan complete: 5 setups found.
2026-09-03 11:03:35 [INFO] Skipping HEMI — active systemic position already exists.
2026-09-03 11:03:36 [INFO] SUCCESS: Systemic trade logged for XAUT.
2026-09-03 11:03:36 [INFO] Skipping LINK — active systemic position already exists.
2026-09-03 11:03:36 [INFO] Skipping BNB — active systemic position already exists.
2026-09-03 11:03:36 [INFO] Skipping AVAX — active systemic position already exists.
2026-09-03 11:03:36 [INFO] --- MADBOT ENGINE CYCLE FINISHED ---
2026-09-03 11:18:06 [INFO] --- MADBOT ENGINE CYCLE STARTED ---
2026-09-03 11:18:15 [INFO] Ledger resolution complete.
2026-09-03 11:18:15 [INFO] Running neural scan on CRYPTO...
2026-09-03 11:18:33 [INFO] Scan complete: 5 setups found.
2026-09-03 11:18:34 [INFO] SUCCESS: Systemic trade logged for PROM.
2026-09-03 11:18:34 [INFO] Skipping HEMI — active systemic position already exists.
2026-09-03 11:18:34 [INFO] Skipping XAUT — active systemic position already exists.
2026-09-03 11:18:34 [INFO] Skipping LINK — active systemic position already exists.
2026-09-03 11:18:34 [INFO] Skipping BNB — active systemic position already exists.
2026-09-03 11:18:34 [INFO] --- MADBOT ENGINE CYCLE FINISHED ---
2026-09-03 11:33:06 [INFO] --- MADBOT ENGINE CYCLE STARTED ---
2026-09-03 11:33:13 [INFO] Ledger resolution complete.
2026-09-03 11:33:13 [INFO] Running neural scan on CRYPTO...
2026-09-03 11:33:32 [INFO] Scan complete: 5 setups found.
2026-09-03 11:33:32 [INFO] Skipping PROM — active systemic position already exists.
2026-09-03 11:33:32 [INFO] Skipping HEMI — active systemic position already exists.
2026-09-03 11:33:33 [INFO] Skipping XAUT — active systemic position already exists.
2026-09-03 11:33:33 [INFO] Skipping LINK — active systemic position already exists.
2026-09-03 11:33:33 [INFO] Skipping BNB — active systemic position already exists.
2026-09-03 11:33:33 [INFO] --- MADBOT ENGINE CYCLE FINISHED ---
2026-09-03 11:48:06 [INFO] --- MADBOT ENGINE CYCLE STARTED ---
2026-09-03 11:48:14 [INFO] Ledger resolution complete.
2026-09-03 11:48:14 [INFO] Running neural scan on CRYPTO...
2026-09-03 11:48:36 [INFO] Scan complete: 5 setups found.
2026-09-03 11:48:36 [INFO] Skipping PROM — active systemic position already exists.
2026-09-03 11:48:36 [INFO] Skipping HEMI — active systemic position already exists.
2026-09-03 11:48:36 [INFO] Skipping XAUT — active systemic position already exists.
2026-09-03 11:48:36 [INFO] Skipping LINK — active systemic position already exists.
2026-09-03 11:48:36 [INFO] Skipping BNB — active systemic position already exists.
2026-09-03 11:48:36 [INFO] --- MADBOT ENGINE CYCLE FINISHED ---
2026-09-03 12:03:05 [INFO] --- MADBOT ENGINE CYCLE STARTED ---
2026-09-03 12:03:14 [INFO] Ledger resolution complete.
2026-09-03 12:03:14 [INFO] Running neural scan on CRYPTO...
2026-09-03 12:03:32 [INFO] Scan complete: 5 setups found.
2026-09-03 12:03:32 [INFO] Skipping BNB — active systemic position already exists.
2026-09-03 12:03:33 [INFO] SUCCESS: Systemic trade logged for HEMI.
2026-09-03 12:03:33 [INFO] Skipping XAUT — active systemic position already exists.
2026-09-03 12:03:33 [INFO] Skipping LINK — active systemic position already exists.
2026-09-03 12:03:33 [INFO] Skipping SOL — active systemic position already exists.
2026-09-03 12:03:33 [INFO] --- MADBOT ENGINE CYCLE FINISHED ---
2026-09-03 12:18:06 [INFO] --- MADBOT ENGINE CYCLE STARTED ---
2026-09-03 12:18:14 [INFO] Ledger resolution complete.
2026-09-03 12:18:14 [INFO] Running neural scan on CRYPTO...
2026-09-03 12:18:37 [INFO] Scan complete: 5 setups found.
2026-09-03 12:18:37 [INFO] Skipping BNB — active systemic position already exists.
2026-09-03 12:18:37 [INFO] Skipping HEMI — active systemic position already exists.
2026-09-03 12:18:37 [INFO] Skipping XAUT — active systemic position already exists.
2026-09-03 12:18:37 [INFO] Skipping LINK — active systemic position already exists.
2026-09-03 12:18:37 [INFO] Skipping SOL — active systemic position already exists.
2026-09-03 12:18:37 [INFO] --- MADBOT ENGINE CYCLE FINISHED ---
2026-09-03 12:33:05 [INFO] --- MADBOT ENGINE CYCLE STARTED ---
2026-09-03 12:33:13 [INFO] Ledger resolution complete.
2026-09-03 12:33:13 [INFO] Running neural scan on CRYPTO...
2026-09-03 12:33:33 [INFO] Scan complete: 5 setups found.
2026-09-03 12:33:33 [INFO] Skipping BNB — active systemic position already exists.
2026-09-03 12:33:33 [INFO] Skipping HEMI — active systemic position already exists.
2026-09-03 12:33:33 [INFO] Skipping XAUT — active systemic position already exists.
2026-09-03 12:33:33 [INFO] Skipping LINK — active systemic position already exists.
2026-09-03 12:33:33 [INFO] Skipping SOL — active systemic position already exists.
2026-09-03 12:33:33 [INFO] --- MADBOT ENGINE CYCLE FINISHED ---
2026-09-03 12:48:06 [INFO] --- MADBOT ENGINE CYCLE STARTED ---
2026-09-03 12:48:13 [INFO] Ledger resolution complete.
2026-09-03 12:48:13 [INFO] Running neural scan on CRYPTO...
2026-09-03 12:48:33 [INFO] Scan complete: 5 setups found.
2026-09-03 12:48:33 [INFO] Skipping BNB — active systemic position already exists.
2026-09-03 12:48:33 [INFO] Skipping HEMI — active systemic position already exists.
2026-09-03 12:48:33 [INFO] Skipping XAUT — active systemic position already exists.
2026-09-03 12:48:33 [INFO] Skipping LINK — active systemic position already exists.
2026-09-03 12:48:33 [INFO] Skipping SOL — active systemic position already exists.
2026-09-03 12:48:33 [INFO] --- MADBOT ENGINE CYCLE FINISHED ---
2026-09-03 13:03:05 [INFO] --- MADBOT ENGINE CYCLE STARTED ---
2026-09-03 13:03:12 [INFO] Ledger resolution complete.
2026-09-03 13:03:12 [INFO] Running neural scan on CRYPTO...
2026-09-03 13:03:27 [INFO] Scan complete: 5 setups found.
2026-09-03 13:03:28 [INFO] Skipping BNB — active systemic position already exists.
2026-09-03 13:03:28 [INFO] Skipping BTC — active systemic position already exists.
2026-09-03 13:03:28 [INFO] SUCCESS: Systemic trade logged for ZEC.
2026-09-03 13:03:28 [INFO] Skipping TRX — active systemic position already exists.
2026-09-03 13:03:28 [INFO] Skipping PROM — active systemic position already exists.
2026-09-03 13:03:28 [INFO] --- MADBOT ENGINE CYCLE FINISHED ---
2026-09-03 13:18:05 [INFO] --- MADBOT ENGINE CYCLE STARTED ---
2026-09-03 13:18:12 [INFO] Ledger resolution complete.
2026-09-03 13:18:12 [INFO] Running neural scan on CRYPTO...
2026-09-03 13:18:28 [INFO] Scan complete: 5 setups found.
2026-09-03 13:18:28 [INFO] Skipping BNB — active systemic position already exists.
2026-09-03 13:18:28 [INFO] Skipping BTC — active systemic position already exists.
2026-09-03 13:18:28 [INFO] Skipping ZEC — active systemic position already exists.
2026-09-03 13:18:28 [INFO] Skipping TRX — active systemic position already exists.
2026-09-03 13:18:28 [INFO] Skipping PROM — active systemic position already exists.
2026-09-03 13:18:28 [INFO] --- MADBOT ENGINE CYCLE FINISHED ---
2026-09-03 13:33:07 [INFO] --- MADBOT ENGINE CYCLE STARTED ---
2026-09-03 13:33:19 [INFO] Ledger resolution complete.
2026-09-03 13:33:19 [INFO] Running neural scan on CRYPTO...
2026-09-03 13:33:35 [INFO] Scan complete: 5 setups found.
2026-09-03 13:33:35 [INFO] Skipping BTC — active systemic position already exists.
2026-09-03 13:33:35 [INFO] Skipping BNB — active systemic position already exists.
2026-09-03 13:33:35 [INFO] Skipping ZEC — active systemic position already exists.
2026-09-03 13:33:35 [INFO] Skipping TRX — active systemic position already exists.
2026-09-03 13:33:35 [INFO] Skipping PROM — active systemic position already exists.
2026-09-03 13:33:35 [INFO] --- MADBOT ENGINE CYCLE FINISHED ---
2026-09-03 13:48:05 [INFO] --- MADBOT ENGINE CYCLE STARTED ---
2026-09-03 13:48:12 [INFO] Ledger resolution complete.
2026-09-03 13:48:12 [INFO] Running neural scan on CRYPTO...
2026-09-03 13:48:29 [INFO] Scan complete: 5 setups found.
2026-09-03 13:48:29 [INFO] Skipping BNB — active systemic position already exists.
2026-09-03 13:48:29 [INFO] Skipping BTC — active systemic position already exists.
2026-09-03 13:48:29 [INFO] Skipping ZEC — active systemic position already exists.
2026-09-03 13:48:29 [INFO] Skipping TRX — active systemic position already exists.
2026-09-03 13:48:29 [INFO] Skipping PROM — active systemic position already exists.
2026-09-03 13:48:29 [INFO] --- MADBOT ENGINE CYCLE FINISHED ---
2026-09-03 14:03:04 [INFO] --- MADBOT ENGINE CYCLE STARTED ---
2026-09-03 14:03:12 [INFO] Ledger resolution complete.
2026-09-03 14:03:12 [INFO] Running neural scan on CRYPTO...
2026-09-03 14:03:29 [INFO] Scan complete: 5 setups found.
2026-09-03 14:03:29 [INFO] Skipping BNB — active systemic position already exists.
2026-09-03 14:03:29 [INFO] Skipping BTC — active systemic position already exists.
2026-09-03 14:03:29 [INFO] Skipping ETH — active systemic position already exists.
2026-09-03 14:03:30 [INFO] SUCCESS: Systemic trade logged for ARB.
2026-09-03 14:03:30 [INFO] Skipping ZEC — active systemic position already exists.
2026-09-03 14:03:30 [INFO] --- MADBOT ENGINE CYCLE FINISHED ---
2026-09-03 14:18:04 [INFO] --- MADBOT ENGINE CYCLE STARTED ---
2026-09-03 14:18:13 [INFO] Ledger resolution complete.
2026-09-03 14:18:13 [INFO] Running neural scan on CRYPTO...
2026-09-03 14:18:32 [INFO] Scan complete: 5 setups found.
2026-09-03 14:18:32 [INFO] Skipping BNB — active systemic position already exists.
2026-09-03 14:18:32 [INFO] Skipping BTC — active systemic position already exists.
2026-09-03 14:18:32 [INFO] Skipping ETH — active systemic position already exists.
2026-09-03 14:18:32 [INFO] Skipping ARB — active systemic position already exists.
2026-09-03 14:18:32 [INFO] Skipping ZEC — active systemic position already exists.
2026-09-03 14:18:32 [INFO] --- MADBOT ENGINE CYCLE FINISHED ---
2026-09-03 14:33:04 [INFO] --- MADBOT ENGINE CYCLE STARTED ---
2026-09-03 14:33:12 [INFO] Ledger resolution complete.
2026-09-03 14:33:12 [INFO] Running neural scan on CRYPTO...
2026-09-03 14:33:30 [INFO] Scan complete: 5 setups found.
2026-09-03 14:33:30 [INFO] Skipping BNB — active systemic position already exists.
2026-09-03 14:33:30 [INFO] Skipping BTC — active systemic position already exists.
2026-09-03 14:33:30 [INFO] Skipping ETH — active systemic position already exists.
2026-09-03 14:33:30 [INFO] Skipping ARB — active systemic position already exists.
2026-09-03 14:33:30 [INFO] Skipping ZEC — active systemic position already exists.
2026-09-03 14:33:30 [INFO] --- MADBOT ENGINE CYCLE FINISHED ---
2026-09-03 14:48:05 [INFO] --- MADBOT ENGINE CYCLE STARTED ---
2026-09-03 14:48:12 [INFO] Ledger resolution complete.
2026-09-03 14:48:12 [INFO] Running neural scan on CRYPTO...
2026-09-03 14:48:31 [INFO] Scan complete: 5 setups found.
2026-09-03 14:48:31 [INFO] Skipping BNB — active systemic position already exists.
2026-09-03 14:48:31 [INFO] Skipping BTC — active systemic position already exists.
2026-09-03 14:48:31 [INFO] Skipping ETH — active systemic position already exists.
2026-09-03 14:48:31 [INFO] Skipping ARB — active systemic position already exists.
2026-09-03 14:48:31 [INFO] Skipping ZEC — active systemic position already exists.
2026-09-03 14:48:31 [INFO] --- MADBOT ENGINE CYCLE FINISHED ---
2026-09-03 15:03:04 [INFO] --- MADBOT ENGINE CYCLE STARTED ---
2026-09-03 15:03:11 [INFO] Ledger resolution complete.
2026-09-03 15:03:11 [INFO] Running neural scan on CRYPTO...
2026-09-03 15:03:31 [INFO] Scan complete: 5 setups found.
2026-09-03 15:03:31 [INFO] Skipping BNB — active systemic position already exists.
2026-09-03 15:03:31 [INFO] Skipping ARB — active systemic position already exists.
2026-09-03 15:03:32 [INFO] SUCCESS: Systemic trade logged for XRP.
2026-09-03 15:03:33 [INFO] SUCCESS: Systemic trade logged for ADA.
2026-09-03 15:03:34 [INFO] SUCCESS: Systemic trade logged for ATOM.
2026-09-03 15:03:34 [INFO] --- MADBOT ENGINE CYCLE FINISHED ---
2026-09-03 15:18:04 [INFO] --- MADBOT ENGINE CYCLE STARTED ---
2026-09-03 15:18:11 [INFO] Ledger resolution complete.
2026-09-03 15:18:11 [INFO] Running neural scan on CRYPTO...
2026-09-03 15:18:29 [INFO] Scan complete: 5 setups found.
2026-09-03 15:18:29 [INFO] Skipping BNB — active systemic position already exists.
2026-09-03 15:18:29 [INFO] Skipping ARB — active systemic position already exists.
2026-09-03 15:18:29 [INFO] Skipping XRP — active systemic position already exists.
2026-09-03 15:18:29 [INFO] Skipping ADA — active systemic position already exists.
2026-09-03 15:18:29 [INFO] Skipping ATOM — active systemic position already exists.
2026-09-03 15:18:29 [INFO] --- MADBOT ENGINE CYCLE FINISHED ---
2026-09-03 15:33:03 [INFO] --- MADBOT ENGINE CYCLE STARTED ---
2026-09-03 15:33:12 [INFO] Ledger resolution complete.
2026-09-03 15:33:12 [INFO] Running neural scan on CRYPTO...
2026-09-03 15:33:21 [INFO] Scan complete: No valid setups detected.
2026-09-03 15:48:03 [INFO] --- MADBOT ENGINE CYCLE STARTED ---
2026-09-03 15:48:11 [INFO] Ledger resolution complete.
2026-09-03 15:48:11 [INFO] Running neural scan on CRYPTO...
2026-09-03 15:48:21 [INFO] Scan complete: No valid setups detected.
2026-09-03 16:03:04 [INFO] --- MADBOT ENGINE CYCLE STARTED ---
2026-09-03 16:03:13 [INFO] Ledger resolution complete.
2026-09-03 16:03:13 [INFO] Running neural scan on CRYPTO...
2026-09-03 16:03:22 [INFO] Scan complete: No valid setups detected.
2026-09-03 16:18:04 [INFO] --- MADBOT ENGINE CYCLE STARTED ---
2026-09-03 16:18:12 [INFO] Ledger resolution complete.
2026-09-03 16:18:12 [INFO] Running neural scan on CRYPTO...
2026-09-03 16:18:21 [INFO] Scan complete: No valid setups detected.
2026-09-03 16:33:03 [INFO] --- MADBOT ENGINE CYCLE STARTED ---
2026-09-03 16:33:11 [INFO] Ledger resolution complete.
2026-09-03 16:33:11 [INFO] Running neural scan on CRYPTO...
2026-09-03 16:33:21 [INFO] Scan complete: No valid setups detected.
2026-09-03 16:48:03 [INFO] --- MADBOT ENGINE CYCLE STARTED ---
2026-09-03 16:48:11 [INFO] Ledger resolution complete.
2026-09-03 16:48:11 [INFO] Running neural scan on CRYPTO...
2026-09-03 16:48:21 [INFO] Scan complete: No valid setups detected.
2026-09-03 17:03:03 [INFO] --- MADBOT ENGINE CYCLE STARTED ---
2026-09-03 17:03:11 [INFO] Ledger resolution complete.
2026-09-03 17:03:11 [INFO] Running neural scan on CRYPTO...
2026-09-03 17:03:21 [INFO] Scan complete: No valid setups detected.
2026-09-03 17:18:04 [INFO] --- MADBOT ENGINE CYCLE STARTED ---
2026-09-03 17:18:12 [INFO] Ledger resolution complete.
2026-09-03 17:18:12 [INFO] Running neural scan on CRYPTO...
2026-09-03 17:18:22 [INFO] Scan complete: No valid setups detected.
2026-09-03 17:33:03 [INFO] --- MADBOT ENGINE CYCLE STARTED ---
2026-09-03 17:33:11 [INFO] Ledger resolution complete.
2026-09-03 17:33:11 [INFO] Running neural scan on CRYPTO...
2026-09-03 17:33:29 [INFO] Scan complete: 5 setups found.
2026-09-03 17:33:30 [INFO] SUCCESS: Systemic trade logged for UNI.
2026-09-03 17:33:30 [INFO] Skipping ARB — active systemic position already exists.
2026-09-03 17:33:31 [INFO] SUCCESS: Systemic trade logged for PUMP.
2026-09-03 17:33:31 [INFO] Skipping TRX — active systemic position already exists.
2026-09-03 17:33:32 [INFO] SUCCESS: Systemic trade logged for BNB.
2026-09-03 17:33:32 [INFO] --- MADBOT ENGINE CYCLE FINISHED ---
2026-09-03 17:48:03 [INFO] --- MADBOT ENGINE CYCLE STARTED ---
2026-09-03 17:48:12 [INFO] Ledger resolution complete.
2026-09-03 17:48:12 [INFO] Running neural scan on CRYPTO...
2026-09-03 17:48:22 [INFO] Scan complete: No valid setups detected.
2026-09-03 18:03:04 [INFO] --- MADBOT ENGINE CYCLE STARTED ---
2026-09-03 18:03:11 [INFO] Ledger resolution complete.
2026-09-03 18:03:11 [INFO] Running neural scan on CRYPTO...
2026-09-03 18:03:21 [INFO] Scan complete: No valid setups detected.
2026-09-03 18:18:03 [INFO] --- MADBOT ENGINE CYCLE STARTED ---
2026-09-03 18:18:11 [INFO] Ledger resolution complete.
2026-09-03 18:18:11 [INFO] Running neural scan on CRYPTO...
2026-09-03 18:18:30 [INFO] Scan complete: 5 setups found.
2026-09-03 18:18:30 [INFO] Skipping BNB — active systemic position already exists.
2026-09-03 18:18:30 [INFO] Skipping BTC — active systemic position already exists.
2026-09-03 18:18:30 [INFO] Skipping PUMP — active systemic position already exists.
2026-09-03 18:18:30 [INFO] Skipping ETH — active systemic position already exists.
2026-09-03 18:18:30 [INFO] Skipping TRX — active systemic position already exists.
2026-09-03 18:18:30 [INFO] --- MADBOT ENGINE CYCLE FINISHED ---
2026-09-03 18:33:03 [INFO] --- MADBOT ENGINE CYCLE STARTED ---
2026-09-03 18:33:10 [INFO] Ledger resolution complete.
2026-09-03 18:33:10 [INFO] Running neural scan on CRYPTO...
2026-09-03 18:33:30 [INFO] Scan complete: 5 setups found.
2026-09-03 18:33:30 [INFO] Skipping BNB — active systemic position already exists.
2026-09-03 18:33:30 [INFO] Skipping BTC — active systemic position already exists.
2026-09-03 18:33:30 [INFO] Skipping PUMP — active systemic position already exists.
2026-09-03 18:33:30 [INFO] Skipping ETH — active systemic position already exists.
2026-09-03 18:33:30 [INFO] Skipping TRX — active systemic position already exists.
2026-09-03 18:33:30 [INFO] --- MADBOT ENGINE CYCLE FINISHED ---
2026-09-03 18:48:03 [INFO] --- MADBOT ENGINE CYCLE STARTED ---
2026-09-03 18:48:12 [INFO] Ledger resolution complete.
2026-09-03 18:48:12 [INFO] Running neural scan on CRYPTO...
2026-09-03 18:48:31 [INFO] Scan complete: 5 setups found.
2026-09-03 18:48:31 [INFO] Skipping BNB — active systemic position already exists.
2026-09-03 18:48:31 [INFO] Skipping BTC — active systemic position already exists.
2026-09-03 18:48:31 [INFO] Skipping PUMP — active systemic position already exists.
2026-09-03 18:48:31 [INFO] Skipping ETH — active systemic position already exists.
2026-09-03 18:48:31 [INFO] Skipping TRX — active systemic position already exists.
2026-09-03 18:48:31 [INFO] --- MADBOT ENGINE CYCLE FINISHED ---
2026-09-03 19:03:04 [INFO] --- MADBOT ENGINE CYCLE STARTED ---
2026-09-03 19:03:11 [INFO] Ledger resolution complete.
2026-09-03 19:03:11 [INFO] Running neural scan on CRYPTO...
2026-09-03 19:03:32 [INFO] Scan complete: 5 setups found.
2026-09-03 19:03:32 [INFO] Skipping BTC — active systemic position already exists.
2026-09-03 19:03:32 [INFO] Skipping LINK — active systemic position already exists.
2026-09-03 19:03:33 [INFO] SUCCESS: Systemic trade logged for LTC.
2026-09-03 19:03:34 [INFO] SUCCESS: Systemic trade logged for XAUT.
2026-09-03 19:03:34 [INFO] Skipping ARB — active systemic position already exists.
2026-09-03 19:03:34 [INFO] --- MADBOT ENGINE CYCLE FINISHED ---
2026-09-03 19:18:03 [INFO] --- MADBOT ENGINE CYCLE STARTED ---
2026-09-03 19:18:12 [INFO] Ledger resolution complete.
2026-09-03 19:18:12 [INFO] Running neural scan on CRYPTO...
2026-09-03 19:18:30 [INFO] Scan complete: 5 setups found.
2026-09-03 19:18:30 [INFO] Skipping BTC — active systemic position already exists.
2026-09-03 19:18:30 [INFO] Skipping LINK — active systemic position already exists.
2026-09-03 19:18:30 [INFO] Skipping LTC — active systemic position already exists.
2026-09-03 19:18:30 [INFO] Skipping XAUT — active systemic position already exists.
2026-09-03 19:18:30 [INFO] Skipping ARB — active systemic position already exists.
2026-09-03 19:18:30 [INFO] --- MADBOT ENGINE CYCLE FINISHED ---
2026-09-03 19:33:04 [INFO] --- MADBOT ENGINE CYCLE STARTED ---
2026-09-03 19:33:12 [INFO] Ledger resolution complete.
2026-09-03 19:33:12 [INFO] Running neural scan on CRYPTO...
2026-09-03 19:33:30 [INFO] Scan complete: 5 setups found.
2026-09-03 19:33:30 [INFO] Skipping BTC — active systemic position already exists.
2026-09-03 19:33:30 [INFO] Skipping LINK — active systemic position already exists.
2026-09-03 19:33:30 [INFO] Skipping LTC — active systemic position already exists.
2026-09-03 19:33:30 [INFO] Skipping XAUT — active systemic position already exists.
2026-09-03 19:33:30 [INFO] Skipping ARB — active systemic position already exists.
2026-09-03 19:33:30 [INFO] --- MADBOT ENGINE CYCLE FINISHED ---
2026-09-03 19:48:04 [INFO] --- MADBOT ENGINE CYCLE STARTED ---
2026-09-03 19:48:11 [INFO] Ledger resolution complete.
2026-09-03 19:48:11 [INFO] Running neural scan on CRYPTO...
2026-09-03 19:48:31 [INFO] Scan complete: 5 setups found.
2026-09-03 19:48:31 [INFO] Skipping BTC — active systemic position already exists.
2026-09-03 19:48:31 [INFO] Skipping LINK — active systemic position already exists.
2026-09-03 19:48:31 [INFO] Skipping LTC — active systemic position already exists.
2026-09-03 19:48:31 [INFO] Skipping XAUT — active systemic position already exists.
2026-09-03 19:48:31 [INFO] Skipping ARB — active systemic position already exists.
2026-09-03 19:48:31 [INFO] --- MADBOT ENGINE CYCLE FINISHED ---
2026-09-03 20:03:04 [INFO] --- MADBOT ENGINE CYCLE STARTED ---
2026-09-03 20:03:12 [INFO] Ledger resolution complete.
2026-09-03 20:03:12 [INFO] Running neural scan on CRYPTO...
2026-09-03 20:03:31 [INFO] Scan complete: 5 setups found.
2026-09-03 20:03:33 [INFO] SUCCESS: Systemic trade logged for BTC.
2026-09-03 20:03:33 [INFO] Skipping ETH — active systemic position already exists.
2026-09-03 20:03:34 [INFO] SUCCESS: Systemic trade logged for LINK.
2026-09-03 20:03:34 [INFO] Skipping LTC — active systemic position already exists.
2026-09-03 20:03:34 [INFO] Skipping XAUT — active systemic position already exists.
2026-09-03 20:03:34 [INFO] --- MADBOT ENGINE CYCLE FINISHED ---
2026-09-03 20:18:04 [INFO] --- MADBOT ENGINE CYCLE STARTED ---
2026-09-03 20:18:12 [INFO] Ledger resolution complete.
2026-09-03 20:18:12 [INFO] Running neural scan on CRYPTO...
2026-09-03 20:18:31 [INFO] Scan complete: 5 setups found.
2026-09-03 20:18:31 [INFO] Skipping BTC — active systemic position already exists.
2026-09-03 20:18:31 [INFO] Skipping ETH — active systemic position already exists.
2026-09-03 20:18:31 [INFO] Skipping LINK — active systemic position already exists.
2026-09-03 20:18:31 [INFO] Skipping LTC — active systemic position already exists.
2026-09-03 20:18:31 [INFO] Skipping XAUT — active systemic position already exists.
2026-09-03 20:18:31 [INFO] --- MADBOT ENGINE CYCLE FINISHED ---
2026-09-03 20:33:04 [INFO] --- MADBOT ENGINE CYCLE STARTED ---
2026-09-03 20:33:11 [INFO] Ledger resolution complete.
2026-09-03 20:33:11 [INFO] Running neural scan on CRYPTO...
2026-09-03 20:33:32 [INFO] Scan complete: 5 setups found.
2026-09-03 20:33:32 [INFO] Skipping BTC — active systemic position already exists.
2026-09-03 20:33:32 [INFO] Skipping ETH — active systemic position already exists.
2026-09-03 20:33:32 [INFO] Skipping LINK — active systemic position already exists.
2026-09-03 20:33:32 [INFO] Skipping LTC — active systemic position already exists.
2026-09-03 20:33:32 [INFO] Skipping XAUT — active systemic position already exists.
2026-09-03 20:33:32 [INFO] --- MADBOT ENGINE CYCLE FINISHED ---
2026-09-03 20:48:04 [INFO] --- MADBOT ENGINE CYCLE STARTED ---
2026-09-03 20:48:11 [INFO] Ledger resolution complete.
2026-09-03 20:48:11 [INFO] Running neural scan on CRYPTO...
2026-09-03 20:48:30 [INFO] Scan complete: 5 setups found.
2026-09-03 20:48:30 [INFO] Skipping BTC — active systemic position already exists.
2026-09-03 20:48:30 [INFO] Skipping ETH — active systemic position already exists.
2026-09-03 20:48:30 [INFO] Skipping LINK — active systemic position already exists.
2026-09-03 20:48:30 [INFO] Skipping LTC — active systemic position already exists.
2026-09-03 20:48:30 [INFO] Skipping XAUT — active systemic position already exists.
2026-09-03 20:48:30 [INFO] --- MADBOT ENGINE CYCLE FINISHED ---
2026-09-03 21:03:04 [INFO] --- MADBOT ENGINE CYCLE STARTED ---
2026-09-03 21:03:11 [INFO] Ledger resolution complete.
2026-09-03 21:03:11 [INFO] Running neural scan on CRYPTO...
2026-09-03 21:03:32 [INFO] Scan complete: 5 setups found.
2026-09-03 21:03:32 [INFO] Skipping BTC — active systemic position already exists.
2026-09-03 21:03:34 [INFO] SUCCESS: Systemic trade logged for ETH.
2026-09-03 21:03:34 [INFO] Skipping LINK — active systemic position already exists.
2026-09-03 21:03:35 [INFO] SUCCESS: Systemic trade logged for XRP.
2026-09-03 21:03:36 [INFO] SUCCESS: Systemic trade logged for ZEC.
2026-09-03 21:03:36 [INFO] --- MADBOT ENGINE CYCLE FINISHED ---
2026-09-03 21:18:04 [INFO] --- MADBOT ENGINE CYCLE STARTED ---
2026-09-03 21:18:12 [INFO] Ledger resolution complete.
2026-09-03 21:18:12 [INFO] Running neural scan on CRYPTO...
2026-09-03 21:18:30 [INFO] Scan complete: 5 setups found.
2026-09-03 21:18:30 [INFO] Skipping BTC — active systemic position already exists.
2026-09-03 21:18:30 [INFO] Skipping ETH — active systemic position already exists.
2026-09-03 21:18:30 [INFO] Skipping LINK — active systemic position already exists.
2026-09-03 21:18:30 [INFO] Skipping XRP — active systemic position already exists.
2026-09-03 21:18:30 [INFO] Skipping ZEC — active systemic position already exists.
2026-09-03 21:18:30 [INFO] --- MADBOT ENGINE CYCLE FINISHED ---
2026-09-03 21:33:04 [INFO] --- MADBOT ENGINE CYCLE STARTED ---
2026-09-03 21:33:11 [INFO] Ledger resolution complete.
2026-09-03 21:33:11 [INFO] Running neural scan on CRYPTO...
2026-09-03 21:33:30 [INFO] Scan complete: 5 setups found.
2026-09-03 21:33:30 [INFO] Skipping BTC — active systemic position already exists.
2026-09-03 21:33:30 [INFO] Skipping ETH — active systemic position already exists.
2026-09-03 21:33:30 [INFO] Skipping LINK — active systemic position already exists.
2026-09-03 21:33:30 [INFO] Skipping XRP — active systemic position already exists.
2026-09-03 21:33:30 [INFO] Skipping ZEC — active systemic position already exists.
2026-09-03 21:33:30 [INFO] --- MADBOT ENGINE CYCLE FINISHED ---
2026-09-03 21:48:04 [INFO] --- MADBOT ENGINE CYCLE STARTED ---
2026-09-03 21:48:10 [INFO] Ledger resolution complete.
2026-09-03 21:48:10 [INFO] Running neural scan on CRYPTO...
2026-09-03 21:48:30 [INFO] Scan complete: 5 setups found.
2026-09-03 21:48:30 [INFO] Skipping BTC — active systemic position already exists.
2026-09-03 21:48:30 [INFO] Skipping ETH — active systemic position already exists.
2026-09-03 21:48:30 [INFO] Skipping LINK — active systemic position already exists.
2026-09-03 21:48:30 [INFO] Skipping XRP — active systemic position already exists.
2026-09-03 21:48:30 [INFO] Skipping ZEC — active systemic position already exists.
2026-09-03 21:48:30 [INFO] --- MADBOT ENGINE CYCLE FINISHED ---
2026-09-03 22:03:04 [INFO] --- MADBOT ENGINE CYCLE STARTED ---
2026-09-03 22:03:12 [INFO] Ledger resolution complete.
2026-09-03 22:03:12 [INFO] Running neural scan on CRYPTO...
2026-09-03 22:03:32 [INFO] Scan complete: 5 setups found.
2026-09-03 22:03:33 [INFO] SUCCESS: Systemic trade logged for DOGE.
2026-09-03 22:03:34 [INFO] SUCCESS: Systemic trade logged for ENA.
2026-09-03 22:03:34 [INFO] Skipping LTC — active systemic position already exists.
2026-09-03 22:03:35 [INFO] SUCCESS: Systemic trade logged for SOL.
2026-09-03 22:03:36 [INFO] SUCCESS: Systemic trade logged for NEAR.
2026-09-03 22:03:36 [INFO] --- MADBOT ENGINE CYCLE FINISHED ---
2026-09-03 22:18:04 [INFO] --- MADBOT ENGINE CYCLE STARTED ---
2026-09-03 22:18:11 [INFO] Ledger resolution complete.
2026-09-03 22:18:11 [INFO] Running neural scan on CRYPTO...
2026-09-03 22:18:30 [INFO] Scan complete: 5 setups found.
2026-09-03 22:18:30 [INFO] Skipping DOGE — active systemic position already exists.
2026-09-03 22:18:30 [INFO] Skipping ENA — active systemic position already exists.
2026-09-03 22:18:30 [INFO] Skipping LTC — active systemic position already exists.
2026-09-03 22:18:30 [INFO] Skipping NEAR — active systemic position already exists.
2026-09-03 22:18:30 [INFO] Skipping SOL — active systemic position already exists.
2026-09-03 22:18:30 [INFO] --- MADBOT ENGINE CYCLE FINISHED ---
2026-09-03 22:33:04 [INFO] --- MADBOT ENGINE CYCLE STARTED ---
2026-09-03 22:33:10 [INFO] Ledger resolution complete.
2026-09-03 22:33:10 [INFO] Running neural scan on CRYPTO...
2026-09-03 22:33:30 [INFO] Scan complete: 5 setups found.
2026-09-03 22:33:30 [INFO] Skipping DOGE — active systemic position already exists.
2026-09-03 22:33:30 [INFO] Skipping ENA — active systemic position already exists.
2026-09-03 22:33:30 [INFO] Skipping LTC — active systemic position already exists.
2026-09-03 22:33:30 [INFO] Skipping NEAR — active systemic position already exists.
2026-09-03 22:33:30 [INFO] Skipping SOL — active systemic position already exists.
2026-09-03 22:33:30 [INFO] --- MADBOT ENGINE CYCLE FINISHED ---
2026-09-03 22:48:04 [INFO] --- MADBOT ENGINE CYCLE STARTED ---
2026-09-03 22:48:11 [INFO] Ledger resolution complete.
2026-09-03 22:48:11 [INFO] Running neural scan on CRYPTO...
2026-09-03 22:48:32 [INFO] Scan complete: 5 setups found.
2026-09-03 22:48:32 [INFO] Skipping DOGE — active systemic position already exists.
2026-09-03 22:48:32 [INFO] Skipping ENA — active systemic position already exists.
2026-09-03 22:48:32 [INFO] Skipping LTC — active systemic position already exists.
2026-09-03 22:48:32 [INFO] Skipping NEAR — active systemic position already exists.
2026-09-03 22:48:32 [INFO] Skipping SOL — active systemic position already exists.
2026-09-03 22:48:32 [INFO] --- MADBOT ENGINE CYCLE FINISHED ---
2026-09-03 23:03:04 [INFO] --- MADBOT ENGINE CYCLE STARTED ---
2026-09-03 23:03:11 [INFO] Ledger resolution complete.
2026-09-03 23:03:11 [INFO] Running neural scan on CRYPTO...
2026-09-03 23:03:30 [INFO] Scan complete: 5 setups found.
2026-09-03 23:03:30 [INFO] Skipping LTC — active systemic position already exists.
2026-09-03 23:03:31 [INFO] SUCCESS: Systemic trade logged for XAUT.
2026-09-03 23:03:32 [INFO] SUCCESS: Systemic trade logged for ADA.
2026-09-03 23:03:33 [INFO] SUCCESS: Systemic trade logged for BNB.
2026-09-03 23:03:34 [INFO] Skipping SOL — active systemic position already exists.
2026-09-03 23:03:34 [INFO] --- MADBOT ENGINE CYCLE FINISHED ---
2026-09-03 23:18:04 [INFO] --- MADBOT ENGINE CYCLE STARTED ---
2026-09-03 23:18:10 [INFO] Ledger resolution complete.
2026-09-03 23:18:10 [INFO] Running neural scan on CRYPTO...
2026-09-03 23:18:30 [INFO] Scan complete: 5 setups found.
2026-09-03 23:18:30 [INFO] Skipping LTC — active systemic position already exists.
2026-09-03 23:18:30 [INFO] Skipping XAUT — active systemic position already exists.
2026-09-03 23:18:30 [INFO] Skipping ADA — active systemic position already exists.
2026-09-03 23:18:30 [INFO] Skipping BNB — active systemic position already exists.
2026-09-03 23:18:30 [INFO] Skipping SOL — active systemic position already exists.
2026-09-03 23:18:30 [INFO] --- MADBOT ENGINE CYCLE FINISHED ---
2026-09-03 23:33:04 [INFO] --- MADBOT ENGINE CYCLE STARTED ---
2026-09-03 23:33:10 [INFO] Ledger resolution complete.
2026-09-03 23:33:10 [INFO] Running neural scan on CRYPTO...
2026-09-03 23:33:30 [INFO] Scan complete: 5 setups found.
2026-09-03 23:33:30 [INFO] Skipping LTC — active systemic position already exists.
2026-09-03 23:33:30 [INFO] Skipping XAUT — active systemic position already exists.
2026-09-03 23:33:30 [INFO] Skipping ADA — active systemic position already exists.
2026-09-03 23:33:30 [INFO] Skipping BNB — active systemic position already exists.
2026-09-03 23:33:30 [INFO] Skipping SOL — active systemic position already exists.
2026-09-03 23:33:30 [INFO] --- MADBOT ENGINE CYCLE FINISHED ---
2026-09-03 23:48:04 [INFO] --- MADBOT ENGINE CYCLE STARTED ---
2026-09-03 23:48:11 [INFO] Ledger resolution complete.
2026-09-03 23:48:11 [INFO] Running neural scan on CRYPTO...
2026-09-03 23:48:31 [INFO] Scan complete: 5 setups found.
2026-09-03 23:48:31 [INFO] Skipping LTC — active systemic position already exists.
2026-09-03 23:48:31 [INFO] Skipping XAUT — active systemic position already exists.
2026-09-03 23:48:31 [INFO] Skipping ADA — active systemic position already exists.
2026-09-03 23:48:31 [INFO] Skipping BNB — active systemic position already exists.
2026-09-03 23:48:31 [INFO] Skipping SOL — active systemic position already exists.
2026-09-03 23:48:31 [INFO] --- MADBOT ENGINE CYCLE FINISHED ---
2026-09-04 00:03:05 [INFO] --- MADBOT ENGINE CYCLE STARTED ---
2026-09-04 00:03:12 [INFO] Ledger resolution complete.
2026-09-04 00:03:12 [INFO] Running neural scan on CRYPTO...
2026-09-04 00:03:31 [INFO] Scan complete: 5 setups found.
2026-09-04 00:03:31 [INFO] Skipping LTC — active systemic position already exists.
2026-09-04 00:03:32 [INFO] SUCCESS: Systemic trade logged for PUMP.
2026-09-04 00:03:32 [INFO] Skipping ADA — active systemic position already exists.
2026-09-04 00:03:33 [INFO] SUCCESS: Systemic trade logged for TRUMP.
2026-09-04 00:03:33 [INFO] Skipping DOGE — active systemic position already exists.
2026-09-04 00:03:33 [INFO] --- MADBOT ENGINE CYCLE FINISHED ---
2026-09-04 00:18:05 [INFO] --- MADBOT ENGINE CYCLE STARTED ---
2026-09-04 00:18:12 [INFO] Ledger resolution complete.
2026-09-04 00:18:12 [INFO] Running neural scan on CRYPTO...
2026-09-04 00:18:31 [INFO] Scan complete: 5 setups found.
2026-09-04 00:18:31 [INFO] Skipping LTC — active systemic position already exists.
2026-09-04 00:18:31 [INFO] Skipping PUMP — active systemic position already exists.
2026-09-04 00:18:31 [INFO] Skipping ADA — active systemic position already exists.
2026-09-04 00:18:31 [INFO] Skipping TRUMP — active systemic position already exists.
2026-09-04 00:18:31 [INFO] Skipping DOGE — active systemic position already exists.
2026-09-04 00:18:31 [INFO] --- MADBOT ENGINE CYCLE FINISHED ---
2026-09-04 00:33:05 [INFO] --- MADBOT ENGINE CYCLE STARTED ---
2026-09-04 00:33:11 [INFO] Ledger resolution complete.
2026-09-04 00:33:11 [INFO] Running neural scan on CRYPTO...
2026-09-04 00:33:32 [INFO] Scan complete: 5 setups found.
2026-09-04 00:33:32 [INFO] Skipping LTC — active systemic position already exists.
2026-09-04 00:33:32 [INFO] Skipping ADA — active systemic position already exists.
2026-09-04 00:33:32 [INFO] Skipping TRUMP — active systemic position already exists.
2026-09-04 00:33:32 [INFO] Skipping DOGE — active systemic position already exists.
2026-09-04 00:33:33 [INFO] SUCCESS: Systemic trade logged for ENA.
2026-09-04 00:33:33 [INFO] --- MADBOT ENGINE CYCLE FINISHED ---
2026-09-04 00:48:05 [INFO] --- MADBOT ENGINE CYCLE STARTED ---
2026-09-04 00:48:12 [INFO] Ledger resolution complete.
2026-09-04 00:48:12 [INFO] Running neural scan on CRYPTO...
2026-09-04 00:48:31 [INFO] Scan complete: 5 setups found.
2026-09-04 00:48:31 [INFO] Skipping LTC — active systemic position already exists.
2026-09-04 00:48:31 [INFO] Skipping ADA — active systemic position already exists.
2026-09-04 00:48:31 [INFO] Skipping TRUMP — active systemic position already exists.
2026-09-04 00:48:31 [INFO] Skipping DOGE — active systemic position already exists.
2026-09-04 00:48:31 [INFO] Skipping ENA — active systemic position already exists.
2026-09-04 00:48:31 [INFO] --- MADBOT ENGINE CYCLE FINISHED ---
2026-09-04 01:03:05 [INFO] --- MADBOT ENGINE CYCLE STARTED ---
2026-09-04 01:03:12 [INFO] Ledger resolution complete.
2026-09-04 01:03:12 [INFO] Running neural scan on CRYPTO...
2026-09-04 01:03:31 [INFO] Scan complete: 5 setups found.
2026-09-04 01:03:31 [INFO] Skipping ENA — active systemic position already exists.
2026-09-04 01:03:31 [INFO] Skipping NEAR — active systemic position already exists.
2026-09-04 01:03:31 [INFO] Skipping ADA — active systemic position already exists.
2026-09-04 01:03:31 [INFO] Skipping SOL — active systemic position already exists.
2026-09-04 01:03:32 [INFO] SUCCESS: Systemic trade logged for XRP.
2026-09-04 01:03:32 [INFO] --- MADBOT ENGINE CYCLE FINISHED ---
2026-09-04 01:18:06 [INFO] --- MADBOT ENGINE CYCLE STARTED ---
2026-09-04 01:18:14 [INFO] Ledger resolution complete.
2026-09-04 01:18:14 [INFO] Running neural scan on CRYPTO...
2026-09-04 01:18:36 [INFO] Scan complete: 5 setups found.
2026-09-04 01:18:36 [INFO] Skipping ENA — active systemic position already exists.
2026-09-04 01:18:36 [INFO] Skipping NEAR — active systemic position already exists.
2026-09-04 01:18:36 [INFO] Skipping ADA — active systemic position already exists.
2026-09-04 01:18:36 [INFO] Skipping SOL — active systemic position already exists.
2026-09-04 01:18:36 [INFO] Skipping XRP — active systemic position already exists.
2026-09-04 01:18:36 [INFO] --- MADBOT ENGINE CYCLE FINISHED ---
2026-09-04 01:33:07 [INFO] --- MADBOT ENGINE CYCLE STARTED ---
2026-09-04 01:33:15 [INFO] Ledger resolution complete.
2026-09-04 01:33:15 [INFO] Running neural scan on CRYPTO...
2026-09-04 01:33:34 [INFO] Scan complete: 5 setups found.
2026-09-04 01:33:34 [INFO] Skipping ENA — active systemic position already exists.
2026-09-04 01:33:34 [INFO] Skipping NEAR — active systemic position already exists.
2026-09-04 01:33:34 [INFO] Skipping ADA — active systemic position already exists.
2026-09-04 01:33:34 [INFO] Skipping SOL — active systemic position already exists.
2026-09-04 01:33:34 [INFO] Skipping XRP — active systemic position already exists.
2026-09-04 01:33:34 [INFO] --- MADBOT ENGINE CYCLE FINISHED ---
2026-09-04 01:48:03 [INFO] --- MADBOT ENGINE CYCLE STARTED ---
2026-09-04 01:48:10 [INFO] Ledger resolution complete.
2026-09-04 01:48:10 [INFO] Running neural scan on CRYPTO...
2026-09-04 01:48:27 [INFO] Scan complete: 5 setups found.
2026-09-04 01:48:27 [INFO] Skipping ENA — active systemic position already exists.
2026-09-04 01:48:27 [INFO] Skipping NEAR — active systemic position already exists.
2026-09-04 01:48:27 [INFO] Skipping ADA — active systemic position already exists.
2026-09-04 01:48:27 [INFO] Skipping SOL — active systemic position already exists.
2026-09-04 01:48:27 [INFO] Skipping XRP — active systemic position already exists.
2026-09-04 01:48:27 [INFO] --- MADBOT ENGINE CYCLE FINISHED ---
2026-09-04 02:03:03 [INFO] --- MADBOT ENGINE CYCLE STARTED ---
2026-09-04 02:03:09 [INFO] Ledger resolution complete.
2026-09-04 02:03:09 [INFO] Running neural scan on CRYPTO...
2026-09-04 02:03:25 [INFO] Scan complete: 5 setups found.
2026-09-04 02:03:26 [INFO] SUCCESS: Systemic trade logged for ARB.
2026-09-04 02:03:26 [INFO] Skipping DOGE — active systemic position already exists.
2026-09-04 02:03:27 [INFO] SUCCESS: Systemic trade logged for ZEC.
2026-09-04 02:03:28 [INFO] SUCCESS: Systemic trade logged for NEAR.
2026-09-04 02:03:29 [INFO] SUCCESS: Systemic trade logged for DOT.
2026-09-04 02:03:29 [INFO] --- MADBOT ENGINE CYCLE FINISHED ---
2026-09-04 02:18:04 [INFO] --- MADBOT ENGINE CYCLE STARTED ---
2026-09-04 02:18:11 [INFO] Ledger resolution complete.
2026-09-04 02:18:11 [INFO] Running neural scan on CRYPTO...
2026-09-04 02:18:28 [INFO] Scan complete: 5 setups found.
2026-09-04 02:18:28 [INFO] Skipping ARB — active systemic position already exists.
2026-09-04 02:18:28 [INFO] Skipping DOGE — active systemic position already exists.
2026-09-04 02:18:28 [INFO] Skipping ZEC — active systemic position already exists.
2026-09-04 02:18:28 [INFO] Skipping NEAR — active systemic position already exists.
2026-09-04 02:18:28 [INFO] Skipping DOT — active systemic position already exists.
2026-09-04 02:18:28 [INFO] --- MADBOT ENGINE CYCLE FINISHED ---
2026-09-04 02:33:04 [INFO] --- MADBOT ENGINE CYCLE STARTED ---
2026-09-04 02:33:12 [INFO] Ledger resolution complete.
2026-09-04 02:33:12 [INFO] Running neural scan on CRYPTO...
2026-09-04 02:33:31 [INFO] Scan complete: 5 setups found.
2026-09-04 02:33:31 [INFO] Skipping ARB — active systemic position already exists.
2026-09-04 02:33:31 [INFO] Skipping DOGE — active systemic position already exists.
2026-09-04 02:33:31 [INFO] Skipping ZEC — active systemic position already exists.
2026-09-04 02:33:31 [INFO] Skipping NEAR — active systemic position already exists.
2026-09-04 02:33:31 [INFO] Skipping DOT — active systemic position already exists.
2026-09-04 02:33:31 [INFO] --- MADBOT ENGINE CYCLE FINISHED ---
2026-09-04 02:48:06 [INFO] --- MADBOT ENGINE CYCLE STARTED ---
2026-09-04 02:48:17 [INFO] Ledger resolution complete.
2026-09-04 02:48:17 [INFO] Running neural scan on CRYPTO...
2026-09-04 02:48:35 [INFO] Scan complete: 5 setups found.
2026-09-04 02:48:35 [INFO] Skipping ARB — active systemic position already exists.
2026-09-04 02:48:35 [INFO] Skipping DOGE — active systemic position already exists.
2026-09-04 02:48:35 [INFO] Skipping ZEC — active systemic position already exists.
2026-09-04 02:48:35 [INFO] Skipping NEAR — active systemic position already exists.
2026-09-04 02:48:35 [INFO] Skipping DOT — active systemic position already exists.
2026-09-04 02:48:35 [INFO] --- MADBOT ENGINE CYCLE FINISHED ---
2026-09-04 03:03:04 [INFO] --- MADBOT ENGINE CYCLE STARTED ---
2026-09-04 03:03:10 [INFO] Ledger resolution complete.
2026-09-04 03:03:10 [INFO] Running neural scan on CRYPTO...
2026-09-04 03:03:28 [INFO] Scan complete: 5 setups found.
2026-09-04 03:03:29 [INFO] SUCCESS: Systemic trade logged for BTC.
2026-09-04 03:03:29 [INFO] Skipping LTC — active systemic position already exists.
2026-09-04 03:03:29 [INFO] Skipping XRP — active systemic position already exists.
2026-09-04 03:03:29 [INFO] Skipping SOL — active systemic position already exists.
2026-09-04 03:03:29 [INFO] Skipping ZEC — active systemic position already exists.
2026-09-04 03:03:29 [INFO] --- MADBOT ENGINE CYCLE FINISHED ---
2026-09-04 03:18:04 [INFO] --- MADBOT ENGINE CYCLE STARTED ---
2026-09-04 03:18:12 [INFO] Ledger resolution complete.
2026-09-04 03:18:12 [INFO] Running neural scan on CRYPTO...
2026-09-04 03:18:29 [INFO] Scan complete: 5 setups found.
2026-09-04 03:18:29 [INFO] Skipping BTC — active systemic position already exists.
2026-09-04 03:18:29 [INFO] Skipping LTC — active systemic position already exists.
2026-09-04 03:18:29 [INFO] Skipping XRP — active systemic position already exists.
2026-09-04 03:18:29 [INFO] Skipping SOL — active systemic position already exists.
2026-09-04 03:18:29 [INFO] Skipping ZEC — active systemic position already exists.
2026-09-04 03:18:29 [INFO] --- MADBOT ENGINE CYCLE FINISHED ---
2026-09-04 03:33:03 [INFO] --- MADBOT ENGINE CYCLE STARTED ---
2026-09-04 03:33:11 [INFO] Ledger resolution complete.
2026-09-04 03:33:11 [INFO] Running neural scan on CRYPTO...
2026-09-04 03:33:29 [INFO] Scan complete: 5 setups found.
2026-09-04 03:33:29 [INFO] Skipping BTC — active systemic position already exists.
2026-09-04 03:33:29 [INFO] Skipping LTC — active systemic position already exists.
2026-09-04 03:33:29 [INFO] Skipping XRP — active systemic position already exists.
2026-09-04 03:33:29 [INFO] Skipping SOL — active systemic position already exists.
2026-09-04 03:33:29 [INFO] Skipping ZEC — active systemic position already exists.
2026-09-04 03:33:29 [INFO] --- MADBOT ENGINE CYCLE FINISHED ---
2026-09-04 03:48:04 [INFO] --- MADBOT ENGINE CYCLE STARTED ---
2026-09-04 03:48:10 [INFO] Ledger resolution complete.
2026-09-04 03:48:10 [INFO] Running neural scan on CRYPTO...
2026-09-04 03:48:28 [INFO] Scan complete: 5 setups found.
2026-09-04 03:48:28 [INFO] Skipping BTC — active systemic position already exists.
2026-09-04 03:48:28 [INFO] Skipping LTC — active systemic position already exists.
2026-09-04 03:48:28 [INFO] Skipping XRP — active systemic position already exists.
2026-09-04 03:48:28 [INFO] Skipping SOL — active systemic position already exists.
2026-09-04 03:48:28 [INFO] Skipping ZEC — active systemic position already exists.
2026-09-04 03:48:28 [INFO] --- MADBOT ENGINE CYCLE FINISHED ---
2026-09-04 04:03:04 [INFO] --- MADBOT ENGINE CYCLE STARTED ---
2026-09-04 04:03:10 [INFO] Ledger resolution complete.
2026-09-04 04:03:10 [INFO] Running neural scan on CRYPTO...
2026-09-04 04:03:28 [INFO] Scan complete: 4 setups found.
2026-09-04 04:03:29 [INFO] SUCCESS: Systemic trade logged for LINK.
2026-09-04 04:03:30 [INFO] SUCCESS: Systemic trade logged for UNI.
2026-09-04 04:03:30 [INFO] Skipping ARB — active systemic position already exists.
2026-09-04 04:03:31 [INFO] SUCCESS: Systemic trade logged for TRX.
2026-09-04 04:03:31 [INFO] --- MADBOT ENGINE CYCLE FINISHED ---
2026-09-04 04:18:04 [INFO] --- MADBOT ENGINE CYCLE STARTED ---
2026-09-04 04:18:11 [INFO] Ledger resolution complete.
2026-09-04 04:18:11 [INFO] Running neural scan on CRYPTO...
2026-09-04 04:18:28 [INFO] Scan complete: 4 setups found.
2026-09-04 04:18:28 [INFO] Skipping LINK — active systemic position already exists.
2026-09-04 04:18:29 [INFO] Skipping UNI — active systemic position already exists.
2026-09-04 04:18:29 [INFO] Skipping ARB — active systemic position already exists.
2026-09-04 04:18:29 [INFO] Skipping TRX — active systemic position already exists.
2026-09-04 04:18:29 [INFO] --- MADBOT ENGINE CYCLE FINISHED ---
2026-09-04 04:33:04 [INFO] --- MADBOT ENGINE CYCLE STARTED ---
2026-09-04 04:33:11 [INFO] Ledger resolution complete.
2026-09-04 04:33:11 [INFO] Running neural scan on CRYPTO...
2026-09-04 04:33:28 [INFO] Scan complete: 4 setups found.
2026-09-04 04:33:28 [INFO] Skipping LINK — active systemic position already exists.
2026-09-04 04:33:28 [INFO] Skipping UNI — active systemic position already exists.
2026-09-04 04:33:28 [INFO] Skipping ARB — active systemic position already exists.
2026-09-04 04:33:28 [INFO] Skipping TRX — active systemic position already exists.
2026-09-04 04:33:28 [INFO] --- MADBOT ENGINE CYCLE FINISHED ---
2026-09-04 04:48:03 [INFO] --- MADBOT ENGINE CYCLE STARTED ---
2026-09-04 04:48:11 [INFO] Ledger resolution complete.
2026-09-04 04:48:11 [INFO] Running neural scan on CRYPTO...
2026-09-04 04:48:27 [INFO] Scan complete: 4 setups found.
2026-09-04 04:48:27 [INFO] Skipping LINK — active systemic position already exists.
2026-09-04 04:48:27 [INFO] Skipping UNI — active systemic position already exists.
2026-09-04 04:48:27 [INFO] Skipping ARB — active systemic position already exists.
2026-09-04 04:48:27 [INFO] Skipping TRX — active systemic position already exists.
2026-09-04 04:48:27 [INFO] --- MADBOT ENGINE CYCLE FINISHED ---
2026-09-04 05:03:03 [INFO] --- MADBOT ENGINE CYCLE STARTED ---
2026-09-04 05:03:12 [INFO] Ledger resolution complete.
2026-09-04 05:03:12 [INFO] Running neural scan on CRYPTO...
2026-09-04 05:03:30 [INFO] Scan complete: 5 setups found.
2026-09-04 05:03:31 [INFO] SUCCESS: Systemic trade logged for ETH.
2026-09-04 05:03:31 [INFO] Skipping UNI — active systemic position already exists.
2026-09-04 05:03:31 [INFO] Skipping SOL — active systemic position already exists.
2026-09-04 05:03:31 [INFO] Skipping BTC — active systemic position already exists.
2026-09-04 05:03:31 [INFO] Skipping LINK — active systemic position already exists.
2026-09-04 05:03:31 [INFO] --- MADBOT ENGINE CYCLE FINISHED ---
2026-09-04 05:18:04 [INFO] --- MADBOT ENGINE CYCLE STARTED ---
2026-09-04 05:18:11 [INFO] Ledger resolution complete.
2026-09-04 05:18:11 [INFO] Running neural scan on CRYPTO...
2026-09-04 05:18:27 [INFO] Scan complete: 5 setups found.
2026-09-04 05:18:27 [INFO] Skipping ETH — active systemic position already exists.
2026-09-04 05:18:27 [INFO] Skipping UNI — active systemic position already exists.
2026-09-04 05:18:27 [INFO] Skipping SOL — active systemic position already exists.
2026-09-04 05:18:27 [INFO] Skipping BTC — active systemic position already exists.
2026-09-04 05:18:27 [INFO] Skipping LINK — active systemic position already exists.
2026-09-04 05:18:27 [INFO] --- MADBOT ENGINE CYCLE FINISHED ---
2026-09-04 05:33:03 [INFO] --- MADBOT ENGINE CYCLE STARTED ---
2026-09-04 05:33:10 [INFO] Ledger resolution complete.
2026-09-04 05:33:10 [INFO] Running neural scan on CRYPTO...
2026-09-04 05:33:27 [INFO] Scan complete: 5 setups found.
2026-09-04 05:33:27 [INFO] Skipping ETH — active systemic position already exists.
2026-09-04 05:33:27 [INFO] Skipping UNI — active systemic position already exists.
2026-09-04 05:33:27 [INFO] Skipping SOL — active systemic position already exists.
2026-09-04 05:33:27 [INFO] Skipping BTC — active systemic position already exists.
2026-09-04 05:33:27 [INFO] Skipping LINK — active systemic position already exists.
2026-09-04 05:33:27 [INFO] --- MADBOT ENGINE CYCLE FINISHED ---
2026-09-04 05:48:04 [INFO] --- MADBOT ENGINE CYCLE STARTED ---
2026-09-04 05:48:11 [INFO] Ledger resolution complete.
2026-09-04 05:48:11 [INFO] Running neural scan on CRYPTO...
2026-09-04 05:48:27 [INFO] Scan complete: 5 setups found.
2026-09-04 05:48:27 [INFO] Skipping ETH — active systemic position already exists.
2026-09-04 05:48:27 [INFO] Skipping UNI — active systemic position already exists.
2026-09-04 05:48:27 [INFO] Skipping SOL — active systemic position already exists.
2026-09-04 05:48:27 [INFO] Skipping BTC — active systemic position already exists.
2026-09-04 05:48:27 [INFO] Skipping LINK — active systemic position already exists.
2026-09-04 05:48:27 [INFO] --- MADBOT ENGINE CYCLE FINISHED ---
2026-09-04 06:03:03 [INFO] --- MADBOT ENGINE CYCLE STARTED ---
2026-09-04 06:03:10 [INFO] Ledger resolution complete.
2026-09-04 06:03:10 [INFO] Running neural scan on CRYPTO...
2026-09-04 06:03:28 [INFO] Scan complete: 4 setups found.
2026-09-04 06:03:28 [INFO] Skipping ZEC — active systemic position already exists.
2026-09-04 06:03:28 [INFO] Skipping UNI — active systemic position already exists.
2026-09-04 06:03:28 [INFO] Skipping ADA — active systemic position already exists.
2026-09-04 06:03:28 [INFO] Skipping LTC — active systemic position already exists.
2026-09-04 06:03:28 [INFO] --- MADBOT ENGINE CYCLE FINISHED ---
2026-09-04 06:18:04 [INFO] --- MADBOT ENGINE CYCLE STARTED ---
2026-09-04 06:18:12 [INFO] Ledger resolution complete.
2026-09-04 06:18:12 [INFO] Running neural scan on CRYPTO...
2026-09-04 06:18:31 [INFO] Scan complete: 4 setups found.
2026-09-04 06:18:31 [INFO] Skipping ZEC — active systemic position already exists.
2026-09-04 06:18:31 [INFO] Skipping UNI — active systemic position already exists.
2026-09-04 06:18:31 [INFO] Skipping ADA — active systemic position already exists.
2026-09-04 06:18:31 [INFO] Skipping LTC — active systemic position already exists.
2026-09-04 06:18:31 [INFO] --- MADBOT ENGINE CYCLE FINISHED ---
2026-09-04 06:33:04 [INFO] --- MADBOT ENGINE CYCLE STARTED ---
2026-09-04 06:33:12 [INFO] Ledger resolution complete.
2026-09-04 06:33:12 [INFO] Running neural scan on CRYPTO...
2026-09-04 06:33:29 [INFO] Scan complete: 4 setups found.
2026-09-04 06:33:29 [INFO] Skipping ZEC — active systemic position already exists.
2026-09-04 06:33:29 [INFO] Skipping UNI — active systemic position already exists.
2026-09-04 06:33:29 [INFO] Skipping ADA — active systemic position already exists.
2026-09-04 06:33:29 [INFO] Skipping LTC — active systemic position already exists.
2026-09-04 06:33:29 [INFO] --- MADBOT ENGINE CYCLE FINISHED ---
2026-09-04 06:48:03 [INFO] --- MADBOT ENGINE CYCLE STARTED ---
2026-09-04 06:48:09 [INFO] Ledger resolution complete.
2026-09-04 06:48:09 [INFO] Running neural scan on CRYPTO...
2026-09-04 06:48:29 [INFO] Scan complete: 4 setups found.
2026-09-04 06:48:29 [INFO] Skipping ZEC — active systemic position already exists.
2026-09-04 06:48:29 [INFO] Skipping UNI — active systemic position already exists.
2026-09-04 06:48:29 [INFO] Skipping ADA — active systemic position already exists.
2026-09-04 06:48:29 [INFO] Skipping LTC — active systemic position already exists.
2026-09-04 06:48:29 [INFO] --- MADBOT ENGINE CYCLE FINISHED ---
2026-09-04 07:03:03 [INFO] --- MADBOT ENGINE CYCLE STARTED ---
2026-09-04 07:03:11 [INFO] Ledger resolution complete.
2026-09-04 07:03:11 [INFO] Running neural scan on CRYPTO...
2026-09-04 07:03:30 [INFO] Scan complete: 1 setups found.
2026-09-04 07:03:31 [INFO] SUCCESS: Systemic trade logged for SHIB.
2026-09-04 07:03:31 [INFO] --- MADBOT ENGINE CYCLE FINISHED ---
2026-09-04 07:18:04 [INFO] --- MADBOT ENGINE CYCLE STARTED ---
2026-09-04 07:18:11 [INFO] Ledger resolution complete.
2026-09-04 07:18:11 [INFO] Running neural scan on CRYPTO...
2026-09-04 07:18:28 [INFO] Scan complete: 1 setups found.
2026-09-04 07:18:28 [INFO] Skipping SHIB — active systemic position already exists.
2026-09-04 07:18:28 [INFO] --- MADBOT ENGINE CYCLE FINISHED ---
2026-09-04 07:33:03 [INFO] --- MADBOT ENGINE CYCLE STARTED ---
2026-09-04 07:33:10 [INFO] Ledger resolution complete.
2026-09-04 07:33:10 [INFO] Running neural scan on CRYPTO...
2026-09-04 07:33:25 [INFO] Scan complete: 1 setups found.
2026-09-04 07:33:25 [INFO] Skipping SHIB — active systemic position already exists.
2026-09-04 07:33:25 [INFO] --- MADBOT ENGINE CYCLE FINISHED ---
2026-09-04 07:48:03 [INFO] --- MADBOT ENGINE CYCLE STARTED ---
2026-09-04 07:48:10 [INFO] Ledger resolution complete.
2026-09-04 07:48:10 [INFO] Running neural scan on CRYPTO...
2026-09-04 07:48:29 [INFO] Scan complete: 1 setups found.
2026-09-04 07:48:29 [INFO] Skipping SHIB — active systemic position already exists.
2026-09-04 07:48:29 [INFO] --- MADBOT ENGINE CYCLE FINISHED ---
2026-09-04 08:03:03 [INFO] --- MADBOT ENGINE CYCLE STARTED ---
2026-09-04 08:03:10 [INFO] Ledger resolution complete.
2026-09-04 08:03:10 [INFO] Running neural scan on CRYPTO...
2026-09-04 08:03:28 [INFO] Scan complete: 2 setups found.
2026-09-04 08:03:28 [INFO] Skipping ARB — active systemic position already exists.
2026-09-04 08:03:28 [INFO] Skipping ADA — active systemic position already exists.
2026-09-04 08:03:28 [INFO] --- MADBOT ENGINE CYCLE FINISHED ---
2026-09-04 08:18:04 [INFO] --- MADBOT ENGINE CYCLE STARTED ---
2026-09-04 08:18:11 [INFO] Ledger resolution complete.
2026-09-04 08:18:11 [INFO] Running neural scan on CRYPTO...
2026-09-04 08:18:27 [INFO] Scan complete: 2 setups found.
2026-09-04 08:18:27 [INFO] Skipping ARB — active systemic position already exists.
2026-09-04 08:18:27 [INFO] Skipping ADA — active systemic position already exists.
2026-09-04 08:18:27 [INFO] --- MADBOT ENGINE CYCLE FINISHED ---
2026-09-04 08:33:03 [INFO] --- MADBOT ENGINE CYCLE STARTED ---
2026-09-04 08:33:10 [INFO] Ledger resolution complete.
2026-09-04 08:33:10 [INFO] Running neural scan on CRYPTO...
2026-09-04 08:33:28 [INFO] Scan complete: 2 setups found.
2026-09-04 08:33:28 [INFO] Skipping ARB — active systemic position already exists.
2026-09-04 08:33:28 [INFO] Skipping ADA — active systemic position already exists.
2026-09-04 08:33:28 [INFO] --- MADBOT ENGINE CYCLE FINISHED ---
2026-09-04 08:48:04 [INFO] --- MADBOT ENGINE CYCLE STARTED ---
2026-09-04 08:48:10 [INFO] Ledger resolution complete.
2026-09-04 08:48:10 [INFO] Running neural scan on CRYPTO...
2026-09-04 08:48:28 [INFO] Scan complete: 2 setups found.
2026-09-04 08:48:28 [INFO] Skipping ARB — active systemic position already exists.
2026-09-04 08:48:28 [INFO] Skipping ADA — active systemic position already exists.
2026-09-04 08:48:28 [INFO] --- MADBOT ENGINE CYCLE FINISHED ---
2026-09-04 09:03:04 [INFO] --- MADBOT ENGINE CYCLE STARTED ---
2026-09-04 09:03:11 [INFO] Ledger resolution complete.
2026-09-04 09:03:11 [INFO] Running neural scan on CRYPTO...
2026-09-04 09:03:29 [INFO] Scan complete: 3 setups found.
2026-09-04 09:03:29 [INFO] Skipping LINK — active systemic position already exists.
2026-09-04 09:03:29 [INFO] Skipping ADA — active systemic position already exists.
2026-09-04 09:03:29 [INFO] Skipping BNB — active systemic position already exists.
2026-09-04 09:03:29 [INFO] --- MADBOT ENGINE CYCLE FINISHED ---
2026-09-04 09:18:04 [INFO] --- MADBOT ENGINE CYCLE STARTED ---
2026-09-04 09:18:10 [INFO] Ledger resolution complete.
2026-09-04 09:18:10 [INFO] Running neural scan on CRYPTO...
2026-09-04 09:18:28 [INFO] Scan complete: 3 setups found.
2026-09-04 09:18:28 [INFO] Skipping LINK — active systemic position already exists.
2026-09-04 09:18:28 [INFO] Skipping ADA — active systemic position already exists.
2026-09-04 09:18:28 [INFO] Skipping BNB — active systemic position already exists.
2026-09-04 09:18:28 [INFO] --- MADBOT ENGINE CYCLE FINISHED ---
2026-09-04 09:33:05 [INFO] --- MADBOT ENGINE CYCLE STARTED ---
2026-09-04 09:33:13 [INFO] Ledger resolution complete.
2026-09-04 09:33:13 [INFO] Running neural scan on CRYPTO...
2026-09-04 09:33:34 [INFO] Scan complete: 3 setups found.
2026-09-04 09:33:34 [INFO] Skipping LINK — active systemic position already exists.
2026-09-04 09:33:34 [INFO] Skipping ADA — active systemic position already exists.
2026-09-04 09:33:34 [INFO] Skipping BNB — active systemic position already exists.
2026-09-04 09:33:34 [INFO] --- MADBOT ENGINE CYCLE FINISHED ---
2026-09-04 09:48:05 [INFO] --- MADBOT ENGINE CYCLE STARTED ---
2026-09-04 09:48:13 [INFO] Ledger resolution complete.
2026-09-04 09:48:13 [INFO] Running neural scan on CRYPTO...
2026-09-04 09:48:33 [INFO] Scan complete: 3 setups found.
2026-09-04 09:48:33 [INFO] Skipping LINK — active systemic position already exists.
2026-09-04 09:48:33 [INFO] Skipping ADA — active systemic position already exists.
2026-09-04 09:48:33 [INFO] Skipping BNB — active systemic position already exists.
2026-09-04 09:48:33 [INFO] --- MADBOT ENGINE CYCLE FINISHED ---
2026-09-04 10:03:05 [INFO] --- MADBOT ENGINE CYCLE STARTED ---
2026-09-04 10:03:12 [INFO] Ledger resolution complete.
2026-09-04 10:03:12 [INFO] Running neural scan on CRYPTO...
2026-09-04 10:03:32 [INFO] Scan complete: 2 setups found.
2026-09-04 10:03:32 [INFO] Skipping ADA — active systemic position already exists.
2026-09-04 10:03:32 [INFO] Skipping ARB — active systemic position already exists.
2026-09-04 10:03:32 [INFO] --- MADBOT ENGINE CYCLE FINISHED ---
2026-09-04 10:18:05 [INFO] --- MADBOT ENGINE CYCLE STARTED ---
2026-09-04 10:18:11 [INFO] Ledger resolution complete.
2026-09-04 10:18:11 [INFO] Running neural scan on CRYPTO...
2026-09-04 10:18:30 [INFO] Scan complete: 2 setups found.
2026-09-04 10:18:30 [INFO] Skipping ADA — active systemic position already exists.
2026-09-04 10:18:30 [INFO] Skipping ARB — active systemic position already exists.
2026-09-04 10:18:30 [INFO] --- MADBOT ENGINE CYCLE FINISHED ---
2026-09-04 10:33:04 [INFO] --- MADBOT ENGINE CYCLE STARTED ---
2026-09-04 10:33:09 [INFO] Ledger resolution complete.
2026-09-04 10:33:09 [INFO] Running neural scan on CRYPTO...
2026-09-04 10:33:30 [INFO] Scan complete: 2 setups found.
2026-09-04 10:33:30 [INFO] Skipping ADA — active systemic position already exists.
2026-09-04 10:33:30 [INFO] Skipping ARB — active systemic position already exists.
2026-09-04 10:33:30 [INFO] --- MADBOT ENGINE CYCLE FINISHED ---
2026-09-04 10:48:05 [INFO] --- MADBOT ENGINE CYCLE STARTED ---
2026-09-04 10:48:11 [INFO] Ledger resolution complete.
2026-09-04 10:48:11 [INFO] Running neural scan on CRYPTO...
2026-09-04 10:48:32 [INFO] Scan complete: 2 setups found.
2026-09-04 10:48:32 [INFO] Skipping ADA — active systemic position already exists.
2026-09-04 10:48:32 [INFO] Skipping ARB — active systemic position already exists.
2026-09-04 10:48:32 [INFO] --- MADBOT ENGINE CYCLE FINISHED ---
2026-09-04 11:03:04 [INFO] --- MADBOT ENGINE CYCLE STARTED ---
2026-09-04 11:03:10 [INFO] Ledger resolution complete.
2026-09-04 11:03:10 [INFO] Running neural scan on CRYPTO...
2026-09-04 11:03:28 [INFO] Scan complete: No valid setups detected.
2026-09-04 11:18:05 [INFO] --- MADBOT ENGINE CYCLE STARTED ---
2026-09-04 11:18:10 [INFO] Ledger resolution complete.
2026-09-04 11:18:10 [INFO] Running neural scan on CRYPTO...
2026-09-04 11:18:33 [INFO] Scan complete: 1 setups found.
2026-09-04 11:18:34 [INFO] SUCCESS: Systemic trade logged for PROM.
2026-09-04 11:18:34 [INFO] --- MADBOT ENGINE CYCLE FINISHED ---
2026-09-04 11:33:06 [INFO] --- MADBOT ENGINE CYCLE STARTED ---
2026-09-04 11:33:12 [INFO] Ledger resolution complete.
2026-09-04 11:33:12 [INFO] Running neural scan on CRYPTO...
2026-09-04 11:33:31 [INFO] Scan complete: 1 setups found.
2026-09-04 11:33:31 [INFO] Skipping PROM — active systemic position already exists.
2026-09-04 11:33:31 [INFO] --- MADBOT ENGINE CYCLE FINISHED ---
2026-09-04 11:48:05 [INFO] --- MADBOT ENGINE CYCLE STARTED ---
2026-09-04 11:48:11 [INFO] Ledger resolution complete.
2026-09-04 11:48:11 [INFO] Running neural scan on CRYPTO...
2026-09-04 11:48:31 [INFO] Scan complete: 1 setups found.
2026-09-04 11:48:31 [INFO] Skipping PROM — active systemic position already exists.
2026-09-04 11:48:31 [INFO] --- MADBOT ENGINE CYCLE FINISHED ---
2026-09-04 12:03:05 [INFO] --- MADBOT ENGINE CYCLE STARTED ---
2026-09-04 12:03:12 [INFO] Ledger resolution complete.
2026-09-04 12:03:12 [INFO] Running neural scan on CRYPTO...
2026-09-04 12:03:33 [INFO] Scan complete: 5 setups found.
2026-09-04 12:03:33 [INFO] Skipping XAUT — active systemic position already exists.
2026-09-04 12:03:33 [INFO] Skipping PROM — active systemic position already exists.
2026-09-04 12:03:33 [INFO] Skipping ETH — active systemic position already exists.
2026-09-04 12:03:33 [INFO] Skipping BNB — active systemic position already exists.
2026-09-04 12:03:34 [INFO] SUCCESS: Systemic trade logged for HEMI.
2026-09-04 12:03:34 [INFO] --- MADBOT ENGINE CYCLE FINISHED ---
2026-09-04 12:18:05 [INFO] --- MADBOT ENGINE CYCLE STARTED ---
2026-09-04 12:18:12 [INFO] Ledger resolution complete.
2026-09-04 12:18:12 [INFO] Running neural scan on CRYPTO...
2026-09-04 12:18:31 [INFO] Scan complete: 4 setups found.
2026-09-04 12:18:31 [INFO] Skipping XAUT — active systemic position already exists.
2026-09-04 12:18:31 [INFO] Skipping PROM — active systemic position already exists.
2026-09-04 12:18:31 [INFO] Skipping ETH — active systemic position already exists.
2026-09-04 12:18:31 [INFO] Skipping BNB — active systemic position already exists.
2026-09-04 12:18:31 [INFO] --- MADBOT ENGINE CYCLE FINISHED ---
2026-09-04 12:33:06 [INFO] --- MADBOT ENGINE CYCLE STARTED ---
2026-09-04 12:33:06 [INFO] Ledger resolution complete.
2026-09-04 12:33:06 [INFO] Running neural scan on CRYPTO...
2026-09-04 12:33:27 [INFO] Scan complete: 4 setups found.
2026-09-04 12:33:27 [INFO] Skipping XAUT — active systemic position already exists.
2026-09-04 12:33:27 [INFO] Skipping PROM — active systemic position already exists.
2026-09-04 12:33:27 [INFO] Skipping ETH — active systemic position already exists.
2026-09-04 12:33:27 [INFO] Skipping BNB — active systemic position already exists.
2026-09-04 12:33:27 [INFO] --- MADBOT ENGINE CYCLE FINISHED ---
2026-09-04 12:48:06 [INFO] --- MADBOT ENGINE CYCLE STARTED ---
2026-09-04 12:48:11 [INFO] Ledger resolution complete.
2026-09-04 12:48:11 [INFO] Running neural scan on CRYPTO...
2026-09-04 12:48:31 [INFO] Scan complete: 4 setups found.
2026-09-04 12:48:31 [INFO] Skipping XAUT — active systemic position already exists.
2026-09-04 12:48:31 [INFO] Skipping PROM — active systemic position already exists.
2026-09-04 12:48:31 [INFO] Skipping ETH — active systemic position already exists.
2026-09-04 12:48:32 [INFO] Skipping BNB — active systemic position already exists.
2026-09-04 12:48:32 [INFO] --- MADBOT ENGINE CYCLE FINISHED ---
2026-09-04 13:03:04 [INFO] --- MADBOT ENGINE CYCLE STARTED ---
2026-09-04 13:03:10 [INFO] Ledger resolution complete.
2026-09-04 13:03:10 [INFO] Running neural scan on CRYPTO...
2026-09-04 13:03:29 [INFO] Scan complete: 2 setups found.
2026-09-04 13:03:29 [INFO] Skipping PROM — active systemic position already exists.
2026-09-04 13:03:31 [INFO] SUCCESS: Systemic trade logged for AVAX.
2026-09-04 13:03:31 [INFO] --- MADBOT ENGINE CYCLE FINISHED ---
2026-09-04 13:18:05 [INFO] --- MADBOT ENGINE CYCLE STARTED ---
2026-09-04 13:18:11 [INFO] Ledger resolution complete.
2026-09-04 13:18:11 [INFO] Running neural scan on CRYPTO...
2026-09-04 13:18:30 [INFO] Scan complete: 2 setups found.
2026-09-04 13:18:30 [INFO] Skipping PROM — active systemic position already exists.
2026-09-04 13:18:30 [INFO] Skipping AVAX — active systemic position already exists.
2026-09-04 13:18:30 [INFO] --- MADBOT ENGINE CYCLE FINISHED ---
2026-09-04 13:33:04 [INFO] --- MADBOT ENGINE CYCLE STARTED ---
2026-09-04 13:33:10 [INFO] Ledger resolution complete.
2026-09-04 13:33:10 [INFO] Running neural scan on CRYPTO...
2026-09-04 13:33:28 [INFO] Scan complete: 2 setups found.
2026-09-04 13:33:28 [INFO] Skipping PROM — active systemic position already exists.
2026-09-04 13:33:28 [INFO] Skipping AVAX — active systemic position already exists.
2026-09-04 13:33:28 [INFO] --- MADBOT ENGINE CYCLE FINISHED ---
2026-09-04 13:48:04 [INFO] --- MADBOT ENGINE CYCLE STARTED ---
2026-09-04 13:48:10 [INFO] Ledger resolution complete.
2026-09-04 13:48:10 [INFO] Running neural scan on CRYPTO...
2026-09-04 13:48:29 [INFO] Scan complete: 2 setups found.
2026-09-04 13:48:29 [INFO] Skipping PROM — active systemic position already exists.
2026-09-04 13:48:29 [INFO] Skipping AVAX — active systemic position already exists.
2026-09-04 13:48:29 [INFO] --- MADBOT ENGINE CYCLE FINISHED ---
2026-09-04 14:03:05 [INFO] --- MADBOT ENGINE CYCLE STARTED ---
2026-09-04 14:03:11 [INFO] Ledger resolution complete.
2026-09-04 14:03:11 [INFO] Running neural scan on CRYPTO...
2026-09-04 14:03:32 [INFO] Scan complete: 3 setups found.
2026-09-04 14:03:33 [INFO] SUCCESS: Systemic trade logged for PROM.
2026-09-04 14:03:34 [INFO] SUCCESS: Systemic trade logged for NEAR.
2026-09-04 14:03:35 [INFO] SUCCESS: Systemic trade logged for PUMP.
2026-09-04 14:03:35 [INFO] --- MADBOT ENGINE CYCLE FINISHED ---
2026-09-04 14:18:05 [INFO] --- MADBOT ENGINE CYCLE STARTED ---
2026-09-04 14:18:12 [INFO] Ledger resolution complete.
2026-09-04 14:18:12 [INFO] Running neural scan on CRYPTO...
2026-09-04 14:18:31 [INFO] Scan complete: 3 setups found.
2026-09-04 14:18:31 [INFO] Skipping PROM — active systemic position already exists.
2026-09-04 14:18:31 [INFO] Skipping NEAR — active systemic position already exists.
2026-09-04 14:18:31 [INFO] Skipping PUMP — active systemic position already exists.
2026-09-04 14:18:31 [INFO] --- MADBOT ENGINE CYCLE FINISHED ---
2026-09-04 14:33:05 [INFO] --- MADBOT ENGINE CYCLE STARTED ---
2026-09-04 14:33:11 [INFO] Ledger resolution complete.
2026-09-04 14:33:11 [INFO] Running neural scan on CRYPTO...
2026-09-04 14:33:29 [INFO] Scan complete: 3 setups found.
2026-09-04 14:33:29 [INFO] Skipping PROM — active systemic position already exists.
2026-09-04 14:33:29 [INFO] Skipping NEAR — active systemic position already exists.
2026-09-04 14:33:29 [INFO] Skipping PUMP — active systemic position already exists.
2026-09-04 14:33:29 [INFO] --- MADBOT ENGINE CYCLE FINISHED ---
2026-09-04 14:48:04 [INFO] --- MADBOT ENGINE CYCLE STARTED ---
2026-09-04 14:48:11 [INFO] Ledger resolution complete.
2026-09-04 14:48:11 [INFO] Running neural scan on CRYPTO...
2026-09-04 14:48:30 [INFO] Scan complete: 4 setups found.
2026-09-04 14:48:31 [INFO] SUCCESS: Systemic trade logged for DASH.
2026-09-04 14:48:31 [INFO] Skipping PROM — active systemic position already exists.
2026-09-04 14:48:31 [INFO] Skipping NEAR — active systemic position already exists.
2026-09-04 14:48:31 [INFO] Skipping PUMP — active systemic position already exists.
2026-09-04 14:48:31 [INFO] --- MADBOT ENGINE CYCLE FINISHED ---
2026-09-04 15:03:05 [INFO] --- MADBOT ENGINE CYCLE STARTED ---
2026-09-04 15:03:13 [INFO] Ledger resolution complete.
2026-09-04 15:03:13 [INFO] Running neural scan on CRYPTO...
2026-09-04 15:03:33 [INFO] Scan complete: 2 setups found.
2026-09-04 15:03:33 [INFO] Skipping LINK — active systemic position already exists.
2026-09-04 15:03:33 [INFO] Skipping ZEC — active systemic position already exists.
2026-09-04 15:03:33 [INFO] --- MADBOT ENGINE CYCLE FINISHED ---
2026-09-04 15:18:04 [INFO] --- MADBOT ENGINE CYCLE STARTED ---
2026-09-04 15:18:10 [INFO] Ledger resolution complete.
2026-09-04 15:18:10 [INFO] Running neural scan on CRYPTO...
2026-09-04 15:18:29 [INFO] Scan complete: 2 setups found.
2026-09-04 15:18:29 [INFO] Skipping LINK — active systemic position already exists.
2026-09-04 15:18:29 [INFO] Skipping ZEC — active systemic position already exists.
2026-09-04 15:18:29 [INFO] --- MADBOT ENGINE CYCLE FINISHED ---
2026-09-04 15:33:04 [INFO] --- MADBOT ENGINE CYCLE STARTED ---
2026-09-04 15:33:10 [INFO] Ledger resolution complete.
2026-09-04 15:33:10 [INFO] Running neural scan on CRYPTO...
2026-09-04 15:33:30 [INFO] Scan complete: 2 setups found.
2026-09-04 15:33:30 [INFO] Skipping LINK — active systemic position already exists.
2026-09-04 15:33:30 [INFO] Skipping ZEC — active systemic position already exists.
2026-09-04 15:33:30 [INFO] --- MADBOT ENGINE CYCLE FINISHED ---
2026-09-04 15:48:04 [INFO] --- MADBOT ENGINE CYCLE STARTED ---
2026-09-04 15:48:04 [INFO] Ledger resolution complete.
2026-09-04 15:48:04 [INFO] Running neural scan on CRYPTO...
2026-09-04 15:48:23 [INFO] Scan complete: 2 setups found.
2026-09-04 15:48:23 [INFO] Skipping LINK — active systemic position already exists.
2026-09-04 15:48:23 [INFO] Skipping ZEC — active systemic position already exists.
2026-09-04 15:48:23 [INFO] --- MADBOT ENGINE CYCLE FINISHED ---
2026-09-04 16:03:05 [INFO] --- MADBOT ENGINE CYCLE STARTED ---
2026-09-04 16:03:11 [INFO] Ledger resolution complete.
2026-09-04 16:03:11 [INFO] Running neural scan on CRYPTO...
2026-09-04 16:03:31 [INFO] Scan complete: 5 setups found.
2026-09-04 16:03:32 [INFO] SUCCESS: Systemic trade logged for LTC.
2026-09-04 16:03:32 [INFO] Skipping LINK — active systemic position already exists.
2026-09-04 16:03:33 [INFO] SUCCESS: Systemic trade logged for ZEC.
2026-09-04 16:03:34 [INFO] SUCCESS: Systemic trade logged for DASH.
2026-09-04 16:03:34 [INFO] Skipping PROM — active systemic position already exists.
2026-09-04 16:03:34 [INFO] --- MADBOT ENGINE CYCLE FINISHED ---
2026-09-04 16:18:04 [INFO] --- MADBOT ENGINE CYCLE STARTED ---
2026-09-04 16:18:10 [INFO] Ledger resolution complete.
2026-09-04 16:18:10 [INFO] Running neural scan on CRYPTO...
2026-09-04 16:18:28 [INFO] Scan complete: 5 setups found.
2026-09-04 16:18:28 [INFO] Skipping LTC — active systemic position already exists.
2026-09-04 16:18:28 [INFO] Skipping LINK — active systemic position already exists.
2026-09-04 16:18:28 [INFO] Skipping ZEC — active systemic position already exists.
2026-09-04 16:18:28 [INFO] Skipping DASH — active systemic position already exists.
2026-09-04 16:18:28 [INFO] Skipping PROM — active systemic position already exists.
2026-09-04 16:18:28 [INFO] --- MADBOT ENGINE CYCLE FINISHED ---
2026-09-04 16:33:04 [INFO] --- MADBOT ENGINE CYCLE STARTED ---
2026-09-04 16:33:08 [INFO] Ledger resolution complete.
2026-09-04 16:33:08 [INFO] Running neural scan on CRYPTO...
2026-09-04 16:33:25 [INFO] Scan complete: 5 setups found.
2026-09-04 16:33:25 [INFO] Skipping LTC — active systemic position already exists.
2026-09-04 16:33:25 [INFO] Skipping LINK — active systemic position already exists.
2026-09-04 16:33:25 [INFO] Skipping ZEC — active systemic position already exists.
2026-09-04 16:33:25 [INFO] Skipping DASH — active systemic position already exists.
2026-09-04 16:33:25 [INFO] Skipping PROM — active systemic position already exists.
2026-09-04 16:33:25 [INFO] --- MADBOT ENGINE CYCLE FINISHED ---
2026-09-04 16:48:05 [INFO] --- MADBOT ENGINE CYCLE STARTED ---
2026-09-04 16:48:12 [INFO] Ledger resolution complete.
2026-09-04 16:48:12 [INFO] Running neural scan on CRYPTO...
2026-09-04 16:48:30 [INFO] Scan complete: 5 setups found.
2026-09-04 16:48:30 [INFO] Skipping LTC — active systemic position already exists.
2026-09-04 16:48:30 [INFO] Skipping LINK — active systemic position already exists.
2026-09-04 16:48:30 [INFO] Skipping ZEC — active systemic position already exists.
2026-09-04 16:48:30 [INFO] Skipping DASH — active systemic position already exists.
2026-09-04 16:48:30 [INFO] Skipping PROM — active systemic position already exists.
2026-09-04 16:48:30 [INFO] --- MADBOT ENGINE CYCLE FINISHED ---
2026-09-04 17:03:05 [INFO] --- MADBOT ENGINE CYCLE STARTED ---
2026-09-04 17:03:11 [INFO] Ledger resolution complete.
2026-09-04 17:03:11 [INFO] Running neural scan on CRYPTO...
2026-09-04 17:03:32 [INFO] Scan complete: 5 setups found.
2026-09-04 17:03:33 [INFO] SUCCESS: Systemic trade logged for NEAR.
2026-09-04 17:03:34 [INFO] SUCCESS: Systemic trade logged for ATOM.
2026-09-04 17:03:35 [INFO] SUCCESS: Systemic trade logged for ETH.
2026-09-04 17:03:35 [INFO] Skipping SHIB — active systemic position already exists.
2026-09-04 17:03:35 [INFO] Skipping ZEC — active systemic position already exists.
2026-09-04 17:03:35 [INFO] --- MADBOT ENGINE CYCLE FINISHED ---
2026-09-04 17:18:06 [INFO] --- MADBOT ENGINE CYCLE STARTED ---
2026-09-04 17:18:12 [INFO] Ledger resolution complete.
2026-09-04 17:18:12 [INFO] Running neural scan on CRYPTO...
2026-09-04 17:18:31 [INFO] Scan complete: 5 setups found.
2026-09-04 17:18:31 [INFO] Skipping NEAR — active systemic position already exists.
2026-09-04 17:18:31 [INFO] Skipping ATOM — active systemic position already exists.
2026-09-04 17:18:31 [INFO] Skipping ETH — active systemic position already exists.
2026-09-04 17:18:31 [INFO] Skipping SHIB — active systemic position already exists.
2026-09-04 17:18:31 [INFO] Skipping ZEC — active systemic position already exists.
2026-09-04 17:18:31 [INFO] --- MADBOT ENGINE CYCLE FINISHED ---
2026-09-04 17:33:05 [INFO] --- MADBOT ENGINE CYCLE STARTED ---
2026-09-04 17:33:12 [INFO] Ledger resolution complete.
2026-09-04 17:33:12 [INFO] Running neural scan on CRYPTO...
2026-09-04 17:33:32 [INFO] Scan complete: 5 setups found.
2026-09-04 17:33:32 [INFO] Skipping NEAR — active systemic position already exists.
2026-09-04 17:33:32 [INFO] Skipping ATOM — active systemic position already exists.
2026-09-04 17:33:32 [INFO] Skipping ETH — active systemic position already exists.
2026-09-04 17:33:32 [INFO] Skipping SHIB — active systemic position already exists.
2026-09-04 17:33:32 [INFO] Skipping ZEC — active systemic position already exists.
2026-09-04 17:33:32 [INFO] --- MADBOT ENGINE CYCLE FINISHED ---
2026-09-04 17:48:05 [INFO] --- MADBOT ENGINE CYCLE STARTED ---
2026-09-04 17:48:12 [INFO] Ledger resolution complete.
2026-09-04 17:48:12 [INFO] Running neural scan on CRYPTO...
2026-09-04 17:48:30 [INFO] Scan complete: 5 setups found.
2026-09-04 17:48:30 [INFO] Skipping NEAR — active systemic position already exists.
2026-09-04 17:48:30 [INFO] Skipping ATOM — active systemic position already exists.
2026-09-04 17:48:30 [INFO] Skipping ETH — active systemic position already exists.
2026-09-04 17:48:30 [INFO] Skipping SHIB — active systemic position already exists.
2026-09-04 17:48:30 [INFO] Skipping ZEC — active systemic position already exists.
2026-09-04 17:48:30 [INFO] --- MADBOT ENGINE CYCLE FINISHED ---
2026-09-04 18:03:05 [INFO] --- MADBOT ENGINE CYCLE STARTED ---
2026-09-04 18:03:12 [INFO] Ledger resolution complete.
2026-09-04 18:03:12 [INFO] Running neural scan on CRYPTO...
2026-09-04 18:03:32 [INFO] Scan complete: 4 setups found.
2026-09-04 18:03:33 [INFO] Skipping ETH — active systemic position already exists.
2026-09-04 18:03:34 [INFO] SUCCESS: Systemic trade logged for LINK.
2026-09-04 18:03:34 [INFO] Skipping ATOM — active systemic position already exists.
2026-09-04 18:03:34 [INFO] Skipping DASH — active systemic position already exists.
2026-09-04 18:03:34 [INFO] --- MADBOT ENGINE CYCLE FINISHED ---
2026-09-04 18:18:05 [INFO] --- MADBOT ENGINE CYCLE STARTED ---
2026-09-04 18:18:11 [INFO] Ledger resolution complete.
2026-09-04 18:18:11 [INFO] Running neural scan on CRYPTO...
2026-09-04 18:18:32 [INFO] Scan complete: 4 setups found.
2026-09-04 18:18:32 [INFO] Skipping ETH — active systemic position already exists.
2026-09-04 18:18:32 [INFO] Skipping LINK — active systemic position already exists.
2026-09-04 18:18:32 [INFO] Skipping ATOM — active systemic position already exists.
2026-09-04 18:18:32 [INFO] Skipping DASH — active systemic position already exists.
2026-09-04 18:18:32 [INFO] --- MADBOT ENGINE CYCLE FINISHED ---
2026-09-04 18:33:05 [INFO] --- MADBOT ENGINE CYCLE STARTED ---
2026-09-04 18:33:11 [INFO] Ledger resolution complete.
2026-09-04 18:33:11 [INFO] Running neural scan on CRYPTO...
2026-09-04 18:33:31 [INFO] Scan complete: 4 setups found.
2026-09-04 18:33:31 [INFO] Skipping ETH — active systemic position already exists.
2026-09-04 18:33:31 [INFO] Skipping LINK — active systemic position already exists.
2026-09-04 18:33:31 [INFO] Skipping ATOM — active systemic position already exists.
2026-09-04 18:33:31 [INFO] Skipping DASH — active systemic position already exists.
2026-09-04 18:33:31 [INFO] --- MADBOT ENGINE CYCLE FINISHED ---
2026-09-04 18:48:05 [INFO] --- MADBOT ENGINE CYCLE STARTED ---
2026-09-04 18:48:11 [INFO] Ledger resolution complete.
2026-09-04 18:48:11 [INFO] Running neural scan on CRYPTO...
2026-09-04 18:48:32 [INFO] Scan complete: 4 setups found.
2026-09-04 18:48:32 [INFO] Skipping ETH — active systemic position already exists.
2026-09-04 18:48:32 [INFO] Skipping LINK — active systemic position already exists.
2026-09-04 18:48:32 [INFO] Skipping ATOM — active systemic position already exists.
2026-09-04 18:48:32 [INFO] Skipping DASH — active systemic position already exists.
2026-09-04 18:48:32 [INFO] --- MADBOT ENGINE CYCLE FINISHED ---
2026-09-04 19:03:04 [INFO] --- MADBOT ENGINE CYCLE STARTED ---
2026-09-04 19:03:11 [INFO] Ledger resolution complete.
2026-09-04 19:03:11 [INFO] Running neural scan on CRYPTO...
2026-09-04 19:03:29 [INFO] Scan complete: 5 setups found.
2026-09-04 19:03:30 [INFO] SUCCESS: Systemic trade logged for BNB.
2026-09-04 19:03:30 [INFO] Skipping LTC — active systemic position already exists.
2026-09-04 19:03:30 [INFO] Skipping DASH — active systemic position already exists.
2026-09-04 19:03:30 [INFO] Skipping NEAR — active systemic position already exists.
2026-09-04 19:03:31 [INFO] Skipping ATOM — active systemic position already exists.
2026-09-04 19:03:31 [INFO] --- MADBOT ENGINE CYCLE FINISHED ---
2026-09-04 19:18:05 [INFO] --- MADBOT ENGINE CYCLE STARTED ---
2026-09-04 19:18:11 [INFO] Ledger resolution complete.
2026-09-04 19:18:11 [INFO] Running neural scan on CRYPTO...
2026-09-04 19:18:30 [INFO] Scan complete: 5 setups found.
2026-09-04 19:18:30 [INFO] Skipping BNB — active systemic position already exists.
2026-09-04 19:18:30 [INFO] Skipping LTC — active systemic position already exists.
2026-09-04 19:18:30 [INFO] Skipping DASH — active systemic position already exists.
2026-09-04 19:18:30 [INFO] Skipping NEAR — active systemic position already exists.
2026-09-04 19:18:30 [INFO] Skipping ATOM — active systemic position already exists.
2026-09-04 19:18:30 [INFO] --- MADBOT ENGINE CYCLE FINISHED ---
2026-09-04 19:33:04 [INFO] --- MADBOT ENGINE CYCLE STARTED ---
2026-09-04 19:33:11 [INFO] Ledger resolution complete.
2026-09-04 19:33:11 [INFO] Running neural scan on CRYPTO...
2026-09-04 19:33:32 [INFO] Scan complete: 5 setups found.
2026-09-04 19:33:32 [INFO] Skipping BNB — active systemic position already exists.
2026-09-04 19:33:32 [INFO] Skipping LTC — active systemic position already exists.
2026-09-04 19:33:32 [INFO] Skipping DASH — active systemic position already exists.
2026-09-04 19:33:32 [INFO] Skipping NEAR — active systemic position already exists.
2026-09-04 19:33:32 [INFO] Skipping ATOM — active systemic position already exists.
2026-09-04 19:33:32 [INFO] --- MADBOT ENGINE CYCLE FINISHED ---
2026-09-04 19:48:04 [INFO] --- MADBOT ENGINE CYCLE STARTED ---
2026-09-04 19:48:10 [INFO] Ledger resolution complete.
2026-09-04 19:48:10 [INFO] Running neural scan on CRYPTO...
2026-09-04 19:48:33 [INFO] Scan complete: 5 setups found.
2026-09-04 19:48:33 [INFO] Skipping BNB — active systemic position already exists.
2026-09-04 19:48:33 [INFO] Skipping LTC — active systemic position already exists.
2026-09-04 19:48:33 [INFO] Skipping DASH — active systemic position already exists.
2026-09-04 19:48:33 [INFO] Skipping NEAR — active systemic position already exists.
2026-09-04 19:48:33 [INFO] Skipping ATOM — active systemic position already exists.
2026-09-04 19:48:33 [INFO] --- MADBOT ENGINE CYCLE FINISHED ---
2026-09-04 20:03:05 [INFO] --- MADBOT ENGINE CYCLE STARTED ---
2026-09-04 20:03:12 [INFO] Ledger resolution complete.
2026-09-04 20:03:12 [INFO] Running neural scan on CRYPTO...
2026-09-04 20:03:33 [INFO] Scan complete: No valid setups detected.
2026-09-04 20:18:04 [INFO] --- MADBOT ENGINE CYCLE STARTED ---
2026-09-04 20:18:08 [INFO] Ledger resolution complete.
2026-09-04 20:18:08 [INFO] Running neural scan on CRYPTO...
2026-09-04 20:18:27 [INFO] Scan complete: No valid setups detected.
2026-09-04 20:33:04 [INFO] --- MADBOT ENGINE CYCLE STARTED ---
2026-09-04 20:33:08 [INFO] Ledger resolution complete.
2026-09-04 20:33:08 [INFO] Running neural scan on CRYPTO...
2026-09-04 20:33:28 [INFO] Scan complete: No valid setups detected.
2026-09-04 20:48:04 [INFO] --- MADBOT ENGINE CYCLE STARTED ---
2026-09-04 20:48:09 [INFO] Ledger resolution complete.
2026-09-04 20:48:09 [INFO] Running neural scan on CRYPTO...
2026-09-04 20:48:33 [INFO] Scan complete: No valid setups detected.
2026-09-04 21:03:04 [INFO] --- MADBOT ENGINE CYCLE STARTED ---
2026-09-04 21:03:08 [INFO] Ledger resolution complete.
2026-09-04 21:03:08 [INFO] Running neural scan on CRYPTO...
2026-09-04 21:03:29 [INFO] Scan complete: 5 setups found.
2026-09-04 21:03:31 [INFO] SUCCESS: Systemic trade logged for ZEC.
2026-09-04 21:03:32 [INFO] SUCCESS: Systemic trade logged for DASH.
2026-09-04 21:03:34 [INFO] SUCCESS: Systemic trade logged for NEAR.
2026-09-04 21:03:35 [INFO] SUCCESS: Systemic trade logged for PUMP.
2026-09-04 21:03:36 [INFO] SUCCESS: Systemic trade logged for TRX.
2026-09-04 21:03:36 [INFO] --- MADBOT ENGINE CYCLE FINISHED ---
2026-09-04 21:18:05 [INFO] --- MADBOT ENGINE CYCLE STARTED ---
2026-09-04 21:18:11 [INFO] Ledger resolution complete.
2026-09-04 21:18:11 [INFO] Running neural scan on CRYPTO...
2026-09-04 21:18:30 [INFO] Scan complete: 5 setups found.
2026-09-04 21:18:30 [INFO] Skipping ZEC — active systemic position already exists.
2026-09-04 21:18:30 [INFO] Skipping DASH — active systemic position already exists.
2026-09-04 21:18:30 [INFO] Skipping NEAR — active systemic position already exists.
2026-09-04 21:18:30 [INFO] Skipping PUMP — active systemic position already exists.
2026-09-04 21:18:30 [INFO] Skipping TRX — active systemic position already exists.
2026-09-04 21:18:30 [INFO] --- MADBOT ENGINE CYCLE FINISHED ---
2026-09-04 21:33:05 [INFO] --- MADBOT ENGINE CYCLE STARTED ---
2026-09-04 21:33:10 [INFO] Ledger resolution complete.
2026-09-04 21:33:10 [INFO] Running neural scan on CRYPTO...
2026-09-04 21:33:28 [INFO] Scan complete: 5 setups found.
2026-09-04 21:33:28 [INFO] Skipping ZEC — active systemic position already exists.
2026-09-04 21:33:28 [INFO] Skipping DASH — active systemic position already exists.
2026-09-04 21:33:28 [INFO] Skipping NEAR — active systemic position already exists.
2026-09-04 21:33:28 [INFO] Skipping PUMP — active systemic position already exists.
2026-09-04 21:33:28 [INFO] Skipping TRX — active systemic position already exists.
2026-09-04 21:33:28 [INFO] --- MADBOT ENGINE CYCLE FINISHED ---
2026-09-04 21:48:05 [INFO] --- MADBOT ENGINE CYCLE STARTED ---
2026-09-04 21:48:09 [INFO] Ledger resolution complete.
2026-09-04 21:48:09 [INFO] Running neural scan on CRYPTO...
2026-09-04 21:48:31 [INFO] Scan complete: 5 setups found.
2026-09-04 21:48:31 [INFO] Skipping ZEC — active systemic position already exists.
2026-09-04 21:48:31 [INFO] Skipping DASH — active systemic position already exists.
2026-09-04 21:48:31 [INFO] Skipping NEAR — active systemic position already exists.
2026-09-04 21:48:31 [INFO] Skipping PUMP — active systemic position already exists.
2026-09-04 21:48:31 [INFO] Skipping TRX — active systemic position already exists.
2026-09-04 21:48:31 [INFO] --- MADBOT ENGINE CYCLE FINISHED ---
2026-09-04 22:03:05 [INFO] --- MADBOT ENGINE CYCLE STARTED ---
2026-09-04 22:03:10 [INFO] Ledger resolution complete.
2026-09-04 22:03:10 [INFO] Running neural scan on CRYPTO...
2026-09-04 22:03:29 [INFO] Scan complete: No valid setups detected.
2026-09-04 22:18:05 [INFO] --- MADBOT ENGINE CYCLE STARTED ---
2026-09-04 22:18:11 [INFO] Ledger resolution complete.
2026-09-04 22:18:11 [INFO] Running neural scan on CRYPTO...
2026-09-04 22:18:32 [INFO] Scan complete: No valid setups detected.
2026-09-04 22:33:04 [INFO] --- MADBOT ENGINE CYCLE STARTED ---
2026-09-04 22:33:09 [INFO] Ledger resolution complete.
2026-09-04 22:33:09 [INFO] Running neural scan on CRYPTO...
2026-09-04 22:33:28 [INFO] Scan complete: No valid setups detected.
2026-09-04 22:48:04 [INFO] --- MADBOT ENGINE CYCLE STARTED ---
2026-09-04 22:48:08 [INFO] Ledger resolution complete.
2026-09-04 22:48:08 [INFO] Running neural scan on CRYPTO...
2026-09-04 22:48:28 [INFO] Scan complete: No valid setups detected.
2026-09-04 23:03:04 [INFO] --- MADBOT ENGINE CYCLE STARTED ---
2026-09-04 23:03:08 [INFO] Ledger resolution complete.
2026-09-04 23:03:08 [INFO] Running neural scan on CRYPTO...
2026-09-04 23:03:30 [INFO] Scan complete: No valid setups detected.
2026-09-04 23:18:06 [INFO] --- MADBOT ENGINE CYCLE STARTED ---
2026-09-04 23:18:11 [INFO] Ledger resolution complete.
2026-09-04 23:18:11 [INFO] Running neural scan on CRYPTO...
2026-09-04 23:18:29 [INFO] Scan complete: No valid setups detected.
2026-09-04 23:33:05 [INFO] --- MADBOT ENGINE CYCLE STARTED ---
2026-09-04 23:33:09 [INFO] Ledger resolution complete.
2026-09-04 23:33:09 [INFO] Running neural scan on CRYPTO...
2026-09-04 23:33:29 [INFO] Scan complete: No valid setups detected.
2026-09-04 23:48:05 [INFO] --- MADBOT ENGINE CYCLE STARTED ---
2026-09-04 23:48:09 [INFO] Ledger resolution complete.
2026-09-04 23:48:09 [INFO] Running neural scan on CRYPTO...
2026-09-04 23:48:28 [INFO] Scan complete: No valid setups detected.
2026-09-05 00:03:04 [INFO] --- MADBOT ENGINE CYCLE STARTED ---
2026-09-05 00:03:09 [INFO] Ledger resolution complete.
2026-09-05 00:03:09 [INFO] Running neural scan on CRYPTO...
2026-09-05 00:03:27 [INFO] Scan complete: 2 setups found.
2026-09-05 00:03:28 [INFO] SUCCESS: Systemic trade logged for DASH.
2026-09-05 00:03:29 [INFO] SUCCESS: Systemic trade logged for ZEC.
2026-09-05 00:03:29 [INFO] --- MADBOT ENGINE CYCLE FINISHED ---
2026-09-05 00:18:04 [INFO] --- MADBOT ENGINE CYCLE STARTED ---
2026-09-05 00:18:09 [INFO] Ledger resolution complete.
2026-09-05 00:18:09 [INFO] Running neural scan on CRYPTO...
2026-09-05 00:18:27 [INFO] Scan complete: 2 setups found.
2026-09-05 00:18:27 [INFO] Skipping DASH — active systemic position already exists.
2026-09-05 00:18:27 [INFO] Skipping ZEC — active systemic position already exists.
2026-09-05 00:18:27 [INFO] --- MADBOT ENGINE CYCLE FINISHED ---
2026-09-05 00:33:03 [INFO] --- MADBOT ENGINE CYCLE STARTED ---
2026-09-05 00:33:08 [INFO] Ledger resolution complete.
2026-09-05 00:33:08 [INFO] Running neural scan on CRYPTO...
2026-09-05 00:33:28 [INFO] Scan complete: 2 setups found.
2026-09-05 00:33:28 [INFO] Skipping DASH — active systemic position already exists.
2026-09-05 00:33:28 [INFO] Skipping ZEC — active systemic position already exists.
2026-09-05 00:33:28 [INFO] --- MADBOT ENGINE CYCLE FINISHED ---
2026-09-05 00:48:03 [INFO] --- MADBOT ENGINE CYCLE STARTED ---
2026-09-05 00:48:07 [INFO] Ledger resolution complete.
2026-09-05 00:48:07 [INFO] Running neural scan on CRYPTO...
2026-09-05 00:48:27 [INFO] Scan complete: 2 setups found.
2026-09-05 00:48:27 [INFO] Skipping DASH — active systemic position already exists.
2026-09-05 00:48:27 [INFO] Skipping ZEC — active systemic position already exists.
2026-09-05 00:48:27 [INFO] --- MADBOT ENGINE CYCLE FINISHED ---
2026-09-05 01:03:05 [INFO] --- MADBOT ENGINE CYCLE STARTED ---
2026-09-05 01:03:09 [INFO] Ledger resolution complete.
2026-09-05 01:03:09 [INFO] Running neural scan on CRYPTO...
2026-09-05 01:03:29 [INFO] Scan complete: 1 setups found.
2026-09-05 01:03:29 [INFO] Skipping DASH — active systemic position already exists.
2026-09-05 01:03:29 [INFO] --- MADBOT ENGINE CYCLE FINISHED ---
2026-09-05 01:18:04 [INFO] --- MADBOT ENGINE CYCLE STARTED ---
2026-09-05 01:18:09 [INFO] Ledger resolution complete.
2026-09-05 01:18:09 [INFO] Running neural scan on CRYPTO...
2026-09-05 01:18:28 [INFO] Scan complete: 1 setups found.
2026-09-05 01:18:28 [INFO] Skipping DASH — active systemic position already exists.
2026-09-05 01:18:28 [INFO] --- MADBOT ENGINE CYCLE FINISHED ---
2026-09-05 01:33:05 [INFO] --- MADBOT ENGINE CYCLE STARTED ---
2026-09-05 01:33:09 [INFO] Ledger resolution complete.
2026-09-05 01:33:09 [INFO] Running neural scan on CRYPTO...
2026-09-05 01:33:29 [INFO] Scan complete: 1 setups found.
2026-09-05 01:33:29 [INFO] Skipping DASH — active systemic position already exists.
2026-09-05 01:33:29 [INFO] --- MADBOT ENGINE CYCLE FINISHED ---
2026-09-05 01:48:05 [INFO] --- MADBOT ENGINE CYCLE STARTED ---
2026-09-05 01:48:09 [INFO] Ledger resolution complete.
2026-09-05 01:48:09 [INFO] Running neural scan on CRYPTO...
2026-09-05 01:48:30 [INFO] Scan complete: 1 setups found.
2026-09-05 01:48:30 [INFO] Skipping DASH — active systemic position already exists.
2026-09-05 01:48:30 [INFO] --- MADBOT ENGINE CYCLE FINISHED ---
2026-09-05 02:03:06 [INFO] --- MADBOT ENGINE CYCLE STARTED ---
2026-09-05 02:03:10 [INFO] Ledger resolution complete.
2026-09-05 02:03:10 [INFO] Running neural scan on CRYPTO...
2026-09-05 02:03:30 [INFO] Scan complete: 3 setups found.
2026-09-05 02:03:30 [INFO] Skipping TRX — active systemic position already exists.
2026-09-05 02:03:30 [INFO] Skipping ZEC — active systemic position already exists.
2026-09-05 02:03:30 [INFO] Skipping NEAR — active systemic position already exists.
2026-09-05 02:03:30 [INFO] --- MADBOT ENGINE CYCLE FINISHED ---
2026-09-05 02:18:05 [INFO] --- MADBOT ENGINE CYCLE STARTED ---
2026-09-05 02:18:09 [INFO] Ledger resolution complete.
2026-09-05 02:18:09 [INFO] Running neural scan on CRYPTO...
2026-09-05 02:18:30 [INFO] Scan complete: 3 setups found.
2026-09-05 02:18:30 [INFO] Skipping TRX — active systemic position already exists.
2026-09-05 02:18:30 [INFO] Skipping ZEC — active systemic position already exists.
2026-09-05 02:18:30 [INFO] Skipping NEAR — active systemic position already exists.
2026-09-05 02:18:30 [INFO] --- MADBOT ENGINE CYCLE FINISHED ---
2026-09-05 02:33:06 [INFO] --- MADBOT ENGINE CYCLE STARTED ---
2026-09-05 02:33:10 [INFO] Ledger resolution complete.
2026-09-05 02:33:10 [INFO] Running neural scan on CRYPTO...
2026-09-05 02:33:30 [INFO] Scan complete: 3 setups found.
2026-09-05 02:33:30 [INFO] Skipping TRX — active systemic position already exists.
2026-09-05 02:33:30 [INFO] Skipping ZEC — active systemic position already exists.
2026-09-05 02:33:30 [INFO] Skipping NEAR — active systemic position already exists.
2026-09-05 02:33:30 [INFO] --- MADBOT ENGINE CYCLE FINISHED ---
2026-09-05 02:48:05 [INFO] --- MADBOT ENGINE CYCLE STARTED ---
2026-09-05 02:48:10 [INFO] Ledger resolution complete.
2026-09-05 02:48:10 [INFO] Running neural scan on CRYPTO...
2026-09-05 02:48:30 [INFO] Scan complete: 3 setups found.
2026-09-05 02:48:30 [INFO] Skipping TRX — active systemic position already exists.
2026-09-05 02:48:30 [INFO] Skipping ZEC — active systemic position already exists.
2026-09-05 02:48:30 [INFO] Skipping NEAR — active systemic position already exists.
2026-09-05 02:48:30 [INFO] --- MADBOT ENGINE CYCLE FINISHED ---
2026-09-05 03:03:09 [INFO] --- MADBOT ENGINE CYCLE STARTED ---
2026-09-05 03:03:13 [INFO] Ledger resolution complete.
2026-09-05 03:03:13 [INFO] Running neural scan on CRYPTO...
2026-09-05 03:03:34 [INFO] Scan complete: 1 setups found.
2026-09-05 03:03:35 [INFO] SUCCESS: Systemic trade logged for NEAR.
2026-09-05 03:03:35 [INFO] --- MADBOT ENGINE CYCLE FINISHED ---
2026-09-05 03:18:05 [INFO] --- MADBOT ENGINE CYCLE STARTED ---
2026-09-05 03:18:10 [INFO] Ledger resolution complete.
2026-09-05 03:18:10 [INFO] Running neural scan on CRYPTO...
2026-09-05 03:18:31 [INFO] Scan complete: 1 setups found.
2026-09-05 03:18:31 [INFO] Skipping NEAR — active systemic position already exists.
2026-09-05 03:18:31 [INFO] --- MADBOT ENGINE CYCLE FINISHED ---
2026-09-05 03:33:07 [INFO] --- MADBOT ENGINE CYCLE STARTED ---
2026-09-05 03:33:11 [INFO] Ledger resolution complete.
2026-09-05 03:33:11 [INFO] Running neural scan on CRYPTO...
2026-09-05 03:33:30 [INFO] Scan complete: 1 setups found.
2026-09-05 03:33:30 [INFO] Skipping NEAR — active systemic position already exists.
2026-09-05 03:33:30 [INFO] --- MADBOT ENGINE CYCLE FINISHED ---
2026-09-05 03:48:04 [INFO] --- MADBOT ENGINE CYCLE STARTED ---
2026-09-05 03:48:07 [INFO] Ledger resolution complete.
2026-09-05 03:48:07 [INFO] Running neural scan on CRYPTO...
2026-09-05 03:48:25 [INFO] Scan complete: 1 setups found.
2026-09-05 03:48:25 [INFO] Skipping NEAR — active systemic position already exists.
2026-09-05 03:48:25 [INFO] --- MADBOT ENGINE CYCLE FINISHED ---
2026-09-05 04:03:04 [INFO] --- MADBOT ENGINE CYCLE STARTED ---
2026-09-05 04:03:07 [INFO] Ledger resolution complete.
2026-09-05 04:03:07 [INFO] Running neural scan on CRYPTO...
2026-09-05 04:03:26 [INFO] Scan complete: 1 setups found.
2026-09-05 04:03:26 [INFO] Skipping DASH — active systemic position already exists.
2026-09-05 04:03:26 [INFO] --- MADBOT ENGINE CYCLE FINISHED ---
2026-09-05 04:18:04 [INFO] --- MADBOT ENGINE CYCLE STARTED ---
2026-09-05 04:18:07 [INFO] Ledger resolution complete.
2026-09-05 04:18:07 [INFO] Running neural scan on CRYPTO...
2026-09-05 04:18:26 [INFO] Scan complete: 1 setups found.
2026-09-05 04:18:26 [INFO] Skipping DASH — active systemic position already exists.
2026-09-05 04:18:26 [INFO] --- MADBOT ENGINE CYCLE FINISHED ---
2026-09-05 04:33:04 [INFO] --- MADBOT ENGINE CYCLE STARTED ---
2026-09-05 04:33:07 [INFO] Ledger resolution complete.
2026-09-05 04:33:07 [INFO] Running neural scan on CRYPTO...
2026-09-05 04:33:25 [INFO] Scan complete: 1 setups found.
2026-09-05 04:33:25 [INFO] Skipping DASH — active systemic position already exists.
2026-09-05 04:33:25 [INFO] --- MADBOT ENGINE CYCLE FINISHED ---
2026-09-05 04:48:03 [INFO] --- MADBOT ENGINE CYCLE STARTED ---
2026-09-05 04:48:07 [INFO] Ledger resolution complete.
2026-09-05 04:48:07 [INFO] Running neural scan on CRYPTO...
2026-09-05 04:48:25 [INFO] Scan complete: 1 setups found.
2026-09-05 04:48:25 [INFO] Skipping DASH — active systemic position already exists.
2026-09-05 04:48:25 [INFO] --- MADBOT ENGINE CYCLE FINISHED ---
2026-09-05 05:03:04 [INFO] --- MADBOT ENGINE CYCLE STARTED ---
2026-09-05 05:03:08 [INFO] Ledger resolution complete.
2026-09-05 05:03:08 [INFO] Running neural scan on CRYPTO...
2026-09-05 05:03:27 [INFO] Scan complete: 1 setups found.
2026-09-05 05:03:28 [INFO] SUCCESS: Systemic trade logged for DASH.
2026-09-05 05:03:28 [INFO] --- MADBOT ENGINE CYCLE FINISHED ---
2026-09-05 05:18:03 [INFO] --- MADBOT ENGINE CYCLE STARTED ---
2026-09-05 05:18:07 [INFO] Ledger resolution complete.
2026-09-05 05:18:07 [INFO] Running neural scan on CRYPTO...
2026-09-05 05:18:25 [INFO] Scan complete: 1 setups found.
2026-09-05 05:18:25 [INFO] Skipping DASH — active systemic position already exists.
2026-09-05 05:18:25 [INFO] --- MADBOT ENGINE CYCLE FINISHED ---
2026-09-05 05:33:03 [INFO] --- MADBOT ENGINE CYCLE STARTED ---
2026-09-05 05:33:07 [INFO] Ledger resolution complete.
2026-09-05 05:33:07 [INFO] Running neural scan on CRYPTO...
2026-09-05 05:33:25 [INFO] Scan complete: 1 setups found.
2026-09-05 05:33:25 [INFO] Skipping DASH — active systemic position already exists.
2026-09-05 05:33:25 [INFO] --- MADBOT ENGINE CYCLE FINISHED ---
2026-09-05 05:48:03 [INFO] --- MADBOT ENGINE CYCLE STARTED ---
2026-09-05 05:48:06 [INFO] Ledger resolution complete.
2026-09-05 05:48:06 [INFO] Running neural scan on CRYPTO...
2026-09-05 05:48:27 [INFO] Scan complete: 1 setups found.
2026-09-05 05:48:27 [INFO] Skipping DASH — active systemic position already exists.
2026-09-05 05:48:27 [INFO] --- MADBOT ENGINE CYCLE FINISHED ---
2026-09-05 06:03:03 [INFO] --- MADBOT ENGINE CYCLE STARTED ---
2026-09-05 06:03:07 [INFO] Ledger resolution complete.
2026-09-05 06:03:07 [INFO] Running neural scan on CRYPTO...
2026-09-05 06:03:25 [INFO] Scan complete: 2 setups found.
2026-09-05 06:03:25 [INFO] Skipping DASH — active systemic position already exists.
2026-09-05 06:03:25 [INFO] Skipping NEAR — active systemic position already exists.
2026-09-05 06:03:25 [INFO] --- MADBOT ENGINE CYCLE FINISHED ---
2026-09-05 06:18:03 [INFO] --- MADBOT ENGINE CYCLE STARTED ---
2026-09-05 06:18:07 [INFO] Ledger resolution complete.
2026-09-05 06:18:07 [INFO] Running neural scan on CRYPTO...
2026-09-05 06:18:25 [INFO] Scan complete: 2 setups found.
2026-09-05 06:18:25 [INFO] Skipping DASH — active systemic position already exists.
2026-09-05 06:18:25 [INFO] Skipping NEAR — active systemic position already exists.
2026-09-05 06:18:25 [INFO] --- MADBOT ENGINE CYCLE FINISHED ---
2026-09-05 06:33:04 [INFO] --- MADBOT ENGINE CYCLE STARTED ---
2026-09-05 06:33:07 [INFO] Ledger resolution complete.
2026-09-05 06:33:07 [INFO] Running neural scan on CRYPTO...
2026-09-05 06:33:26 [INFO] Scan complete: 2 setups found.
2026-09-05 06:33:26 [INFO] Skipping DASH — active systemic position already exists.
2026-09-05 06:33:26 [INFO] Skipping NEAR — active systemic position already exists.
2026-09-05 06:33:26 [INFO] --- MADBOT ENGINE CYCLE FINISHED ---
2026-09-05 06:48:03 [INFO] --- MADBOT ENGINE CYCLE STARTED ---
2026-09-05 06:48:07 [INFO] Ledger resolution complete.
2026-09-05 06:48:07 [INFO] Running neural scan on CRYPTO...
2026-09-05 06:48:26 [INFO] Scan complete: 2 setups found.
2026-09-05 06:48:26 [INFO] Skipping DASH — active systemic position already exists.
2026-09-05 06:48:26 [INFO] Skipping NEAR — active systemic position already exists.
2026-09-05 06:48:26 [INFO] --- MADBOT ENGINE CYCLE FINISHED ---
2026-09-05 07:03:03 [INFO] --- MADBOT ENGINE CYCLE STARTED ---
2026-09-05 07:03:07 [INFO] Ledger resolution complete.
2026-09-05 07:03:07 [INFO] Running neural scan on CRYPTO...
2026-09-05 07:03:26 [INFO] Scan complete: 3 setups found.
2026-09-05 07:03:27 [INFO] SUCCESS: Systemic trade logged for DASH.
2026-09-05 07:03:27 [INFO] Skipping NEAR — active systemic position already exists.
2026-09-05 07:03:28 [INFO] SUCCESS: Systemic trade logged for DOT.
2026-09-05 07:03:28 [INFO] --- MADBOT ENGINE CYCLE FINISHED ---
2026-09-05 07:18:04 [INFO] --- MADBOT ENGINE CYCLE STARTED ---
2026-09-05 07:18:08 [INFO] Ledger resolution complete.
2026-09-05 07:18:08 [INFO] Running neural scan on CRYPTO...
2026-09-05 07:18:27 [INFO] Scan complete: 3 setups found.
2026-09-05 07:18:27 [INFO] Skipping DASH — active systemic position already exists.
2026-09-05 07:18:27 [INFO] Skipping NEAR — active systemic position already exists.
2026-09-05 07:18:27 [INFO] Skipping DOT — active systemic position already exists.
2026-09-05 07:18:27 [INFO] --- MADBOT ENGINE CYCLE FINISHED ---
2026-09-05 07:33:03 [INFO] --- MADBOT ENGINE CYCLE STARTED ---
2026-09-05 07:33:08 [INFO] Ledger resolution complete.
2026-09-05 07:33:08 [INFO] Running neural scan on CRYPTO...
2026-09-05 07:33:26 [INFO] Scan complete: 3 setups found.
2026-09-05 07:33:26 [INFO] Skipping DASH — active systemic position already exists.
2026-09-05 07:33:26 [INFO] Skipping NEAR — active systemic position already exists.
2026-09-05 07:33:26 [INFO] Skipping DOT — active systemic position already exists.
2026-09-05 07:33:26 [INFO] --- MADBOT ENGINE CYCLE FINISHED ---
2026-09-05 07:48:04 [INFO] --- MADBOT ENGINE CYCLE STARTED ---
2026-09-05 07:48:08 [INFO] Ledger resolution complete.
2026-09-05 07:48:08 [INFO] Running neural scan on CRYPTO...
2026-09-05 07:48:28 [INFO] Scan complete: 3 setups found.
2026-09-05 07:48:28 [INFO] Skipping DASH — active systemic position already exists.
2026-09-05 07:48:28 [INFO] Skipping NEAR — active systemic position already exists.
2026-09-05 07:48:28 [INFO] Skipping DOT — active systemic position already exists.
2026-09-05 07:48:28 [INFO] --- MADBOT ENGINE CYCLE FINISHED ---
2026-09-05 08:03:04 [INFO] --- MADBOT ENGINE CYCLE STARTED ---
2026-09-05 08:03:07 [INFO] Ledger resolution complete.
2026-09-05 08:03:07 [INFO] Running neural scan on CRYPTO...
2026-09-05 08:03:28 [INFO] Scan complete: 3 setups found.
2026-09-05 08:03:28 [INFO] Skipping NEAR — active systemic position already exists.
2026-09-05 08:03:28 [INFO] Skipping DASH — active systemic position already exists.
2026-09-05 08:03:29 [INFO] SUCCESS: Systemic trade logged for TRUMP.
2026-09-05 08:03:29 [INFO] --- MADBOT ENGINE CYCLE FINISHED ---
2026-09-05 08:18:04 [INFO] --- MADBOT ENGINE CYCLE STARTED ---
2026-09-05 08:18:07 [INFO] Ledger resolution complete.
2026-09-05 08:18:07 [INFO] Running neural scan on CRYPTO...
2026-09-05 08:18:26 [INFO] Scan complete: 3 setups found.
2026-09-05 08:18:26 [INFO] Skipping NEAR — active systemic position already exists.
2026-09-05 08:18:26 [INFO] Skipping DASH — active systemic position already exists.
2026-09-05 08:18:26 [INFO] Skipping TRUMP — active systemic position already exists.
2026-09-05 08:18:26 [INFO] --- MADBOT ENGINE CYCLE FINISHED ---
2026-09-05 08:33:03 [INFO] --- MADBOT ENGINE CYCLE STARTED ---
2026-09-05 08:33:07 [INFO] Ledger resolution complete.
2026-09-05 08:33:07 [INFO] Running neural scan on CRYPTO...
2026-09-05 08:33:25 [INFO] Scan complete: 3 setups found.
2026-09-05 08:33:25 [INFO] Skipping NEAR — active systemic position already exists.
2026-09-05 08:33:25 [INFO] Skipping DASH — active systemic position already exists.
2026-09-05 08:33:25 [INFO] Skipping TRUMP — active systemic position already exists.
2026-09-05 08:33:25 [INFO] --- MADBOT ENGINE CYCLE FINISHED ---
2026-09-05 08:48:04 [INFO] --- MADBOT ENGINE CYCLE STARTED ---
2026-09-05 08:48:08 [INFO] Ledger resolution complete.
2026-09-05 08:48:08 [INFO] Running neural scan on CRYPTO...
2026-09-05 08:48:25 [INFO] Scan complete: 3 setups found.
2026-09-05 08:48:25 [INFO] Skipping NEAR — active systemic position already exists.
2026-09-05 08:48:25 [INFO] Skipping DASH — active systemic position already exists.
2026-09-05 08:48:25 [INFO] Skipping TRUMP — active systemic position already exists.
2026-09-05 08:48:25 [INFO] --- MADBOT ENGINE CYCLE FINISHED ---
2026-09-05 09:03:03 [INFO] --- MADBOT ENGINE CYCLE STARTED ---
2026-09-05 09:03:07 [INFO] Ledger resolution complete.
2026-09-05 09:03:07 [INFO] Running neural scan on CRYPTO...
2026-09-05 09:03:24 [INFO] Scan complete: 4 setups found.
2026-09-05 09:03:24 [INFO] Skipping DOT — active systemic position already exists.
2026-09-05 09:03:25 [INFO] SUCCESS: Systemic trade logged for DASH.
2026-09-05 09:03:26 [INFO] SUCCESS: Systemic trade logged for LTC.
2026-09-05 09:03:26 [INFO] Skipping TRUMP — active systemic position already exists.
2026-09-05 09:03:26 [INFO] --- MADBOT ENGINE CYCLE FINISHED ---
2026-09-05 09:18:04 [INFO] --- MADBOT ENGINE CYCLE STARTED ---
2026-09-05 09:18:08 [INFO] Ledger resolution complete.
2026-09-05 09:18:08 [INFO] Running neural scan on CRYPTO...
2026-09-05 09:18:24 [INFO] Scan complete: 4 setups found.
2026-09-05 09:18:24 [INFO] Skipping DOT — active systemic position already exists.
2026-09-05 09:18:24 [INFO] Skipping DASH — active systemic position already exists.
2026-09-05 09:18:24 [INFO] Skipping LTC — active systemic position already exists.
2026-09-05 09:18:24 [INFO] Skipping TRUMP — active systemic position already exists.
2026-09-05 09:18:24 [INFO] --- MADBOT ENGINE CYCLE FINISHED ---
2026-09-05 09:33:04 [INFO] --- MADBOT ENGINE CYCLE STARTED ---
2026-09-05 09:33:09 [INFO] Ledger resolution complete.
2026-09-05 09:33:09 [INFO] Running neural scan on CRYPTO...
2026-09-05 09:33:27 [INFO] Scan complete: 4 setups found.
2026-09-05 09:33:27 [INFO] Skipping DOT — active systemic position already exists.
2026-09-05 09:33:27 [INFO] Skipping DASH — active systemic position already exists.
2026-09-05 09:33:27 [INFO] Skipping LTC — active systemic position already exists.
2026-09-05 09:33:27 [INFO] Skipping TRUMP — active systemic position already exists.
2026-09-05 09:33:27 [INFO] --- MADBOT ENGINE CYCLE FINISHED ---
2026-09-05 09:48:04 [INFO] --- MADBOT ENGINE CYCLE STARTED ---
2026-09-05 09:48:08 [INFO] Ledger resolution complete.
2026-09-05 09:48:08 [INFO] Running neural scan on CRYPTO...
2026-09-05 09:48:24 [INFO] Scan complete: 4 setups found.
2026-09-05 09:48:24 [INFO] Skipping DOT — active systemic position already exists.
2026-09-05 09:48:24 [INFO] Skipping DASH — active systemic position already exists.
2026-09-05 09:48:24 [INFO] Skipping LTC — active systemic position already exists.
2026-09-05 09:48:24 [INFO] Skipping TRUMP — active systemic position already exists.
2026-09-05 09:48:24 [INFO] --- MADBOT ENGINE CYCLE FINISHED ---
2026-09-05 10:03:03 [INFO] --- MADBOT ENGINE CYCLE STARTED ---
2026-09-05 10:03:07 [INFO] Ledger resolution complete.
2026-09-05 10:03:07 [INFO] Running neural scan on CRYPTO...
2026-09-05 10:03:25 [INFO] Scan complete: 3 setups found.
2026-09-05 10:03:25 [INFO] Skipping DASH — active systemic position already exists.
2026-09-05 10:03:25 [INFO] Skipping LTC — active systemic position already exists.
2026-09-05 10:03:26 [INFO] SUCCESS: Systemic trade logged for ATOM.
2026-09-05 10:03:26 [INFO] --- MADBOT ENGINE CYCLE FINISHED ---
2026-09-05 10:18:04 [INFO] --- MADBOT ENGINE CYCLE STARTED ---
2026-09-05 10:18:08 [INFO] Ledger resolution complete.
2026-09-05 10:18:08 [INFO] Running neural scan on CRYPTO...
2026-09-05 10:18:26 [INFO] Scan complete: 3 setups found.
2026-09-05 10:18:26 [INFO] Skipping DASH — active systemic position already exists.
2026-09-05 10:18:26 [INFO] Skipping LTC — active systemic position already exists.
2026-09-05 10:18:26 [INFO] Skipping ATOM — active systemic position already exists.
2026-09-05 10:18:26 [INFO] --- MADBOT ENGINE CYCLE FINISHED ---
2026-09-05 10:33:04 [INFO] --- MADBOT ENGINE CYCLE STARTED ---
2026-09-05 10:33:08 [INFO] Ledger resolution complete.
2026-09-05 10:33:08 [INFO] Running neural scan on CRYPTO...
2026-09-05 10:33:24 [INFO] Scan complete: 3 setups found.
2026-09-05 10:33:24 [INFO] Skipping DASH — active systemic position already exists.
2026-09-05 10:33:24 [INFO] Skipping LTC — active systemic position already exists.
2026-09-05 10:33:24 [INFO] Skipping ATOM — active systemic position already exists.
2026-09-05 10:33:24 [INFO] --- MADBOT ENGINE CYCLE FINISHED ---
2026-09-05 10:48:04 [INFO] --- MADBOT ENGINE CYCLE STARTED ---
2026-09-05 10:48:09 [INFO] Ledger resolution complete.
2026-09-05 10:48:09 [INFO] Running neural scan on CRYPTO...
2026-09-05 10:48:25 [INFO] Scan complete: 3 setups found.
2026-09-05 10:48:25 [INFO] Skipping DASH — active systemic position already exists.
2026-09-05 10:48:25 [INFO] Skipping LTC — active systemic position already exists.
2026-09-05 10:48:25 [INFO] Skipping ATOM — active systemic position already exists.
2026-09-05 10:48:25 [INFO] --- MADBOT ENGINE CYCLE FINISHED ---
2026-09-05 11:03:04 [INFO] --- MADBOT ENGINE CYCLE STARTED ---
2026-09-05 11:03:08 [INFO] Ledger resolution complete.
2026-09-05 11:03:08 [INFO] Running neural scan on CRYPTO...
2026-09-05 11:03:26 [INFO] Scan complete: 4 setups found.
2026-09-05 11:03:27 [INFO] SUCCESS: Systemic trade logged for LTC.
2026-09-05 11:03:27 [INFO] Skipping ATOM — active systemic position already exists.
2026-09-05 11:03:28 [INFO] SUCCESS: Systemic trade logged for OP.
2026-09-05 11:03:28 [INFO] Skipping UNI — active systemic position already exists.
2026-09-05 11:03:28 [INFO] --- MADBOT ENGINE CYCLE FINISHED ---
2026-09-05 11:18:04 [INFO] --- MADBOT ENGINE CYCLE STARTED ---
2026-09-05 11:18:08 [INFO] Ledger resolution complete.
2026-09-05 11:18:08 [INFO] Running neural scan on CRYPTO...
2026-09-05 11:18:27 [INFO] Scan complete: 4 setups found.
2026-09-05 11:18:28 [INFO] Skipping LTC — active systemic position already exists.
2026-09-05 11:18:28 [INFO] Skipping ATOM — active systemic position already exists.
2026-09-05 11:18:28 [INFO] Skipping OP — active systemic position already exists.
2026-09-05 11:18:28 [INFO] Skipping UNI — active systemic position already exists.
2026-09-05 11:18:28 [INFO] --- MADBOT ENGINE CYCLE FINISHED ---
2026-09-05 11:33:04 [INFO] --- MADBOT ENGINE CYCLE STARTED ---
2026-09-05 11:33:08 [INFO] Ledger resolution complete.
2026-09-05 11:33:08 [INFO] Running neural scan on CRYPTO...
2026-09-05 11:33:30 [INFO] Scan complete: 4 setups found.
2026-09-05 11:33:30 [INFO] Skipping LTC — active systemic position already exists.
2026-09-05 11:33:30 [INFO] Skipping ATOM — active systemic position already exists.
2026-09-05 11:33:30 [INFO] Skipping OP — active systemic position already exists.
2026-09-05 11:33:30 [INFO] Skipping UNI — active systemic position already exists.
2026-09-05 11:33:30 [INFO] --- MADBOT ENGINE CYCLE FINISHED ---
2026-09-05 11:48:04 [INFO] --- MADBOT ENGINE CYCLE STARTED ---
2026-09-05 11:48:08 [INFO] Ledger resolution complete.
2026-09-05 11:48:08 [INFO] Running neural scan on CRYPTO...
2026-09-05 11:48:25 [INFO] Scan complete: 4 setups found.
2026-09-05 11:48:25 [INFO] Skipping LTC — active systemic position already exists.
2026-09-05 11:48:25 [INFO] Skipping ATOM — active systemic position already exists.
2026-09-05 11:48:25 [INFO] Skipping OP — active systemic position already exists.
2026-09-05 11:48:25 [INFO] Skipping UNI — active systemic position already exists.
2026-09-05 11:48:25 [INFO] --- MADBOT ENGINE CYCLE FINISHED ---
2026-09-05 12:03:04 [INFO] --- MADBOT ENGINE CYCLE STARTED ---
2026-09-05 12:03:08 [INFO] Ledger resolution complete.
2026-09-05 12:03:08 [INFO] Running neural scan on CRYPTO...
2026-09-05 12:03:27 [INFO] Scan complete: 2 setups found.
2026-09-05 12:03:27 [INFO] Skipping DASH — active systemic position already exists.
2026-09-05 12:03:27 [INFO] Skipping LTC — active systemic position already exists.
2026-09-05 12:03:27 [INFO] --- MADBOT ENGINE CYCLE FINISHED ---
2026-09-05 12:18:04 [INFO] --- MADBOT ENGINE CYCLE STARTED ---
2026-09-05 12:18:09 [INFO] Ledger resolution complete.
2026-09-05 12:18:09 [INFO] Running neural scan on CRYPTO...
2026-09-05 12:18:28 [INFO] Scan complete: 2 setups found.
2026-09-05 12:18:28 [INFO] Skipping DASH — active systemic position already exists.
2026-09-05 12:18:28 [INFO] Skipping LTC — active systemic position already exists.
2026-09-05 12:18:28 [INFO] --- MADBOT ENGINE CYCLE FINISHED ---
2026-09-05 12:33:04 [INFO] --- MADBOT ENGINE CYCLE STARTED ---
2026-09-05 12:33:08 [INFO] Ledger resolution complete.
2026-09-05 12:33:08 [INFO] Running neural scan on CRYPTO...
2026-09-05 12:33:26 [INFO] Scan complete: 2 setups found.
2026-09-05 12:33:26 [INFO] Skipping DASH — active systemic position already exists.
2026-09-05 12:33:26 [INFO] Skipping LTC — active systemic position already exists.
2026-09-05 12:33:26 [INFO] --- MADBOT ENGINE CYCLE FINISHED ---
2026-09-05 12:48:04 [INFO] --- MADBOT ENGINE CYCLE STARTED ---
2026-09-05 12:48:08 [INFO] Ledger resolution complete.
2026-09-05 12:48:08 [INFO] Running neural scan on CRYPTO...
2026-09-05 12:48:26 [INFO] Scan complete: 2 setups found.
2026-09-05 12:48:26 [INFO] Skipping DASH — active systemic position already exists.
2026-09-05 12:48:26 [INFO] Skipping LTC — active systemic position already exists.
2026-09-05 12:48:26 [INFO] --- MADBOT ENGINE CYCLE FINISHED ---
2026-09-05 13:03:04 [INFO] --- MADBOT ENGINE CYCLE STARTED ---
2026-09-05 13:03:08 [INFO] Ledger resolution complete.
2026-09-05 13:03:08 [INFO] Running neural scan on CRYPTO...
2026-09-05 13:03:25 [INFO] Scan complete: 5 setups found.
2026-09-05 13:03:26 [INFO] SUCCESS: Systemic trade logged for DASH.
2026-09-05 13:03:27 [INFO] SUCCESS: Systemic trade logged for NEAR.
2026-09-05 13:03:27 [INFO] Skipping LTC — active systemic position already exists.
2026-09-05 13:03:27 [INFO] Skipping OP — active systemic position already exists.
2026-09-05 13:03:27 [INFO] SUCCESS: Systemic trade logged for SAHARA.
2026-09-05 13:03:27 [INFO] --- MADBOT ENGINE CYCLE FINISHED ---
2026-09-05 13:18:04 [INFO] --- MADBOT ENGINE CYCLE STARTED ---
2026-09-05 13:18:09 [INFO] Ledger resolution complete.
2026-09-05 13:18:09 [INFO] Running neural scan on CRYPTO...
2026-09-05 13:18:27 [INFO] Scan complete: 5 setups found.
2026-09-05 13:18:27 [INFO] Skipping DASH — active systemic position already exists.
2026-09-05 13:18:27 [INFO] Skipping NEAR — active systemic position already exists.
2026-09-05 13:18:27 [INFO] Skipping LTC — active systemic position already exists.
2026-09-05 13:18:27 [INFO] Skipping OP — active systemic position already exists.
2026-09-05 13:18:27 [INFO] Skipping SAHARA — active systemic position already exists.
2026-09-05 13:18:27 [INFO] --- MADBOT ENGINE CYCLE FINISHED ---
2026-09-05 13:33:09 [INFO] --- MADBOT ENGINE CYCLE STARTED ---
2026-09-05 13:33:09 [INFO] Ledger resolution complete.
2026-09-05 13:33:09 [INFO] Running neural scan on CRYPTO...
2026-09-05 13:33:35 [INFO] Scan complete: 5 setups found.
2026-09-05 13:33:35 [INFO] Skipping DASH — active systemic position already exists.
2026-09-05 13:33:35 [INFO] Skipping NEAR — active systemic position already exists.
2026-09-05 13:33:35 [INFO] Skipping LTC — active systemic position already exists.
2026-09-05 13:33:35 [INFO] Skipping OP — active systemic position already exists.
2026-09-05 13:33:35 [INFO] Skipping SAHARA — active systemic position already exists.
2026-09-05 13:33:35 [INFO] --- MADBOT ENGINE CYCLE FINISHED ---
2026-09-05 13:48:05 [INFO] --- MADBOT ENGINE CYCLE STARTED ---
2026-09-05 13:48:11 [INFO] Ledger resolution complete.
2026-09-05 13:48:11 [INFO] Running neural scan on CRYPTO...
2026-09-05 13:48:30 [INFO] Scan complete: 5 setups found.
2026-09-05 13:48:30 [INFO] Skipping DASH — active systemic position already exists.
2026-09-05 13:48:30 [INFO] Skipping NEAR — active systemic position already exists.
2026-09-05 13:48:30 [INFO] Skipping LTC — active systemic position already exists.
2026-09-05 13:48:30 [INFO] Skipping OP — active systemic position already exists.
2026-09-05 13:48:30 [INFO] Skipping SAHARA — active systemic position already exists.
2026-09-05 13:48:30 [INFO] --- MADBOT ENGINE CYCLE FINISHED ---
2026-09-05 14:03:05 [INFO] --- MADBOT ENGINE CYCLE STARTED ---
2026-09-05 14:03:10 [INFO] Ledger resolution complete.
2026-09-05 14:03:10 [INFO] Running neural scan on CRYPTO...
2026-09-05 14:03:32 [INFO] Scan complete: 5 setups found.
2026-09-05 14:03:33 [INFO] SUCCESS: Systemic trade logged for BNB.
2026-09-05 14:03:34 [INFO] SUCCESS: Systemic trade logged for SHIB.
2026-09-05 14:03:35 [INFO] SUCCESS: Systemic trade logged for LTC.
2026-09-05 14:03:35 [INFO] Skipping NEAR — active systemic position already exists.
2026-09-05 14:03:36 [INFO] SUCCESS: Systemic trade logged for TRUMP.
2026-09-05 14:03:36 [INFO] --- MADBOT ENGINE CYCLE FINISHED ---
2026-09-05 14:18:05 [INFO] --- MADBOT ENGINE CYCLE STARTED ---
2026-09-05 14:18:12 [INFO] Ledger resolution complete.
2026-09-05 14:18:12 [INFO] Running neural scan on CRYPTO...
2026-09-05 14:18:35 [INFO] Scan complete: 5 setups found.
2026-09-05 14:18:35 [INFO] Skipping BNB — active systemic position already exists.
2026-09-05 14:18:35 [INFO] Skipping SHIB — active systemic position already exists.
2026-09-05 14:18:35 [INFO] Skipping LTC — active systemic position already exists.
2026-09-05 14:18:35 [INFO] Skipping NEAR — active systemic position already exists.
2026-09-05 14:18:35 [INFO] Skipping TRUMP — active systemic position already exists.
2026-09-05 14:18:35 [INFO] --- MADBOT ENGINE CYCLE FINISHED ---
2026-09-05 14:33:05 [INFO] --- MADBOT ENGINE CYCLE STARTED ---
2026-09-05 14:33:11 [INFO] Ledger resolution complete.
2026-09-05 14:33:11 [INFO] Running neural scan on CRYPTO...
2026-09-05 14:33:30 [INFO] Scan complete: 5 setups found.
2026-09-05 14:33:30 [INFO] Skipping BNB — active systemic position already exists.
2026-09-05 14:33:30 [INFO] Skipping SHIB — active systemic position already exists.
2026-09-05 14:33:30 [INFO] Skipping LTC — active systemic position already exists.
2026-09-05 14:33:30 [INFO] Skipping NEAR — active systemic position already exists.
2026-09-05 14:33:30 [INFO] Skipping TRUMP — active systemic position already exists.
2026-09-05 14:33:30 [INFO] --- MADBOT ENGINE CYCLE FINISHED ---
2026-09-05 14:48:05 [INFO] --- MADBOT ENGINE CYCLE STARTED ---
2026-09-05 14:48:11 [INFO] Ledger resolution complete.
2026-09-05 14:48:11 [INFO] Running neural scan on CRYPTO...
2026-09-05 14:48:35 [INFO] Scan complete: 5 setups found.
2026-09-05 14:48:35 [INFO] Skipping BNB — active systemic position already exists.
2026-09-05 14:48:35 [INFO] Skipping SHIB — active systemic position already exists.
2026-09-05 14:48:35 [INFO] Skipping LTC — active systemic position already exists.
2026-09-05 14:48:35 [INFO] Skipping NEAR — active systemic position already exists.
2026-09-05 14:48:35 [INFO] Skipping TRUMP — active systemic position already exists.
2026-09-05 14:48:35 [INFO] --- MADBOT ENGINE CYCLE FINISHED ---
2026-09-05 15:03:05 [INFO] --- MADBOT ENGINE CYCLE STARTED ---
2026-09-05 15:03:12 [INFO] Ledger resolution complete.
2026-09-05 15:03:12 [INFO] Running neural scan on CRYPTO...
2026-09-05 15:03:33 [INFO] Scan complete: 5 setups found.
2026-09-05 15:03:33 [INFO] Skipping BNB — active systemic position already exists.
2026-09-05 15:03:33 [INFO] Skipping TRUMP — active systemic position already exists.
2026-09-05 15:03:33 [INFO] Skipping LTC — active systemic position already exists.
2026-09-05 15:03:33 [INFO] Skipping SHIB — active systemic position already exists.
2026-09-05 15:03:34 [INFO] SUCCESS: Systemic trade logged for AVAX.
2026-09-05 15:03:34 [INFO] --- MADBOT ENGINE CYCLE FINISHED ---
2026-09-05 15:18:05 [INFO] --- MADBOT ENGINE CYCLE STARTED ---
2026-09-05 15:18:11 [INFO] Ledger resolution complete.
2026-09-05 15:18:11 [INFO] Running neural scan on CRYPTO...
2026-09-05 15:18:36 [INFO] Scan complete: 5 setups found.
2026-09-05 15:18:36 [INFO] Skipping BNB — active systemic position already exists.
2026-09-05 15:18:36 [INFO] Skipping TRUMP — active systemic position already exists.
2026-09-05 15:18:36 [INFO] Skipping LTC — active systemic position already exists.
2026-09-05 15:18:36 [INFO] Skipping SHIB — active systemic position already exists.
2026-09-05 15:18:36 [INFO] Skipping AVAX — active systemic position already exists.
2026-09-05 15:18:36 [INFO] --- MADBOT ENGINE CYCLE FINISHED ---
2026-09-05 15:33:05 [INFO] --- MADBOT ENGINE CYCLE STARTED ---
2026-09-05 15:33:11 [INFO] Ledger resolution complete.
2026-09-05 15:33:11 [INFO] Running neural scan on CRYPTO...
2026-09-05 15:33:30 [INFO] Scan complete: 5 setups found.
2026-09-05 15:33:30 [INFO] Skipping BNB — active systemic position already exists.
2026-09-05 15:33:30 [INFO] Skipping TRUMP — active systemic position already exists.
2026-09-05 15:33:30 [INFO] Skipping LTC — active systemic position already exists.
2026-09-05 15:33:30 [INFO] Skipping SHIB — active systemic position already exists.
2026-09-05 15:33:30 [INFO] Skipping AVAX — active systemic position already exists.
2026-09-05 15:33:30 [INFO] --- MADBOT ENGINE CYCLE FINISHED ---
2026-09-05 15:48:05 [INFO] --- MADBOT ENGINE CYCLE STARTED ---
2026-09-05 15:48:11 [INFO] Ledger resolution complete.
2026-09-05 15:48:11 [INFO] Running neural scan on CRYPTO...
2026-09-05 15:48:32 [INFO] Scan complete: 5 setups found.
2026-09-05 15:48:32 [INFO] Skipping BNB — active systemic position already exists.
2026-09-05 15:48:32 [INFO] Skipping TRUMP — active systemic position already exists.
2026-09-05 15:48:32 [INFO] Skipping LTC — active systemic position already exists.
2026-09-05 15:48:32 [INFO] Skipping SHIB — active systemic position already exists.
2026-09-05 15:48:32 [INFO] Skipping AVAX — active systemic position already exists.
2026-09-05 15:48:32 [INFO] --- MADBOT ENGINE CYCLE FINISHED ---
2026-09-05 16:03:06 [INFO] --- MADBOT ENGINE CYCLE STARTED ---
2026-09-05 16:03:12 [INFO] Ledger resolution complete.
2026-09-05 16:03:12 [INFO] Running neural scan on CRYPTO...
2026-09-05 16:03:31 [INFO] Scan complete: 5 setups found.
2026-09-05 16:03:33 [INFO] SUCCESS: Systemic trade logged for SOL.
2026-09-05 16:03:34 [INFO] SUCCESS: Systemic trade logged for BNB.
2026-09-05 16:03:35 [INFO] SUCCESS: Systemic trade logged for DASH.
2026-09-05 16:03:35 [INFO] Skipping SHIB — active systemic position already exists.
2026-09-05 16:03:35 [INFO] Skipping TRX — active systemic position already exists.
2026-09-05 16:03:35 [INFO] --- MADBOT ENGINE CYCLE FINISHED ---
2026-09-05 16:18:05 [INFO] --- MADBOT ENGINE CYCLE STARTED ---
2026-09-05 16:18:11 [INFO] Ledger resolution complete.
2026-09-05 16:18:11 [INFO] Running neural scan on CRYPTO...
2026-09-05 16:18:29 [INFO] Scan complete: 5 setups found.
2026-09-05 16:18:29 [INFO] Skipping SOL — active systemic position already exists.
2026-09-05 16:18:29 [INFO] Skipping BNB — active systemic position already exists.
2026-09-05 16:18:29 [INFO] Skipping DASH — active systemic position already exists.
2026-09-05 16:18:29 [INFO] Skipping SHIB — active systemic position already exists.
2026-09-05 16:18:29 [INFO] Skipping TRX — active systemic position already exists.
2026-09-05 16:18:29 [INFO] --- MADBOT ENGINE CYCLE FINISHED ---
2026-09-05 16:33:05 [INFO] --- MADBOT ENGINE CYCLE STARTED ---
2026-09-05 16:33:11 [INFO] Ledger resolution complete.
2026-09-05 16:33:11 [INFO] Running neural scan on CRYPTO...
2026-09-05 16:33:30 [INFO] Scan complete: 5 setups found.
2026-09-05 16:33:30 [INFO] Skipping SOL — active systemic position already exists.
2026-09-05 16:33:30 [INFO] Skipping BNB — active systemic position already exists.
2026-09-05 16:33:30 [INFO] Skipping DASH — active systemic position already exists.
2026-09-05 16:33:30 [INFO] Skipping SHIB — active systemic position already exists.
2026-09-05 16:33:30 [INFO] Skipping TRX — active systemic position already exists.
2026-09-05 16:33:30 [INFO] --- MADBOT ENGINE CYCLE FINISHED ---
2026-09-05 16:48:05 [INFO] --- MADBOT ENGINE CYCLE STARTED ---
2026-09-05 16:48:10 [INFO] Ledger resolution complete.
2026-09-05 16:48:10 [INFO] Running neural scan on CRYPTO...
2026-09-05 16:48:30 [INFO] Scan complete: 5 setups found.
2026-09-05 16:48:30 [INFO] Skipping SOL — active systemic position already exists.
2026-09-05 16:48:30 [INFO] Skipping BNB — active systemic position already exists.
2026-09-05 16:48:30 [INFO] Skipping DASH — active systemic position already exists.
2026-09-05 16:48:30 [INFO] Skipping SHIB — active systemic position already exists.
2026-09-05 16:48:30 [INFO] Skipping TRX — active systemic position already exists.
2026-09-05 16:48:30 [INFO] --- MADBOT ENGINE CYCLE FINISHED ---
2026-09-05 17:03:04 [INFO] --- MADBOT ENGINE CYCLE STARTED ---
2026-09-05 17:03:10 [INFO] Ledger resolution complete.
2026-09-05 17:03:10 [INFO] Running neural scan on CRYPTO...
2026-09-05 17:03:31 [INFO] Scan complete: 5 setups found.
2026-09-05 17:03:32 [INFO] SUCCESS: Systemic trade logged for ARB.
2026-09-05 17:03:33 [INFO] SUCCESS: Systemic trade logged for BTC.
2026-09-05 17:03:34 [INFO] SUCCESS: Systemic trade logged for LINK.
2026-09-05 17:03:34 [INFO] Skipping UNI — active systemic position already exists.
2026-09-05 17:03:35 [INFO] SUCCESS: Systemic trade logged for XRP.
2026-09-05 17:03:35 [INFO] --- MADBOT ENGINE CYCLE FINISHED ---
2026-09-05 17:18:06 [INFO] --- MADBOT ENGINE CYCLE STARTED ---
2026-09-05 17:18:13 [INFO] Ledger resolution complete.
2026-09-05 17:18:13 [INFO] Running neural scan on CRYPTO...
2026-09-05 17:18:31 [INFO] Scan complete: 5 setups found.
2026-09-05 17:18:31 [INFO] Skipping ARB — active systemic position already exists.
2026-09-05 17:18:31 [INFO] Skipping BTC — active systemic position already exists.
2026-09-05 17:18:31 [INFO] Skipping LINK — active systemic position already exists.
2026-09-05 17:18:31 [INFO] Skipping UNI — active systemic position already exists.
2026-09-05 17:18:31 [INFO] Skipping XRP — active systemic position already exists.
2026-09-05 17:18:31 [INFO] --- MADBOT ENGINE CYCLE FINISHED ---
2026-09-05 17:33:05 [INFO] --- MADBOT ENGINE CYCLE STARTED ---
2026-09-05 17:33:11 [INFO] Ledger resolution complete.
2026-09-05 17:33:11 [INFO] Running neural scan on CRYPTO...
2026-09-05 17:33:31 [INFO] Scan complete: 5 setups found.
2026-09-05 17:33:31 [INFO] Skipping ARB — active systemic position already exists.
2026-09-05 17:33:31 [INFO] Skipping BTC — active systemic position already exists.
2026-09-05 17:33:31 [INFO] Skipping LINK — active systemic position already exists.
2026-09-05 17:33:31 [INFO] Skipping UNI — active systemic position already exists.
2026-09-05 17:33:31 [INFO] Skipping XRP — active systemic position already exists.
2026-09-05 17:33:31 [INFO] --- MADBOT ENGINE CYCLE FINISHED ---
2026-09-05 17:48:05 [INFO] --- MADBOT ENGINE CYCLE STARTED ---
2026-09-05 17:48:11 [INFO] Ledger resolution complete.
2026-09-05 17:48:11 [INFO] Running neural scan on CRYPTO...
2026-09-05 17:48:30 [INFO] Scan complete: 5 setups found.
2026-09-05 17:48:30 [INFO] Skipping ARB — active systemic position already exists.
2026-09-05 17:48:30 [INFO] Skipping BTC — active systemic position already exists.
2026-09-05 17:48:30 [INFO] Skipping LINK — active systemic position already exists.
2026-09-05 17:48:30 [INFO] Skipping UNI — active systemic position already exists.
2026-09-05 17:48:30 [INFO] Skipping XRP — active systemic position already exists.
2026-09-05 17:48:30 [INFO] --- MADBOT ENGINE CYCLE FINISHED ---
2026-09-05 18:03:05 [INFO] --- MADBOT ENGINE CYCLE STARTED ---
2026-09-05 18:03:11 [INFO] Ledger resolution complete.
2026-09-05 18:03:11 [INFO] Running neural scan on CRYPTO...
2026-09-05 18:03:30 [INFO] Scan complete: 4 setups found.
2026-09-05 18:03:30 [INFO] Skipping BTC — active systemic position already exists.
2026-09-05 18:03:30 [INFO] Skipping TRX — active systemic position already exists.
2026-09-05 18:03:30 [INFO] Skipping BNB — active systemic position already exists.
2026-09-05 18:03:30 [INFO] Skipping XRP — active systemic position already exists.
2026-09-05 18:03:30 [INFO] --- MADBOT ENGINE CYCLE FINISHED ---
2026-09-05 18:18:05 [INFO] --- MADBOT ENGINE CYCLE STARTED ---
2026-09-05 18:18:11 [INFO] Ledger resolution complete.
2026-09-05 18:18:11 [INFO] Running neural scan on CRYPTO...
2026-09-05 18:18:29 [INFO] Scan complete: 4 setups found.
2026-09-05 18:18:29 [INFO] Skipping BTC — active systemic position already exists.
2026-09-05 18:18:29 [INFO] Skipping TRX — active systemic position already exists.
2026-09-05 18:18:29 [INFO] Skipping BNB — active systemic position already exists.
2026-09-05 18:18:29 [INFO] Skipping XRP — active systemic position already exists.
2026-09-05 18:18:29 [INFO] --- MADBOT ENGINE CYCLE FINISHED ---
2026-09-05 18:33:05 [INFO] --- MADBOT ENGINE CYCLE STARTED ---
2026-09-05 18:33:13 [INFO] Ledger resolution complete.
2026-09-05 18:33:13 [INFO] Running neural scan on CRYPTO...
2026-09-05 18:33:31 [INFO] Scan complete: 4 setups found.
2026-09-05 18:33:31 [INFO] Skipping BTC — active systemic position already exists.
2026-09-05 18:33:31 [INFO] Skipping TRX — active systemic position already exists.
2026-09-05 18:33:32 [INFO] Skipping BNB — active systemic position already exists.
2026-09-05 18:33:32 [INFO] Skipping XRP — active systemic position already exists.
2026-09-05 18:33:32 [INFO] --- MADBOT ENGINE CYCLE FINISHED ---
2026-09-05 18:48:05 [INFO] --- MADBOT ENGINE CYCLE STARTED ---
2026-09-05 18:48:11 [INFO] Ledger resolution complete.
2026-09-05 18:48:11 [INFO] Running neural scan on CRYPTO...
2026-09-05 18:48:29 [INFO] Scan complete: 4 setups found.
2026-09-05 18:48:29 [INFO] Skipping BTC — active systemic position already exists.
2026-09-05 18:48:29 [INFO] Skipping TRX — active systemic position already exists.
2026-09-05 18:48:29 [INFO] Skipping BNB — active systemic position already exists.
2026-09-05 18:48:29 [INFO] Skipping XRP — active systemic position already exists.
2026-09-05 18:48:29 [INFO] --- MADBOT ENGINE CYCLE FINISHED ---
2026-09-05 19:03:04 [INFO] --- MADBOT ENGINE CYCLE STARTED ---
2026-09-05 19:03:11 [INFO] Ledger resolution complete.
2026-09-05 19:03:11 [INFO] Running neural scan on CRYPTO...
2026-09-05 19:03:29 [INFO] Scan complete: 2 setups found.
2026-09-05 19:03:29 [INFO] Skipping TRX — active systemic position already exists.
2026-09-05 19:03:29 [INFO] Skipping XRP — active systemic position already exists.
2026-09-05 19:03:29 [INFO] --- MADBOT ENGINE CYCLE FINISHED ---
2026-09-05 19:18:05 [INFO] --- MADBOT ENGINE CYCLE STARTED ---
2026-09-05 19:18:11 [INFO] Ledger resolution complete.
2026-09-05 19:18:11 [INFO] Running neural scan on CRYPTO...
2026-09-05 19:18:31 [INFO] Scan complete: 2 setups found.
2026-09-05 19:18:31 [INFO] Skipping TRX — active systemic position already exists.
2026-09-05 19:18:31 [INFO] Skipping XRP — active systemic position already exists.
2026-09-05 19:18:31 [INFO] --- MADBOT ENGINE CYCLE FINISHED ---
2026-09-05 19:33:05 [INFO] --- MADBOT ENGINE CYCLE STARTED ---
2026-09-05 19:33:11 [INFO] Ledger resolution complete.
2026-09-05 19:33:11 [INFO] Running neural scan on CRYPTO...
2026-09-05 19:33:31 [INFO] Scan complete: 2 setups found.
2026-09-05 19:33:31 [INFO] Skipping TRX — active systemic position already exists.
2026-09-05 19:33:31 [INFO] Skipping XRP — active systemic position already exists.
2026-09-05 19:33:31 [INFO] --- MADBOT ENGINE CYCLE FINISHED ---
2026-09-05 19:48:05 [INFO] --- MADBOT ENGINE CYCLE STARTED ---
2026-09-05 19:48:13 [INFO] Ledger resolution complete.
2026-09-05 19:48:13 [INFO] Running neural scan on CRYPTO...
2026-09-05 19:48:32 [INFO] Scan complete: 2 setups found.
2026-09-05 19:48:32 [INFO] Skipping TRX — active systemic position already exists.
2026-09-05 19:48:32 [INFO] Skipping XRP — active systemic position already exists.
2026-09-05 19:48:32 [INFO] --- MADBOT ENGINE CYCLE FINISHED ---
2026-09-05 20:03:05 [INFO] --- MADBOT ENGINE CYCLE STARTED ---
2026-09-05 20:03:12 [INFO] Ledger resolution complete.
2026-09-05 20:03:12 [INFO] Running neural scan on CRYPTO...
2026-09-05 20:03:33 [INFO] Scan complete: 5 setups found.
2026-09-05 20:03:35 [INFO] SUCCESS: Systemic trade logged for BNB.
2026-09-05 20:03:35 [INFO] Skipping SOL — active systemic position already exists.
2026-09-05 20:03:35 [INFO] Skipping XRP — active systemic position already exists.
2026-09-05 20:03:36 [INFO] SUCCESS: Systemic trade logged for ASTER.
2026-09-05 20:03:36 [INFO] Skipping LINK — active systemic position already exists.
2026-09-05 20:03:36 [INFO] --- MADBOT ENGINE CYCLE FINISHED ---
2026-09-05 20:18:05 [INFO] --- MADBOT ENGINE CYCLE STARTED ---
2026-09-05 20:18:11 [INFO] Ledger resolution complete.
2026-09-05 20:18:11 [INFO] Running neural scan on CRYPTO...
2026-09-05 20:18:32 [INFO] Scan complete: 5 setups found.
2026-09-05 20:18:32 [INFO] Skipping BNB — active systemic position already exists.
2026-09-05 20:18:32 [INFO] Skipping SOL — active systemic position already exists.
2026-09-05 20:18:32 [INFO] Skipping XRP — active systemic position already exists.
2026-09-05 20:18:32 [INFO] Skipping ASTER — active systemic position already exists.
2026-09-05 20:18:32 [INFO] Skipping LINK — active systemic position already exists.
2026-09-05 20:18:32 [INFO] --- MADBOT ENGINE CYCLE FINISHED ---
2026-09-05 20:33:05 [INFO] --- MADBOT ENGINE CYCLE STARTED ---
2026-09-05 20:33:11 [INFO] Ledger resolution complete.
2026-09-05 20:33:11 [INFO] Running neural scan on CRYPTO...
2026-09-05 20:33:32 [INFO] Scan complete: 5 setups found.
2026-09-05 20:33:32 [INFO] Skipping BNB — active systemic position already exists.
2026-09-05 20:33:32 [INFO] Skipping SOL — active systemic position already exists.
2026-09-05 20:33:32 [INFO] Skipping XRP — active systemic position already exists.
2026-09-05 20:33:32 [INFO] Skipping ASTER — active systemic position already exists.
2026-09-05 20:33:32 [INFO] Skipping LINK — active systemic position already exists.
2026-09-05 20:33:32 [INFO] --- MADBOT ENGINE CYCLE FINISHED ---
2026-09-05 20:48:05 [INFO] --- MADBOT ENGINE CYCLE STARTED ---
2026-09-05 20:48:11 [INFO] Ledger resolution complete.
2026-09-05 20:48:11 [INFO] Running neural scan on CRYPTO...
2026-09-05 20:48:33 [INFO] Scan complete: 5 setups found.
2026-09-05 20:48:33 [INFO] Skipping BNB — active systemic position already exists.
2026-09-05 20:48:33 [INFO] Skipping SOL — active systemic position already exists.
2026-09-05 20:48:33 [INFO] Skipping XRP — active systemic position already exists.
2026-09-05 20:48:33 [INFO] Skipping ASTER — active systemic position already exists.
2026-09-05 20:48:33 [INFO] Skipping LINK — active systemic position already exists.
2026-09-05 20:48:33 [INFO] --- MADBOT ENGINE CYCLE FINISHED ---
2026-09-05 21:03:04 [INFO] --- MADBOT ENGINE CYCLE STARTED ---
2026-09-05 21:03:10 [INFO] Ledger resolution complete.
2026-09-05 21:03:10 [INFO] Running neural scan on CRYPTO...
2026-09-05 21:03:29 [INFO] Scan complete: 5 setups found.
2026-09-05 21:03:29 [INFO] Skipping LINK — active systemic position already exists.
2026-09-05 21:03:30 [INFO] SUCCESS: Systemic trade logged for SHIB.
2026-09-05 21:03:30 [INFO] Skipping TRUMP — active systemic position already exists.
2026-09-05 21:03:30 [INFO] Skipping LTC — active systemic position already exists.
2026-09-05 21:03:30 [INFO] Skipping UNI — active systemic position already exists.
2026-09-05 21:03:30 [INFO] --- MADBOT ENGINE CYCLE FINISHED ---
2026-09-05 21:18:05 [INFO] --- MADBOT ENGINE CYCLE STARTED ---
2026-09-05 21:18:12 [INFO] Ledger resolution complete.
2026-09-05 21:18:12 [INFO] Running neural scan on CRYPTO...
2026-09-05 21:18:30 [INFO] Scan complete: 5 setups found.
2026-09-05 21:18:30 [INFO] Skipping LINK — active systemic position already exists.
2026-09-05 21:18:30 [INFO] Skipping SHIB — active systemic position already exists.
2026-09-05 21:18:30 [INFO] Skipping TRUMP — active systemic position already exists.
2026-09-05 21:18:30 [INFO] Skipping LTC — active systemic position already exists.
2026-09-05 21:18:30 [INFO] Skipping UNI — active systemic position already exists.
2026-09-05 21:18:30 [INFO] --- MADBOT ENGINE CYCLE FINISHED ---
2026-09-05 21:33:05 [INFO] --- MADBOT ENGINE CYCLE STARTED ---
2026-09-05 21:33:12 [INFO] Ledger resolution complete.
2026-09-05 21:33:12 [INFO] Running neural scan on CRYPTO...
2026-09-05 21:33:31 [INFO] Scan complete: 5 setups found.
2026-09-05 21:33:31 [INFO] Skipping LINK — active systemic position already exists.
2026-09-05 21:33:31 [INFO] Skipping SHIB — active systemic position already exists.
2026-09-05 21:33:31 [INFO] Skipping TRUMP — active systemic position already exists.
2026-09-05 21:33:31 [INFO] Skipping LTC — active systemic position already exists.
2026-09-05 21:33:31 [INFO] Skipping UNI — active systemic position already exists.
2026-09-05 21:33:31 [INFO] --- MADBOT ENGINE CYCLE FINISHED ---
2026-09-05 21:48:04 [INFO] --- MADBOT ENGINE CYCLE STARTED ---
2026-09-05 21:48:10 [INFO] Ledger resolution complete.
2026-09-05 21:48:10 [INFO] Running neural scan on CRYPTO...
2026-09-05 21:48:31 [INFO] Scan complete: 5 setups found.
2026-09-05 21:48:31 [INFO] Skipping LINK — active systemic position already exists.
2026-09-05 21:48:31 [INFO] Skipping SHIB — active systemic position already exists.
2026-09-05 21:48:31 [INFO] Skipping TRUMP — active systemic position already exists.
2026-09-05 21:48:31 [INFO] Skipping LTC — active systemic position already exists.
2026-09-05 21:48:31 [INFO] Skipping UNI — active systemic position already exists.
2026-09-05 21:48:31 [INFO] --- MADBOT ENGINE CYCLE FINISHED ---
2026-09-05 22:03:05 [INFO] --- MADBOT ENGINE CYCLE STARTED ---
2026-09-05 22:03:11 [INFO] Ledger resolution complete.
2026-09-05 22:03:11 [INFO] Running neural scan on CRYPTO...
2026-09-05 22:03:30 [INFO] Scan complete: 5 setups found.
2026-09-05 22:03:30 [INFO] Skipping BNB — active systemic position already exists.
2026-09-05 22:03:30 [INFO] Skipping SOL — active systemic position already exists.
2026-09-05 22:03:30 [INFO] Skipping XRP — active systemic position already exists.
2026-09-05 22:03:30 [INFO] Skipping BTC — active systemic position already exists.
2026-09-05 22:03:30 [INFO] Skipping LINK — active systemic position already exists.
2026-09-05 22:03:30 [INFO] --- MADBOT ENGINE CYCLE FINISHED ---
2026-09-05 22:18:05 [INFO] --- MADBOT ENGINE CYCLE STARTED ---
2026-09-05 22:18:12 [INFO] Ledger resolution complete.
2026-09-05 22:18:12 [INFO] Running neural scan on CRYPTO...
2026-09-05 22:18:31 [INFO] Scan complete: 5 setups found.
2026-09-05 22:18:31 [INFO] Skipping BNB — active systemic position already exists.
2026-09-05 22:18:31 [INFO] Skipping SOL — active systemic position already exists.
2026-09-05 22:18:31 [INFO] Skipping XRP — active systemic position already exists.
2026-09-05 22:18:31 [INFO] Skipping BTC — active systemic position already exists.
2026-09-05 22:18:31 [INFO] Skipping LINK — active systemic position already exists.
2026-09-05 22:18:31 [INFO] --- MADBOT ENGINE CYCLE FINISHED ---
2026-09-05 22:33:05 [INFO] --- MADBOT ENGINE CYCLE STARTED ---
2026-09-05 22:33:11 [INFO] Ledger resolution complete.
2026-09-05 22:33:11 [INFO] Running neural scan on CRYPTO...
2026-09-05 22:33:33 [INFO] Scan complete: 5 setups found.
2026-09-05 22:33:34 [INFO] Skipping BNB — active systemic position already exists.
2026-09-05 22:33:34 [INFO] Skipping SOL — active systemic position already exists.
2026-09-05 22:33:34 [INFO] Skipping XRP — active systemic position already exists.
2026-09-05 22:33:34 [INFO] Skipping BTC — active systemic position already exists.
2026-09-05 22:33:34 [INFO] Skipping LINK — active systemic position already exists.
2026-09-05 22:33:34 [INFO] --- MADBOT ENGINE CYCLE FINISHED ---
2026-09-05 22:48:05 [INFO] --- MADBOT ENGINE CYCLE STARTED ---
2026-09-05 22:48:11 [INFO] Ledger resolution complete.
2026-09-05 22:48:11 [INFO] Running neural scan on CRYPTO...
2026-09-05 22:48:30 [INFO] Scan complete: 5 setups found.
2026-09-05 22:48:30 [INFO] Skipping BNB — active systemic position already exists.
2026-09-05 22:48:30 [INFO] Skipping SOL — active systemic position already exists.
2026-09-05 22:48:30 [INFO] Skipping XRP — active systemic position already exists.
2026-09-05 22:48:30 [INFO] Skipping BTC — active systemic position already exists.
2026-09-05 22:48:30 [INFO] Skipping LINK — active systemic position already exists.
2026-09-05 22:48:30 [INFO] --- MADBOT ENGINE CYCLE FINISHED ---
2026-09-05 23:03:05 [INFO] --- MADBOT ENGINE CYCLE STARTED ---
2026-09-05 23:03:13 [INFO] Ledger resolution complete.
2026-09-05 23:03:13 [INFO] Running neural scan on CRYPTO...
2026-09-05 23:03:40 [INFO] Scan complete: 5 setups found.
2026-09-05 23:03:40 [INFO] Skipping BTC — active systemic position already exists.
2026-09-05 23:03:40 [INFO] Skipping SOL — active systemic position already exists.
2026-09-05 23:03:40 [INFO] Skipping BNB — active systemic position already exists.
2026-09-05 23:03:42 [INFO] SUCCESS: Systemic trade logged for TRX.
2026-09-05 23:03:43 [INFO] SUCCESS: Systemic trade logged for TUT.
2026-09-05 23:03:43 [INFO] --- MADBOT ENGINE CYCLE FINISHED ---
2026-09-05 23:18:05 [INFO] --- MADBOT ENGINE CYCLE STARTED ---
2026-09-05 23:18:12 [INFO] Ledger resolution complete.
2026-09-05 23:18:12 [INFO] Running neural scan on CRYPTO...
2026-09-05 23:18:30 [INFO] Scan complete: 5 setups found.
2026-09-05 23:18:30 [INFO] Skipping BTC — active systemic position already exists.
2026-09-05 23:18:30 [INFO] Skipping SOL — active systemic position already exists.
2026-09-05 23:18:30 [INFO] Skipping BNB — active systemic position already exists.
2026-09-05 23:18:30 [INFO] Skipping TRX — active systemic position already exists.
2026-09-05 23:18:30 [INFO] Skipping TUT — active systemic position already exists.
2026-09-05 23:18:30 [INFO] --- MADBOT ENGINE CYCLE FINISHED ---
2026-09-05 23:33:06 [INFO] --- MADBOT ENGINE CYCLE STARTED ---
2026-09-05 23:33:14 [INFO] Ledger resolution complete.
2026-09-05 23:33:14 [INFO] Running neural scan on CRYPTO...
2026-09-05 23:33:34 [INFO] Scan complete: 5 setups found.
2026-09-05 23:33:35 [INFO] Skipping BTC — active systemic position already exists.
2026-09-05 23:33:35 [INFO] Skipping SOL — active systemic position already exists.
2026-09-05 23:33:35 [INFO] Skipping BNB — active systemic position already exists.
2026-09-05 23:33:35 [INFO] Skipping TRX — active systemic position already exists.
2026-09-05 23:33:35 [INFO] Skipping TUT — active systemic position already exists.
2026-09-05 23:33:35 [INFO] --- MADBOT ENGINE CYCLE FINISHED ---
2026-09-05 23:48:06 [INFO] --- MADBOT ENGINE CYCLE STARTED ---
2026-09-05 23:48:13 [INFO] Ledger resolution complete.
2026-09-05 23:48:13 [INFO] Running neural scan on CRYPTO...
2026-09-05 23:48:33 [INFO] Scan complete: 5 setups found.
2026-09-05 23:48:33 [INFO] Skipping BTC — active systemic position already exists.
2026-09-05 23:48:33 [INFO] Skipping SOL — active systemic position already exists.
2026-09-05 23:48:33 [INFO] Skipping BNB — active systemic position already exists.
2026-09-05 23:48:33 [INFO] Skipping TRX — active systemic position already exists.
2026-09-05 23:48:33 [INFO] Skipping TUT — active systemic position already exists.
2026-09-05 23:48:33 [INFO] --- MADBOT ENGINE CYCLE FINISHED ---
2026-09-06 00:03:05 [INFO] --- MADBOT ENGINE CYCLE STARTED ---
2026-09-06 00:03:12 [INFO] Ledger resolution complete.
2026-09-06 00:03:12 [INFO] Running neural scan on CRYPTO...
2026-09-06 00:03:33 [INFO] Scan complete: 5 setups found.
2026-09-06 00:03:33 [INFO] Skipping BTC — active systemic position already exists.
2026-09-06 00:03:33 [INFO] Skipping SOL — active systemic position already exists.
2026-09-06 00:03:34 [INFO] SUCCESS: Systemic trade logged for UNI.
2026-09-06 00:03:34 [INFO] Skipping XRP — active systemic position already exists.
2026-09-06 00:03:35 [INFO] SUCCESS: Systemic trade logged for BNB.
2026-09-06 00:03:35 [INFO] --- MADBOT ENGINE CYCLE FINISHED ---
2026-09-06 00:18:06 [INFO] --- MADBOT ENGINE CYCLE STARTED ---
2026-09-06 00:18:12 [INFO] Ledger resolution complete.
2026-09-06 00:18:12 [INFO] Running neural scan on CRYPTO...
2026-09-06 00:18:32 [INFO] Scan complete: 5 setups found.
2026-09-06 00:18:32 [INFO] Skipping BTC — active systemic position already exists.
2026-09-06 00:18:32 [INFO] Skipping SOL — active systemic position already exists.
2026-09-06 00:18:32 [INFO] Skipping UNI — active systemic position already exists.
2026-09-06 00:18:32 [INFO] Skipping XRP — active systemic position already exists.
2026-09-06 00:18:32 [INFO] Skipping BNB — active systemic position already exists.
2026-09-06 00:18:32 [INFO] --- MADBOT ENGINE CYCLE FINISHED ---
2026-09-06 00:33:06 [INFO] --- MADBOT ENGINE CYCLE STARTED ---
2026-09-06 00:33:13 [INFO] Ledger resolution complete.
2026-09-06 00:33:13 [INFO] Running neural scan on CRYPTO...
2026-09-06 00:33:33 [INFO] Scan complete: 5 setups found.
2026-09-06 00:33:33 [INFO] Skipping BTC — active systemic position already exists.
2026-09-06 00:33:33 [INFO] Skipping SOL — active systemic position already exists.
2026-09-06 00:33:33 [INFO] Skipping UNI — active systemic position already exists.
2026-09-06 00:33:33 [INFO] Skipping XRP — active systemic position already exists.
2026-09-06 00:33:33 [INFO] Skipping BNB — active systemic position already exists.
2026-09-06 00:33:33 [INFO] --- MADBOT ENGINE CYCLE FINISHED ---
2026-09-06 00:48:06 [INFO] --- MADBOT ENGINE CYCLE STARTED ---
2026-09-06 00:48:13 [INFO] Ledger resolution complete.
2026-09-06 00:48:13 [INFO] Running neural scan on CRYPTO...
2026-09-06 00:48:34 [INFO] Scan complete: 5 setups found.
2026-09-06 00:48:34 [INFO] Skipping BTC — active systemic position already exists.
2026-09-06 00:48:34 [INFO] Skipping SOL — active systemic position already exists.
2026-09-06 00:48:34 [INFO] Skipping UNI — active systemic position already exists.
2026-09-06 00:48:34 [INFO] Skipping XRP — active systemic position already exists.
2026-09-06 00:48:34 [INFO] Skipping BNB — active systemic position already exists.
2026-09-06 00:48:34 [INFO] --- MADBOT ENGINE CYCLE FINISHED ---
2026-09-06 01:03:06 [INFO] --- MADBOT ENGINE CYCLE STARTED ---
2026-09-06 01:03:13 [INFO] Ledger resolution complete.
2026-09-06 01:03:13 [INFO] Running neural scan on CRYPTO...
2026-09-06 01:03:34 [INFO] Scan complete: 5 setups found.
2026-09-06 01:03:36 [INFO] SUCCESS: Systemic trade logged for ADA.
2026-09-06 01:03:36 [INFO] Skipping BTC — active systemic position already exists.
2026-09-06 01:03:37 [INFO] SUCCESS: Systemic trade logged for LTC.
2026-09-06 01:03:38 [INFO] SUCCESS: Systemic trade logged for SOL.
2026-09-06 01:03:39 [INFO] SUCCESS: Systemic trade logged for DOGE.
2026-09-06 01:03:39 [INFO] --- MADBOT ENGINE CYCLE FINISHED ---
2026-09-06 03:27:17 [INFO] --- MADBOT ENGINE CYCLE STARTED ---
2026-09-06 03:27:23 [INFO] Ledger resolution complete.
2026-09-06 03:27:24 [INFO] Running neural scan on CRYPTO...
2026-09-06 03:27:52 [INFO] Scan complete: 5 setups found.
2026-09-06 03:27:55 [INFO] SUCCESS: Systemic trade logged for ARB.
2026-09-06 03:27:56 [INFO] SUCCESS: Systemic trade logged for UNI.
2026-09-06 03:27:56 [INFO] Skipping ADA — active systemic position already exists.
2026-09-06 03:27:57 [INFO] SUCCESS: Systemic trade logged for XRP.
2026-09-06 03:27:59 [INFO] SUCCESS: Systemic trade logged for OP.
2026-09-06 03:27:59 [INFO] --- MADBOT ENGINE CYCLE FINISHED ---
2026-09-06 03:33:09 [INFO] --- MADBOT ENGINE CYCLE STARTED ---
2026-09-06 03:33:12 [INFO] Ledger resolution complete.
2026-09-06 03:33:12 [INFO] Running neural scan on CRYPTO...
2026-09-06 03:33:29 [INFO] Scan complete: 5 setups found.
2026-09-06 03:33:29 [INFO] Skipping ARB — active systemic position already exists.
2026-09-06 03:33:29 [INFO] Skipping UNI — active systemic position already exists.
2026-09-06 03:33:29 [INFO] Skipping ADA — active systemic position already exists.
2026-09-06 03:33:29 [INFO] Skipping XRP — active systemic position already exists.
2026-09-06 03:33:29 [INFO] Skipping OP — active systemic position already exists.
2026-09-06 03:33:29 [INFO] --- MADBOT ENGINE CYCLE FINISHED ---
2026-09-06 03:48:06 [INFO] --- MADBOT ENGINE CYCLE STARTED ---
2026-09-06 03:48:10 [INFO] Ledger resolution complete.
2026-09-06 03:48:10 [INFO] Running neural scan on CRYPTO...
2026-09-06 03:48:29 [INFO] Scan complete: 5 setups found.
2026-09-06 03:48:29 [INFO] Skipping ARB — active systemic position already exists.
2026-09-06 03:48:29 [INFO] Skipping UNI — active systemic position already exists.
2026-09-06 03:48:29 [INFO] Skipping ADA — active systemic position already exists.
2026-09-06 03:48:29 [INFO] Skipping XRP — active systemic position already exists.
2026-09-06 03:48:29 [INFO] Skipping OP — active systemic position already exists.
2026-09-06 03:48:29 [INFO] --- MADBOT ENGINE CYCLE FINISHED ---
2026-09-06 04:03:04 [INFO] --- MADBOT ENGINE CYCLE STARTED ---
2026-09-06 04:03:11 [INFO] Ledger resolution complete.
2026-09-06 04:03:11 [INFO] Running neural scan on CRYPTO...
2026-09-06 04:03:30 [INFO] Scan complete: 5 setups found.
2026-09-06 04:03:30 [INFO] Skipping ARB — active systemic position already exists.
2026-09-06 04:03:31 [INFO] SUCCESS: Systemic trade logged for LINK.
2026-09-06 04:03:31 [INFO] SUCCESS: Systemic trade logged for PEPE.
2026-09-06 04:03:31 [INFO] Skipping TRX — active systemic position already exists.
2026-09-06 04:03:32 [INFO] Skipping ZEC — active systemic position already exists.
2026-09-06 04:03:32 [INFO] --- MADBOT ENGINE CYCLE FINISHED ---
2026-09-06 04:18:04 [INFO] --- MADBOT ENGINE CYCLE STARTED ---
2026-09-06 04:18:07 [INFO] Ledger resolution complete.
2026-09-06 04:18:07 [INFO] Running neural scan on CRYPTO...
2026-09-06 04:18:17 [INFO] Scan complete: No valid setups detected.
2026-09-06 04:33:04 [INFO] --- MADBOT ENGINE CYCLE STARTED ---
2026-09-06 04:33:08 [INFO] Ledger resolution complete.
2026-09-06 04:33:08 [INFO] Running neural scan on CRYPTO...
2026-09-06 04:33:18 [INFO] Scan complete: No valid setups detected.
2026-09-06 04:48:04 [INFO] --- MADBOT ENGINE CYCLE STARTED ---
2026-09-06 04:48:10 [INFO] Ledger resolution complete.
2026-09-06 04:48:10 [INFO] Running neural scan on CRYPTO...
2026-09-06 04:48:28 [INFO] Scan complete: 5 setups found.
2026-09-06 04:48:28 [INFO] Skipping ARB — active systemic position already exists.
2026-09-06 04:48:28 [INFO] Skipping LINK — active systemic position already exists.
2026-09-06 04:48:28 [INFO] Skipping PEPE — active systemic position already exists.
2026-09-06 04:48:28 [INFO] Skipping TRX — active systemic position already exists.
2026-09-06 04:48:28 [INFO] Skipping ZEC — active systemic position already exists.
2026-09-06 04:48:28 [INFO] --- MADBOT ENGINE CYCLE FINISHED ---
2026-09-06 05:03:04 [INFO] --- MADBOT ENGINE CYCLE STARTED ---
2026-09-06 05:03:09 [INFO] Ledger resolution complete.
2026-09-06 05:03:09 [INFO] Running neural scan on CRYPTO...
2026-09-06 05:03:28 [INFO] Scan complete: 5 setups found.
2026-09-06 05:03:28 [INFO] Skipping ADA — active systemic position already exists.
2026-09-06 05:03:29 [INFO] SUCCESS: Systemic trade logged for ARB.
2026-09-06 05:03:30 [INFO] SUCCESS: Systemic trade logged for ENA.
2026-09-06 05:03:31 [INFO] SUCCESS: Systemic trade logged for ETH.
2026-09-06 05:03:31 [INFO] Skipping UNI — active systemic position already exists.
2026-09-06 05:03:31 [INFO] --- MADBOT ENGINE CYCLE FINISHED ---
2026-09-06 05:18:04 [INFO] --- MADBOT ENGINE CYCLE STARTED ---
2026-09-06 05:18:12 [INFO] Ledger resolution complete.
2026-09-06 05:18:12 [INFO] Running neural scan on CRYPTO...
2026-09-06 05:18:29 [INFO] Scan complete: 5 setups found.
2026-09-06 05:18:29 [INFO] Skipping ADA — active systemic position already exists.
2026-09-06 05:18:29 [INFO] Skipping ARB — active systemic position already exists.
2026-09-06 05:18:29 [INFO] Skipping ENA — active systemic position already exists.
2026-09-06 05:18:29 [INFO] Skipping ETH — active systemic position already exists.
2026-09-06 05:18:29 [INFO] Skipping UNI — active systemic position already exists.
2026-09-06 05:18:29 [INFO] --- MADBOT ENGINE CYCLE FINISHED ---
2026-09-06 05:33:04 [INFO] --- MADBOT ENGINE CYCLE STARTED ---
2026-09-06 05:33:10 [INFO] Ledger resolution complete.
2026-09-06 05:33:10 [INFO] Running neural scan on CRYPTO...
2026-09-06 05:33:27 [INFO] Scan complete: 5 setups found.
2026-09-06 05:33:28 [INFO] Skipping ADA — active systemic position already exists.
2026-09-06 05:33:28 [INFO] Skipping ARB — active systemic position already exists.
2026-09-06 05:33:28 [INFO] Skipping ENA — active systemic position already exists.
2026-09-06 05:33:28 [INFO] Skipping ETH — active systemic position already exists.
2026-09-06 05:33:28 [INFO] Skipping UNI — active systemic position already exists.
2026-09-06 05:33:28 [INFO] --- MADBOT ENGINE CYCLE FINISHED ---
2026-09-06 05:48:03 [INFO] --- MADBOT ENGINE CYCLE STARTED ---
2026-09-06 05:48:08 [INFO] Ledger resolution complete.
2026-09-06 05:48:08 [INFO] Running neural scan on CRYPTO...
2026-09-06 05:48:25 [INFO] Scan complete: 5 setups found.
2026-09-06 05:48:25 [INFO] Skipping ADA — active systemic position already exists.
2026-09-06 05:48:25 [INFO] Skipping ARB — active systemic position already exists.
2026-09-06 05:48:25 [INFO] Skipping ENA — active systemic position already exists.
2026-09-06 05:48:25 [INFO] Skipping ETH — active systemic position already exists.
2026-09-06 05:48:25 [INFO] Skipping UNI — active systemic position already exists.
2026-09-06 05:48:25 [INFO] --- MADBOT ENGINE CYCLE FINISHED ---
2026-09-06 06:03:03 [INFO] --- MADBOT ENGINE CYCLE STARTED ---
2026-09-06 06:03:09 [INFO] Ledger resolution complete.
2026-09-06 06:03:09 [INFO] Running neural scan on CRYPTO...
2026-09-06 06:03:27 [INFO] Scan complete: 5 setups found.
2026-09-06 06:03:27 [INFO] Skipping ARB — active systemic position already exists.
2026-09-06 06:03:28 [INFO] SUCCESS: Systemic trade logged for LTC.
2026-09-06 06:03:28 [INFO] Skipping ADA — active systemic position already exists.
2026-09-06 06:03:28 [INFO] Skipping BTC — active systemic position already exists.
2026-09-06 06:03:28 [INFO] Skipping XRP — active systemic position already exists.
2026-09-06 06:03:28 [INFO] --- MADBOT ENGINE CYCLE FINISHED ---
2026-09-06 06:18:03 [INFO] --- MADBOT ENGINE CYCLE STARTED ---
2026-09-06 06:18:09 [INFO] Ledger resolution complete.
2026-09-06 06:18:09 [INFO] Running neural scan on CRYPTO...
2026-09-06 06:18:27 [INFO] Scan complete: 5 setups found.
2026-09-06 06:18:27 [INFO] Skipping ARB — active systemic position already exists.
2026-09-06 06:18:27 [INFO] Skipping LTC — active systemic position already exists.
2026-09-06 06:18:27 [INFO] Skipping ADA — active systemic position already exists.
2026-09-06 06:18:27 [INFO] Skipping BTC — active systemic position already exists.
2026-09-06 06:18:27 [INFO] Skipping XRP — active systemic position already exists.
2026-09-06 06:18:27 [INFO] --- MADBOT ENGINE CYCLE FINISHED ---
2026-09-06 06:33:03 [INFO] --- MADBOT ENGINE CYCLE STARTED ---
2026-09-06 06:33:08 [INFO] Ledger resolution complete.
2026-09-06 06:33:08 [INFO] Running neural scan on CRYPTO...
2026-09-06 06:33:26 [INFO] Scan complete: 5 setups found.
2026-09-06 06:33:26 [INFO] Skipping ARB — active systemic position already exists.
2026-09-06 06:33:26 [INFO] Skipping LTC — active systemic position already exists.
2026-09-06 06:33:26 [INFO] Skipping ADA — active systemic position already exists.
2026-09-06 06:33:26 [INFO] Skipping BTC — active systemic position already exists.
2026-09-06 06:33:26 [INFO] Skipping XRP — active systemic position already exists.
2026-09-06 06:33:26 [INFO] --- MADBOT ENGINE CYCLE FINISHED ---
2026-09-06 06:48:03 [INFO] --- MADBOT ENGINE CYCLE STARTED ---
2026-09-06 06:48:09 [INFO] Ledger resolution complete.
2026-09-06 06:48:09 [INFO] Running neural scan on CRYPTO...
2026-09-06 06:48:27 [INFO] Scan complete: 5 setups found.
2026-09-06 06:48:27 [INFO] Skipping ARB — active systemic position already exists.
2026-09-06 06:48:27 [INFO] Skipping LTC — active systemic position already exists.
2026-09-06 06:48:27 [INFO] Skipping ADA — active systemic position already exists.
2026-09-06 06:48:27 [INFO] Skipping BTC — active systemic position already exists.
2026-09-06 06:48:27 [INFO] Skipping XRP — active systemic position already exists.
2026-09-06 06:48:27 [INFO] --- MADBOT ENGINE CYCLE FINISHED ---
2026-09-06 07:03:04 [INFO] --- MADBOT ENGINE CYCLE STARTED ---
2026-09-06 07:03:10 [INFO] Ledger resolution complete.
2026-09-06 07:03:10 [INFO] Running neural scan on CRYPTO...
2026-09-06 07:03:27 [INFO] Scan complete: 4 setups found.
2026-09-06 07:03:27 [INFO] Skipping BTC — active systemic position already exists.
2026-09-06 07:03:27 [INFO] Skipping ENA — active systemic position already exists.
2026-09-06 07:03:27 [INFO] Skipping XRP — active systemic position already exists.
2026-09-06 07:03:27 [INFO] Skipping ARB — active systemic position already exists.
2026-09-06 07:03:27 [INFO] --- MADBOT ENGINE CYCLE FINISHED ---
2026-09-06 07:18:03 [INFO] --- MADBOT ENGINE CYCLE STARTED ---
2026-09-06 07:18:09 [INFO] Ledger resolution complete.
2026-09-06 07:18:09 [INFO] Running neural scan on CRYPTO...
2026-09-06 07:18:24 [INFO] Scan complete: 4 setups found.
2026-09-06 07:18:24 [INFO] Skipping BTC — active systemic position already exists.
2026-09-06 07:18:24 [INFO] Skipping ENA — active systemic position already exists.
2026-09-06 07:18:24 [INFO] Skipping XRP — active systemic position already exists.
2026-09-06 07:18:24 [INFO] Skipping ARB — active systemic position already exists.
2026-09-06 07:18:24 [INFO] --- MADBOT ENGINE CYCLE FINISHED ---
2026-09-06 07:33:03 [INFO] --- MADBOT ENGINE CYCLE STARTED ---
2026-09-06 07:33:10 [INFO] Ledger resolution complete.
2026-09-06 07:33:10 [INFO] Running neural scan on CRYPTO...
2026-09-06 07:33:27 [INFO] Scan complete: 4 setups found.
2026-09-06 07:33:27 [INFO] Skipping BTC — active systemic position already exists.
2026-09-06 07:33:27 [INFO] Skipping ENA — active systemic position already exists.
2026-09-06 07:33:27 [INFO] Skipping XRP — active systemic position already exists.
2026-09-06 07:33:27 [INFO] Skipping ARB — active systemic position already exists.
2026-09-06 07:33:27 [INFO] --- MADBOT ENGINE CYCLE FINISHED ---
2026-09-06 07:48:03 [INFO] --- MADBOT ENGINE CYCLE STARTED ---
2026-09-06 07:48:10 [INFO] Ledger resolution complete.
2026-09-06 07:48:10 [INFO] Running neural scan on CRYPTO...
2026-09-06 07:48:28 [INFO] Scan complete: 4 setups found.
2026-09-06 07:48:28 [INFO] Skipping BTC — active systemic position already exists.
2026-09-06 07:48:28 [INFO] Skipping ENA — active systemic position already exists.
2026-09-06 07:48:28 [INFO] Skipping XRP — active systemic position already exists.
2026-09-06 07:48:28 [INFO] Skipping ARB — active systemic position already exists.
2026-09-06 07:48:28 [INFO] --- MADBOT ENGINE CYCLE FINISHED ---
2026-09-06 08:03:04 [INFO] --- MADBOT ENGINE CYCLE STARTED ---
2026-09-06 08:03:10 [INFO] Ledger resolution complete.
2026-09-06 08:03:10 [INFO] Running neural scan on CRYPTO...
2026-09-06 08:03:28 [INFO] Scan complete: 5 setups found.
2026-09-06 08:03:28 [INFO] Skipping UNI — active systemic position already exists.
2026-09-06 08:03:29 [INFO] SUCCESS: Systemic trade logged for ENA.
2026-09-06 08:03:29 [INFO] Skipping XRP — active systemic position already exists.
2026-09-06 08:03:30 [INFO] SUCCESS: Systemic trade logged for ARB.
2026-09-06 08:03:30 [INFO] Skipping ETH — active systemic position already exists.
2026-09-06 08:03:30 [INFO] --- MADBOT ENGINE CYCLE FINISHED ---
2026-09-06 08:18:03 [INFO] --- MADBOT ENGINE CYCLE STARTED ---
2026-09-06 08:18:11 [INFO] Ledger resolution complete.
2026-09-06 08:18:11 [INFO] Running neural scan on CRYPTO...
2026-09-06 08:18:29 [INFO] Scan complete: 5 setups found.
2026-09-06 08:18:29 [INFO] Skipping UNI — active systemic position already exists.
2026-09-06 08:18:29 [INFO] Skipping ENA — active systemic position already exists.
2026-09-06 08:18:29 [INFO] Skipping XRP — active systemic position already exists.
2026-09-06 08:18:29 [INFO] Skipping ARB — active systemic position already exists.
2026-09-06 08:18:29 [INFO] Skipping ETH — active systemic position already exists.
2026-09-06 08:18:29 [INFO] --- MADBOT ENGINE CYCLE FINISHED ---
2026-09-06 08:33:04 [INFO] --- MADBOT ENGINE CYCLE STARTED ---
2026-09-06 08:33:09 [INFO] Ledger resolution complete.
2026-09-06 08:33:09 [INFO] Running neural scan on CRYPTO...
2026-09-06 08:33:18 [INFO] Scan complete: No valid setups detected.
2026-09-06 08:48:05 [INFO] --- MADBOT ENGINE CYCLE STARTED ---
2026-09-06 08:48:12 [INFO] Ledger resolution complete.
2026-09-06 08:48:12 [INFO] Running neural scan on CRYPTO...
2026-09-06 08:48:31 [INFO] Scan complete: 5 setups found.
2026-09-06 08:48:31 [INFO] Skipping UNI — active systemic position already exists.
2026-09-06 08:48:31 [INFO] Skipping ENA — active systemic position already exists.
2026-09-06 08:48:31 [INFO] Skipping XRP — active systemic position already exists.
2026-09-06 08:48:31 [INFO] Skipping ARB — active systemic position already exists.
2026-09-06 08:48:31 [INFO] Skipping ETH — active systemic position already exists.
2026-09-06 08:48:31 [INFO] --- MADBOT ENGINE CYCLE FINISHED ---
2026-09-06 09:03:04 [INFO] --- MADBOT ENGINE CYCLE STARTED ---
2026-09-06 09:03:12 [INFO] Ledger resolution complete.
2026-09-06 09:03:12 [INFO] Running neural scan on CRYPTO...
2026-09-06 09:03:32 [INFO] Scan complete: 5 setups found.
2026-09-06 09:03:32 [INFO] Skipping SOL — active systemic position already exists.
2026-09-06 09:03:32 [INFO] Skipping ENA — active systemic position already exists.
2026-09-06 09:03:33 [INFO] SUCCESS: Systemic trade logged for LINK.
2026-09-06 09:03:34 [INFO] SUCCESS: Systemic trade logged for UNI.
2026-09-06 09:03:34 [INFO] Skipping XRP — active systemic position already exists.
2026-09-06 09:03:34 [INFO] --- MADBOT ENGINE CYCLE FINISHED ---
2026-09-06 09:18:04 [INFO] --- MADBOT ENGINE CYCLE STARTED ---
2026-09-06 09:18:12 [INFO] Ledger resolution complete.
2026-09-06 09:18:12 [INFO] Running neural scan on CRYPTO...
2026-09-06 09:18:31 [INFO] Scan complete: 5 setups found.
2026-09-06 09:18:31 [INFO] Skipping SOL — active systemic position already exists.
2026-09-06 09:18:31 [INFO] Skipping ENA — active systemic position already exists.
2026-09-06 09:18:31 [INFO] Skipping LINK — active systemic position already exists.
2026-09-06 09:18:31 [INFO] Skipping UNI — active systemic position already exists.
2026-09-06 09:18:31 [INFO] Skipping XRP — active systemic position already exists.
2026-09-06 09:18:31 [INFO] --- MADBOT ENGINE CYCLE FINISHED ---
2026-09-06 09:33:04 [INFO] --- MADBOT ENGINE CYCLE STARTED ---
2026-09-06 09:33:09 [INFO] Ledger resolution complete.
2026-09-06 09:33:09 [INFO] Running neural scan on CRYPTO...
2026-09-06 09:33:19 [INFO] Scan complete: No valid setups detected.
2026-09-06 09:48:04 [INFO] --- MADBOT ENGINE CYCLE STARTED ---
2026-09-06 09:48:13 [INFO] Ledger resolution complete.
2026-09-06 09:48:13 [INFO] Running neural scan on CRYPTO...
2026-09-06 09:48:31 [INFO] Scan complete: 5 setups found.
2026-09-06 09:48:31 [INFO] Skipping SOL — active systemic position already exists.
2026-09-06 09:48:31 [INFO] Skipping ENA — active systemic position already exists.
2026-09-06 09:48:31 [INFO] Skipping LINK — active systemic position already exists.
2026-09-06 09:48:31 [INFO] Skipping UNI — active systemic position already exists.
2026-09-06 09:48:31 [INFO] Skipping XRP — active systemic position already exists.
2026-09-06 09:48:31 [INFO] --- MADBOT ENGINE CYCLE FINISHED ---
2026-09-06 10:03:04 [INFO] --- MADBOT ENGINE CYCLE STARTED ---
2026-09-06 10:03:09 [INFO] Ledger resolution complete.
2026-09-06 10:03:09 [INFO] Running neural scan on CRYPTO...
2026-09-06 10:03:18 [INFO] Scan complete: No valid setups detected.
2026-09-06 10:18:04 [INFO] --- MADBOT ENGINE CYCLE STARTED ---
2026-09-06 10:18:08 [INFO] Ledger resolution complete.
2026-09-06 10:18:08 [INFO] Running neural scan on CRYPTO...
2026-09-06 10:18:18 [INFO] Scan complete: No valid setups detected.
2026-09-06 10:33:04 [INFO] --- MADBOT ENGINE CYCLE STARTED ---
2026-09-06 10:33:12 [INFO] Ledger resolution complete.
2026-09-06 10:33:12 [INFO] Running neural scan on CRYPTO...
2026-09-06 10:33:32 [INFO] Scan complete: 4 setups found.
2026-09-06 10:33:32 [INFO] Skipping ZEC — active systemic position already exists.
2026-09-06 10:33:32 [INFO] Skipping SOL — active systemic position already exists.
2026-09-06 10:33:32 [INFO] Skipping NEAR — active systemic position already exists.
2026-09-06 10:33:33 [INFO] SUCCESS: Systemic trade logged for ATOM.
2026-09-06 10:33:33 [INFO] --- MADBOT ENGINE CYCLE FINISHED ---
2026-09-06 10:48:04 [INFO] --- MADBOT ENGINE CYCLE STARTED ---
2026-09-06 10:48:11 [INFO] Ledger resolution complete.
2026-09-06 10:48:11 [INFO] Running neural scan on CRYPTO...
2026-09-06 10:48:31 [INFO] Scan complete: 4 setups found.
2026-09-06 10:48:31 [INFO] Skipping ZEC — active systemic position already exists.
2026-09-06 10:48:31 [INFO] Skipping SOL — active systemic position already exists.
2026-09-06 10:48:31 [INFO] Skipping NEAR — active systemic position already exists.
2026-09-06 10:48:31 [INFO] Skipping ATOM — active systemic position already exists.
2026-09-06 10:48:31 [INFO] --- MADBOT ENGINE CYCLE FINISHED ---
2026-09-06 11:03:04 [INFO] --- MADBOT ENGINE CYCLE STARTED ---
2026-09-06 11:03:09 [INFO] Ledger resolution complete.
2026-09-06 11:03:09 [INFO] Running neural scan on CRYPTO...
2026-09-06 11:03:18 [INFO] Scan complete: No valid setups detected.
2026-09-06 11:18:04 [INFO] --- MADBOT ENGINE CYCLE STARTED ---
2026-09-06 11:18:10 [INFO] Ledger resolution complete.
2026-09-06 11:18:10 [INFO] Running neural scan on CRYPTO...
2026-09-06 11:18:31 [INFO] Scan complete: 5 setups found.
2026-09-06 11:18:32 [INFO] SUCCESS: Systemic trade logged for SOL.
2026-09-06 11:18:32 [INFO] Skipping XRP — active systemic position already exists.
2026-09-06 11:18:32 [INFO] Skipping ARB — active systemic position already exists.
2026-09-06 11:18:32 [INFO] Skipping UNI — active systemic position already exists.
2026-09-06 11:18:32 [INFO] Skipping ETH — active systemic position already exists.
2026-09-06 11:18:32 [INFO] --- MADBOT ENGINE CYCLE FINISHED ---
2026-09-06 11:33:05 [INFO] --- MADBOT ENGINE CYCLE STARTED ---
2026-09-06 11:33:12 [INFO] Ledger resolution complete.
2026-09-06 11:33:12 [INFO] Running neural scan on CRYPTO...
2026-09-06 11:33:32 [INFO] Scan complete: 5 setups found.
2026-09-06 11:33:32 [INFO] Skipping SOL — active systemic position already exists.
2026-09-06 11:33:32 [INFO] Skipping XRP — active systemic position already exists.
2026-09-06 11:33:32 [INFO] Skipping ARB — active systemic position already exists.
2026-09-06 11:33:32 [INFO] Skipping UNI — active systemic position already exists.
2026-09-06 11:33:32 [INFO] Skipping ETH — active systemic position already exists.
2026-09-06 11:33:32 [INFO] --- MADBOT ENGINE CYCLE FINISHED ---
2026-09-06 11:48:04 [INFO] --- MADBOT ENGINE CYCLE STARTED ---
2026-09-06 11:48:08 [INFO] Ledger resolution complete.
2026-09-06 11:48:08 [INFO] Running neural scan on CRYPTO...
2026-09-06 11:48:18 [INFO] Scan complete: No valid setups detected.
2026-09-06 12:03:04 [INFO] --- MADBOT ENGINE CYCLE STARTED ---
2026-09-06 12:03:12 [INFO] Ledger resolution complete.
2026-09-06 12:03:12 [INFO] Running neural scan on CRYPTO...
2026-09-06 12:03:32 [INFO] Scan complete: 5 setups found.
2026-09-06 12:03:33 [INFO] SUCCESS: Systemic trade logged for DASH.
2026-09-06 12:03:34 [INFO] SUCCESS: Systemic trade logged for ZEC.
2026-09-06 12:03:34 [INFO] Skipping BTC — active systemic position already exists.
2026-09-06 12:03:34 [INFO] Skipping NEAR — active systemic position already exists.
2026-09-06 12:03:34 [INFO] Skipping SOL — active systemic position already exists.
2026-09-06 12:03:34 [INFO] --- MADBOT ENGINE CYCLE FINISHED ---
2026-09-06 12:18:05 [INFO] --- MADBOT ENGINE CYCLE STARTED ---
2026-09-06 12:18:12 [INFO] Ledger resolution complete.
2026-09-06 12:18:12 [INFO] Running neural scan on CRYPTO...
2026-09-06 12:18:30 [INFO] Scan complete: 5 setups found.
2026-09-06 12:18:30 [INFO] Skipping DASH — active systemic position already exists.
2026-09-06 12:18:30 [INFO] Skipping ZEC — active systemic position already exists.
2026-09-06 12:18:30 [INFO] Skipping BTC — active systemic position already exists.
2026-09-06 12:18:30 [INFO] Skipping NEAR — active systemic position already exists.
2026-09-06 12:18:30 [INFO] Skipping SOL — active systemic position already exists.
2026-09-06 12:18:30 [INFO] --- MADBOT ENGINE CYCLE FINISHED ---
2026-09-06 12:33:04 [INFO] --- MADBOT ENGINE CYCLE STARTED ---
2026-09-06 12:33:10 [INFO] Ledger resolution complete.
2026-09-06 12:33:10 [INFO] Running neural scan on CRYPTO...
2026-09-06 12:33:29 [INFO] Scan complete: 5 setups found.
2026-09-06 12:33:29 [INFO] Skipping DASH — active systemic position already exists.
2026-09-06 12:33:29 [INFO] Skipping ZEC — active systemic position already exists.
2026-09-06 12:33:29 [INFO] Skipping BTC — active systemic position already exists.
2026-09-06 12:33:29 [INFO] Skipping NEAR — active systemic position already exists.
2026-09-06 12:33:29 [INFO] Skipping SOL — active systemic position already exists.
2026-09-06 12:33:29 [INFO] --- MADBOT ENGINE CYCLE FINISHED ---
2026-09-06 12:48:04 [INFO] --- MADBOT ENGINE CYCLE STARTED ---
2026-09-06 12:48:10 [INFO] Ledger resolution complete.
2026-09-06 12:48:10 [INFO] Running neural scan on CRYPTO...
2026-09-06 12:48:30 [INFO] Scan complete: 5 setups found.
2026-09-06 12:48:30 [INFO] Skipping DASH — active systemic position already exists.
2026-09-06 12:48:30 [INFO] Skipping ZEC — active systemic position already exists.
2026-09-06 12:48:30 [INFO] Skipping BTC — active systemic position already exists.
2026-09-06 12:48:30 [INFO] Skipping NEAR — active systemic position already exists.
2026-09-06 12:48:30 [INFO] Skipping SOL — active systemic position already exists.
2026-09-06 12:48:30 [INFO] --- MADBOT ENGINE CYCLE FINISHED ---
2026-09-06 13:03:04 [INFO] --- MADBOT ENGINE CYCLE STARTED ---
2026-09-06 13:03:10 [INFO] Ledger resolution complete.
2026-09-06 13:03:10 [INFO] Running neural scan on CRYPTO...
2026-09-06 13:03:28 [INFO] Scan complete: 5 setups found.
2026-09-06 13:03:28 [INFO] Skipping BTC — active systemic position already exists.
2026-09-06 13:03:28 [INFO] Skipping DASH — active systemic position already exists.
2026-09-06 13:03:29 [INFO] SUCCESS: Systemic trade logged for DOGE.
2026-09-06 13:03:31 [INFO] SUCCESS: Systemic trade logged for LINK.
2026-09-06 13:03:31 [INFO] Skipping ZEC — active systemic position already exists.
2026-09-06 13:03:31 [INFO] --- MADBOT ENGINE CYCLE FINISHED ---
2026-09-06 13:18:05 [INFO] --- MADBOT ENGINE CYCLE STARTED ---
2026-09-06 13:18:12 [INFO] Ledger resolution complete.
2026-09-06 13:18:12 [INFO] Running neural scan on CRYPTO...
2026-09-06 13:18:30 [INFO] Scan complete: 5 setups found.
2026-09-06 13:18:30 [INFO] Skipping BTC — active systemic position already exists.
2026-09-06 13:18:30 [INFO] Skipping DASH — active systemic position already exists.
2026-09-06 13:18:30 [INFO] Skipping DOGE — active systemic position already exists.
2026-09-06 13:18:30 [INFO] Skipping LINK — active systemic position already exists.
2026-09-06 13:18:30 [INFO] Skipping ZEC — active systemic position already exists.
2026-09-06 13:18:30 [INFO] --- MADBOT ENGINE CYCLE FINISHED ---
2026-09-06 13:33:08 [INFO] --- MADBOT ENGINE CYCLE STARTED ---
2026-09-06 13:33:14 [INFO] Ledger resolution complete.
2026-09-06 13:33:14 [INFO] Running neural scan on CRYPTO...
2026-09-06 13:33:35 [INFO] Scan complete: 5 setups found.
2026-09-06 13:33:35 [INFO] Skipping BTC — active systemic position already exists.
2026-09-06 13:33:35 [INFO] Skipping DASH — active systemic position already exists.
2026-09-06 13:33:35 [INFO] Skipping DOGE — active systemic position already exists.
2026-09-06 13:33:35 [INFO] Skipping LINK — active systemic position already exists.
2026-09-06 13:33:35 [INFO] Skipping ZEC — active systemic position already exists.
2026-09-06 13:33:35 [INFO] --- MADBOT ENGINE CYCLE FINISHED ---
2026-09-06 13:48:05 [INFO] --- MADBOT ENGINE CYCLE STARTED ---
2026-09-06 13:48:11 [INFO] Ledger resolution complete.
2026-09-06 13:48:11 [INFO] Running neural scan on CRYPTO...
2026-09-06 13:48:30 [INFO] Scan complete: 5 setups found.
2026-09-06 13:48:30 [INFO] Skipping BTC — active systemic position already exists.
2026-09-06 13:48:30 [INFO] Skipping DASH — active systemic position already exists.
2026-09-06 13:48:30 [INFO] Skipping DOGE — active systemic position already exists.
2026-09-06 13:48:30 [INFO] Skipping LINK — active systemic position already exists.
2026-09-06 13:48:30 [INFO] Skipping ZEC — active systemic position already exists.
2026-09-06 13:48:30 [INFO] --- MADBOT ENGINE CYCLE FINISHED ---
2026-09-06 14:03:04 [INFO] --- MADBOT ENGINE CYCLE STARTED ---
2026-09-06 14:03:11 [INFO] Ledger resolution complete.
2026-09-06 14:03:11 [INFO] Running neural scan on CRYPTO...
2026-09-06 14:03:30 [INFO] Scan complete: 5 setups found.
2026-09-06 14:03:30 [INFO] Skipping TRX — active systemic position already exists.
2026-09-06 14:03:30 [INFO] Skipping ZEC — active systemic position already exists.
2026-09-06 14:03:31 [INFO] SUCCESS: Systemic trade logged for PROM.
2026-09-06 14:03:31 [INFO] Skipping NEAR — active systemic position already exists.
2026-09-06 14:03:31 [INFO] Skipping ATOM — active systemic position already exists.
2026-09-06 14:03:31 [INFO] --- MADBOT ENGINE CYCLE FINISHED ---
2026-09-06 14:18:05 [INFO] --- MADBOT ENGINE CYCLE STARTED ---
2026-09-06 14:18:11 [INFO] Ledger resolution complete.
2026-09-06 14:18:11 [INFO] Running neural scan on CRYPTO...
2026-09-06 14:18:32 [INFO] Scan complete: 5 setups found.
2026-09-06 14:18:32 [INFO] Skipping TRX — active systemic position already exists.
2026-09-06 14:18:32 [INFO] Skipping ZEC — active systemic position already exists.
2026-09-06 14:18:32 [INFO] Skipping PROM — active systemic position already exists.
2026-09-06 14:18:32 [INFO] Skipping NEAR — active systemic position already exists.
2026-09-06 14:18:32 [INFO] Skipping ATOM — active systemic position already exists.
2026-09-06 14:18:32 [INFO] --- MADBOT ENGINE CYCLE FINISHED ---
2026-09-06 14:33:04 [INFO] --- MADBOT ENGINE CYCLE STARTED ---
2026-09-06 14:33:04 [INFO] Ledger resolution complete.
2026-09-06 14:33:04 [INFO] Running neural scan on CRYPTO...
2026-09-06 14:33:29 [INFO] Scan complete: 5 setups found.
2026-09-06 14:33:29 [INFO] Skipping TRX — active systemic position already exists.
2026-09-06 14:33:29 [INFO] Skipping ZEC — active systemic position already exists.
2026-09-06 14:33:29 [INFO] Skipping PROM — active systemic position already exists.
2026-09-06 14:33:29 [INFO] Skipping NEAR — active systemic position already exists.
2026-09-06 14:33:29 [INFO] Skipping ATOM — active systemic position already exists.
2026-09-06 14:33:29 [INFO] --- MADBOT ENGINE CYCLE FINISHED ---
2026-09-06 14:48:05 [INFO] --- MADBOT ENGINE CYCLE STARTED ---
2026-09-06 14:48:11 [INFO] Ledger resolution complete.
2026-09-06 14:48:11 [INFO] Running neural scan on CRYPTO...
2026-09-06 14:48:31 [INFO] Scan complete: 5 setups found.
2026-09-06 14:48:32 [INFO] SUCCESS: Systemic trade logged for TRX.
2026-09-06 14:48:32 [INFO] Skipping ZEC — active systemic position already exists.
2026-09-06 14:48:32 [INFO] Skipping PROM — active systemic position already exists.
2026-09-06 14:48:32 [INFO] Skipping NEAR — active systemic position already exists.
2026-09-06 14:48:33 [INFO] SUCCESS: Systemic trade logged for ATOM.
2026-09-06 14:48:33 [INFO] --- MADBOT ENGINE CYCLE FINISHED ---
2026-09-06 15:03:04 [INFO] --- MADBOT ENGINE CYCLE STARTED ---
2026-09-06 15:03:10 [INFO] Ledger resolution complete.
2026-09-06 15:03:10 [INFO] Running neural scan on CRYPTO...
2026-09-06 15:03:20 [INFO] Scan complete: No valid setups detected.
2026-09-06 15:18:06 [INFO] --- MADBOT ENGINE CYCLE STARTED ---
2026-09-06 15:18:12 [INFO] Ledger resolution complete.
2026-09-06 15:18:12 [INFO] Running neural scan on CRYPTO...
2026-09-06 15:18:33 [INFO] Scan complete: 5 setups found.
2026-09-06 15:18:33 [INFO] Skipping NEAR — active systemic position already exists.
2026-09-06 15:18:33 [INFO] Skipping ARB — active systemic position already exists.
2026-09-06 15:18:33 [INFO] Skipping PROM — active systemic position already exists.
2026-09-06 15:18:33 [INFO] Skipping ZEC — active systemic position already exists.
2026-09-06 15:18:33 [INFO] Skipping ATOM — active systemic position already exists.
2026-09-06 15:18:33 [INFO] --- MADBOT ENGINE CYCLE FINISHED ---
2026-09-06 15:33:04 [INFO] --- MADBOT ENGINE CYCLE STARTED ---
2026-09-06 15:33:10 [INFO] Ledger resolution complete.
2026-09-06 15:33:10 [INFO] Running neural scan on CRYPTO...
2026-09-06 15:33:19 [INFO] Scan complete: No valid setups detected.
2026-09-06 15:48:04 [INFO] --- MADBOT ENGINE CYCLE STARTED ---
2026-09-06 15:48:10 [INFO] Ledger resolution complete.
2026-09-06 15:48:10 [INFO] Running neural scan on CRYPTO...
2026-09-06 15:48:31 [INFO] Scan complete: 5 setups found.
2026-09-06 15:48:31 [INFO] Skipping NEAR — active systemic position already exists.
2026-09-06 15:48:31 [INFO] Skipping ARB — active systemic position already exists.
2026-09-06 15:48:31 [INFO] Skipping PROM — active systemic position already exists.
2026-09-06 15:48:31 [INFO] Skipping ZEC — active systemic position already exists.
2026-09-06 15:48:31 [INFO] Skipping ATOM — active systemic position already exists.
2026-09-06 15:48:31 [INFO] --- MADBOT ENGINE CYCLE FINISHED ---
2026-09-06 16:03:04 [INFO] --- MADBOT ENGINE CYCLE STARTED ---
2026-09-06 16:03:10 [INFO] Ledger resolution complete.
2026-09-06 16:03:10 [INFO] Running neural scan on CRYPTO...
2026-09-06 16:03:28 [INFO] Scan complete: 5 setups found.
2026-09-06 16:03:28 [INFO] Skipping TRX — active systemic position already exists.
2026-09-06 16:03:29 [INFO] SUCCESS: Systemic trade logged for NEAR.
2026-09-06 16:03:29 [INFO] Skipping ZEC — active systemic position already exists.
2026-09-06 16:03:30 [INFO] SUCCESS: Systemic trade logged for PROM.
2026-09-06 16:03:31 [INFO] SUCCESS: Systemic trade logged for BNB.
2026-09-06 16:03:31 [INFO] --- MADBOT ENGINE CYCLE FINISHED ---
2026-09-06 16:18:04 [INFO] --- MADBOT ENGINE CYCLE STARTED ---
2026-09-06 16:18:10 [INFO] Ledger resolution complete.
2026-09-06 16:18:10 [INFO] Running neural scan on CRYPTO...
2026-09-06 16:18:29 [INFO] Scan complete: 5 setups found.
2026-09-06 16:18:29 [INFO] Skipping TRX — active systemic position already exists.
2026-09-06 16:18:29 [INFO] Skipping NEAR — active systemic position already exists.
2026-09-06 16:18:29 [INFO] Skipping ZEC — active systemic position already exists.
2026-09-06 16:18:29 [INFO] Skipping PROM — active systemic position already exists.
2026-09-06 16:18:29 [INFO] Skipping BNB — active systemic position already exists.
2026-09-06 16:18:29 [INFO] --- MADBOT ENGINE CYCLE FINISHED ---
2026-09-06 16:33:04 [INFO] --- MADBOT ENGINE CYCLE STARTED ---
2026-09-06 16:33:09 [INFO] Ledger resolution complete.
2026-09-06 16:33:09 [INFO] Running neural scan on CRYPTO...
2026-09-06 16:33:30 [INFO] Scan complete: 5 setups found.
2026-09-06 16:33:30 [INFO] Skipping TRX — active systemic position already exists.
2026-09-06 16:33:30 [INFO] Skipping NEAR — active systemic position already exists.
2026-09-06 16:33:30 [INFO] Skipping ZEC — active systemic position already exists.
2026-09-06 16:33:30 [INFO] Skipping PROM — active systemic position already exists.
2026-09-06 16:33:30 [INFO] Skipping BNB — active systemic position already exists.
2026-09-06 16:33:30 [INFO] --- MADBOT ENGINE CYCLE FINISHED ---
2026-09-06 16:48:04 [INFO] --- MADBOT ENGINE CYCLE STARTED ---
2026-09-06 16:48:10 [INFO] Ledger resolution complete.
2026-09-06 16:48:10 [INFO] Running neural scan on CRYPTO...
2026-09-06 16:48:29 [INFO] Scan complete: 5 setups found.
2026-09-06 16:48:29 [INFO] Skipping TRX — active systemic position already exists.
2026-09-06 16:48:29 [INFO] Skipping NEAR — active systemic position already exists.
2026-09-06 16:48:29 [INFO] Skipping ZEC — active systemic position already exists.
2026-09-06 16:48:29 [INFO] Skipping PROM — active systemic position already exists.
2026-09-06 16:48:29 [INFO] Skipping BNB — active systemic position already exists.
2026-09-06 16:48:29 [INFO] --- MADBOT ENGINE CYCLE FINISHED ---
2026-09-06 17:03:04 [INFO] --- MADBOT ENGINE CYCLE STARTED ---
2026-09-06 17:03:10 [INFO] Ledger resolution complete.
2026-09-06 17:03:10 [INFO] Running neural scan on CRYPTO...
2026-09-06 17:03:30 [INFO] Scan complete: 5 setups found.
2026-09-06 17:03:30 [INFO] Skipping BTC — active systemic position already exists.
2026-09-06 17:03:30 [INFO] Skipping TRX — active systemic position already exists.
2026-09-06 17:03:31 [INFO] SUCCESS: Systemic trade logged for XRP.
2026-09-06 17:03:31 [INFO] Skipping NEAR — active systemic position already exists.
2026-09-06 17:03:32 [INFO] SUCCESS: Systemic trade logged for SOL.
2026-09-06 17:03:32 [INFO] --- MADBOT ENGINE CYCLE FINISHED ---
2026-09-06 17:18:04 [INFO] --- MADBOT ENGINE CYCLE STARTED ---
2026-09-06 17:18:10 [INFO] Ledger resolution complete.
2026-09-06 17:18:10 [INFO] Running neural scan on CRYPTO...
2026-09-06 17:18:30 [INFO] Scan complete: 5 setups found.
2026-09-06 17:18:30 [INFO] Skipping BTC — active systemic position already exists.
2026-09-06 17:18:30 [INFO] Skipping TRX — active systemic position already exists.
2026-09-06 17:18:30 [INFO] Skipping XRP — active systemic position already exists.
2026-09-06 17:18:30 [INFO] Skipping NEAR — active systemic position already exists.
2026-09-06 17:18:30 [INFO] Skipping SOL — active systemic position already exists.
2026-09-06 17:18:30 [INFO] --- MADBOT ENGINE CYCLE FINISHED ---
2026-09-06 17:33:04 [INFO] --- MADBOT ENGINE CYCLE STARTED ---
2026-09-06 17:33:10 [INFO] Ledger resolution complete.
2026-09-06 17:33:10 [INFO] Running neural scan on CRYPTO...
2026-09-06 17:33:30 [INFO] Scan complete: 5 setups found.
2026-09-06 17:33:31 [INFO] Skipping BTC — active systemic position already exists.
2026-09-06 17:33:31 [INFO] Skipping TRX — active systemic position already exists.
2026-09-06 17:33:31 [INFO] Skipping XRP — active systemic position already exists.
2026-09-06 17:33:31 [INFO] Skipping NEAR — active systemic position already exists.
2026-09-06 17:33:31 [INFO] Skipping SOL — active systemic position already exists.
2026-09-06 17:33:31 [INFO] --- MADBOT ENGINE CYCLE FINISHED ---
2026-09-06 17:48:04 [INFO] --- MADBOT ENGINE CYCLE STARTED ---
2026-09-06 17:48:10 [INFO] Ledger resolution complete.
2026-09-06 17:48:10 [INFO] Running neural scan on CRYPTO...
2026-09-06 17:48:29 [INFO] Scan complete: 5 setups found.
2026-09-06 17:48:29 [INFO] Skipping BTC — active systemic position already exists.
2026-09-06 17:48:29 [INFO] Skipping TRX — active systemic position already exists.
2026-09-06 17:48:29 [INFO] Skipping XRP — active systemic position already exists.
2026-09-06 17:48:29 [INFO] Skipping NEAR — active systemic position already exists.
2026-09-06 17:48:29 [INFO] Skipping SOL — active systemic position already exists.
2026-09-06 17:48:29 [INFO] --- MADBOT ENGINE CYCLE FINISHED ---
2026-09-06 18:03:04 [INFO] --- MADBOT ENGINE CYCLE STARTED ---
2026-09-06 18:03:10 [INFO] Ledger resolution complete.
2026-09-06 18:03:10 [INFO] Running neural scan on CRYPTO...
2026-09-06 18:03:30 [INFO] Scan complete: 4 setups found.
2026-09-06 18:03:30 [INFO] Skipping NEAR — active systemic position already exists.
2026-09-06 18:03:30 [INFO] Skipping SOL — active systemic position already exists.
2026-09-06 18:03:31 [INFO] SUCCESS: Systemic trade logged for ATOM.
2026-09-06 18:03:32 [INFO] SUCCESS: Systemic trade logged for DOT.
2026-09-06 18:03:32 [INFO] --- MADBOT ENGINE CYCLE FINISHED ---
2026-09-06 18:18:04 [INFO] --- MADBOT ENGINE CYCLE STARTED ---
2026-09-06 18:18:10 [INFO] Ledger resolution complete.
2026-09-06 18:18:10 [INFO] Running neural scan on CRYPTO...
2026-09-06 18:18:30 [INFO] Scan complete: 4 setups found.
2026-09-06 18:18:30 [INFO] Skipping NEAR — active systemic position already exists.
2026-09-06 18:18:30 [INFO] Skipping SOL — active systemic position already exists.
2026-09-06 18:18:30 [INFO] Skipping ATOM — active systemic position already exists.
2026-09-06 18:18:30 [INFO] Skipping DOT — active systemic position already exists.
2026-09-06 18:18:30 [INFO] --- MADBOT ENGINE CYCLE FINISHED ---
2026-09-06 18:33:04 [INFO] --- MADBOT ENGINE CYCLE STARTED ---
2026-09-06 18:33:10 [INFO] Ledger resolution complete.
2026-09-06 18:33:10 [INFO] Running neural scan on CRYPTO...
2026-09-06 18:33:28 [INFO] Scan complete: 4 setups found.
2026-09-06 18:33:28 [INFO] Skipping NEAR — active systemic position already exists.
2026-09-06 18:33:28 [INFO] Skipping SOL — active systemic position already exists.
2026-09-06 18:33:28 [INFO] Skipping ATOM — active systemic position already exists.
2026-09-06 18:33:28 [INFO] Skipping DOT — active systemic position already exists.
2026-09-06 18:33:28 [INFO] --- MADBOT ENGINE CYCLE FINISHED ---
2026-09-06 18:48:04 [INFO] --- MADBOT ENGINE CYCLE STARTED ---
2026-09-06 18:48:10 [INFO] Ledger resolution complete.
2026-09-06 18:48:10 [INFO] Running neural scan on CRYPTO...
2026-09-06 18:48:30 [INFO] Scan complete: 4 setups found.
2026-09-06 18:48:30 [INFO] Skipping NEAR — active systemic position already exists.
2026-09-06 18:48:30 [INFO] Skipping SOL — active systemic position already exists.
2026-09-06 18:48:30 [INFO] Skipping ATOM — active systemic position already exists.
2026-09-06 18:48:30 [INFO] Skipping DOT — active systemic position already exists.
2026-09-06 18:48:30 [INFO] --- MADBOT ENGINE CYCLE FINISHED ---
2026-09-06 19:03:04 [INFO] --- MADBOT ENGINE CYCLE STARTED ---
2026-09-06 19:03:10 [INFO] Ledger resolution complete.
2026-09-06 19:03:10 [INFO] Running neural scan on CRYPTO...
2026-09-06 19:03:29 [INFO] Scan complete: 5 setups found.
2026-09-06 19:03:29 [INFO] Skipping ADA — active systemic position already exists.
2026-09-06 19:03:29 [INFO] Skipping TRX — active systemic position already exists.
2026-09-06 19:03:29 [INFO] Skipping XRP — active systemic position already exists.
2026-09-06 19:03:29 [INFO] Skipping DOT — active systemic position already exists.
2026-09-06 19:03:31 [INFO] SUCCESS: Systemic trade logged for ZEC.
2026-09-06 19:03:31 [INFO] --- MADBOT ENGINE CYCLE FINISHED ---
2026-09-06 19:18:05 [INFO] --- MADBOT ENGINE CYCLE STARTED ---
2026-09-06 19:18:12 [INFO] Ledger resolution complete.
2026-09-06 19:18:12 [INFO] Running neural scan on CRYPTO...
2026-09-06 19:18:31 [INFO] Scan complete: 5 setups found.
2026-09-06 19:18:31 [INFO] Skipping ADA — active systemic position already exists.
2026-09-06 19:18:31 [INFO] Skipping TRX — active systemic position already exists.
2026-09-06 19:18:31 [INFO] Skipping XRP — active systemic position already exists.
2026-09-06 19:18:31 [INFO] Skipping DOT — active systemic position already exists.
2026-09-06 19:18:31 [INFO] Skipping ZEC — active systemic position already exists.
2026-09-06 19:18:31 [INFO] --- MADBOT ENGINE CYCLE FINISHED ---
2026-09-06 19:33:05 [INFO] --- MADBOT ENGINE CYCLE STARTED ---
2026-09-06 19:33:12 [INFO] Ledger resolution complete.
2026-09-06 19:33:12 [INFO] Running neural scan on CRYPTO...
2026-09-06 19:33:31 [INFO] Scan complete: 5 setups found.
2026-09-06 19:33:32 [INFO] Skipping ADA — active systemic position already exists.
2026-09-06 19:33:32 [INFO] Skipping TRX — active systemic position already exists.
2026-09-06 19:33:32 [INFO] Skipping XRP — active systemic position already exists.
2026-09-06 19:33:32 [INFO] Skipping DOT — active systemic position already exists.
2026-09-06 19:33:32 [INFO] Skipping ZEC — active systemic position already exists.
2026-09-06 19:33:32 [INFO] --- MADBOT ENGINE CYCLE FINISHED ---
2026-09-06 19:48:05 [INFO] --- MADBOT ENGINE CYCLE STARTED ---
2026-09-06 19:48:10 [INFO] Ledger resolution complete.
2026-09-06 19:48:10 [INFO] Running neural scan on CRYPTO...
2026-09-06 19:48:27 [INFO] Scan complete: 5 setups found.
2026-09-06 19:48:27 [INFO] Skipping ADA — active systemic position already exists.
2026-09-06 19:48:27 [INFO] Skipping TRX — active systemic position already exists.
2026-09-06 19:48:27 [INFO] Skipping XRP — active systemic position already exists.
2026-09-06 19:48:27 [INFO] Skipping DOT — active systemic position already exists.
2026-09-06 19:48:27 [INFO] Skipping ZEC — active systemic position already exists.
2026-09-06 19:48:27 [INFO] --- MADBOT ENGINE CYCLE FINISHED ---
2026-09-06 20:03:04 [INFO] --- MADBOT ENGINE CYCLE STARTED ---
2026-09-06 20:03:09 [INFO] Ledger resolution complete.
2026-09-06 20:03:09 [INFO] Running neural scan on CRYPTO...
2026-09-06 20:03:30 [INFO] Scan complete: 5 setups found.
2026-09-06 20:03:30 [INFO] Skipping TRX — active systemic position already exists.
2026-09-06 20:03:30 [INFO] Skipping LINK — active systemic position already exists.
2026-09-06 20:03:30 [INFO] Skipping SOL — active systemic position already exists.
2026-09-06 20:03:32 [INFO] SUCCESS: Systemic trade logged for AVAX.
2026-09-06 20:03:33 [INFO] SUCCESS: Systemic trade logged for PUMP.
2026-09-06 20:03:33 [INFO] --- MADBOT ENGINE CYCLE FINISHED ---
2026-09-06 20:18:04 [INFO] --- MADBOT ENGINE CYCLE STARTED ---
2026-09-06 20:18:11 [INFO] Ledger resolution complete.
2026-09-06 20:18:11 [INFO] Running neural scan on CRYPTO...
2026-09-06 20:18:27 [INFO] Scan complete: 5 setups found.
2026-09-06 20:18:27 [INFO] Skipping TRX — active systemic position already exists.
2026-09-06 20:18:27 [INFO] Skipping LINK — active systemic position already exists.
2026-09-06 20:18:27 [INFO] Skipping SOL — active systemic position already exists.
2026-09-06 20:18:27 [INFO] Skipping AVAX — active systemic position already exists.
2026-09-06 20:18:27 [INFO] Skipping PUMP — active systemic position already exists.
2026-09-06 20:18:27 [INFO] --- MADBOT ENGINE CYCLE FINISHED ---
2026-09-06 20:33:07 [INFO] --- MADBOT ENGINE CYCLE STARTED ---
2026-09-06 20:33:13 [INFO] Ledger resolution complete.
2026-09-06 20:33:13 [INFO] Running neural scan on CRYPTO...
2026-09-06 20:33:33 [INFO] Scan complete: 5 setups found.
2026-09-06 20:33:34 [INFO] SUCCESS: Systemic trade logged for TRX.
2026-09-06 20:33:34 [INFO] Skipping LINK — active systemic position already exists.
2026-09-06 20:33:34 [INFO] Skipping SOL — active systemic position already exists.
2026-09-06 20:33:34 [INFO] Skipping AVAX — active systemic position already exists.
2026-09-06 20:33:34 [INFO] Skipping PUMP — active systemic position already exists.
2026-09-06 20:33:34 [INFO] --- MADBOT ENGINE CYCLE FINISHED ---
2026-09-06 20:48:03 [INFO] --- MADBOT ENGINE CYCLE STARTED ---
2026-09-06 20:48:11 [INFO] Ledger resolution complete.
2026-09-06 20:48:11 [INFO] Running neural scan on CRYPTO...
2026-09-06 20:48:30 [INFO] Scan complete: 5 setups found.
2026-09-06 20:48:30 [INFO] Skipping TRX — active systemic position already exists.
2026-09-06 20:48:30 [INFO] Skipping LINK — active systemic position already exists.
2026-09-06 20:48:30 [INFO] Skipping SOL — active systemic position already exists.
2026-09-06 20:48:30 [INFO] Skipping AVAX — active systemic position already exists.
2026-09-06 20:48:30 [INFO] Skipping PUMP — active systemic position already exists.
2026-09-06 20:48:30 [INFO] --- MADBOT ENGINE CYCLE FINISHED ---
2026-09-06 21:03:05 [INFO] --- MADBOT ENGINE CYCLE STARTED ---
2026-09-06 21:03:12 [INFO] Ledger resolution complete.
2026-09-06 21:03:12 [INFO] Running neural scan on CRYPTO...
2026-09-06 21:03:29 [INFO] Scan complete: 5 setups found.
2026-09-06 21:03:30 [INFO] SUCCESS: Systemic trade logged for NEAR.
2026-09-06 21:03:30 [INFO] Skipping ZEC — active systemic position already exists.
2026-09-06 21:03:30 [INFO] Skipping SOL — active systemic position already exists.
2026-09-06 21:03:30 [INFO] Skipping TRX — active systemic position already exists.
2026-09-06 21:03:30 [INFO] Skipping DOT — active systemic position already exists.
2026-09-06 21:03:30 [INFO] --- MADBOT ENGINE CYCLE FINISHED ---
2026-09-06 21:18:03 [INFO] --- MADBOT ENGINE CYCLE STARTED ---
2026-09-06 21:18:09 [INFO] Ledger resolution complete.
2026-09-06 21:18:09 [INFO] Running neural scan on CRYPTO...
2026-09-06 21:18:27 [INFO] Scan complete: 5 setups found.
2026-09-06 21:18:27 [INFO] Skipping NEAR — active systemic position already exists.
2026-09-06 21:18:27 [INFO] Skipping ZEC — active systemic position already exists.
2026-09-06 21:18:27 [INFO] Skipping SOL — active systemic position already exists.
2026-09-06 21:18:27 [INFO] Skipping TRX — active systemic position already exists.
2026-09-06 21:18:27 [INFO] Skipping DOT — active systemic position already exists.
2026-09-06 21:18:27 [INFO] --- MADBOT ENGINE CYCLE FINISHED ---
2026-09-06 21:33:03 [INFO] --- MADBOT ENGINE CYCLE STARTED ---
2026-09-06 21:33:11 [INFO] Ledger resolution complete.
2026-09-06 21:33:11 [INFO] Running neural scan on CRYPTO...
2026-09-06 21:33:30 [INFO] Scan complete: 5 setups found.
2026-09-06 21:33:30 [INFO] Skipping NEAR — active systemic position already exists.
2026-09-06 21:33:30 [INFO] Skipping ZEC — active systemic position already exists.
2026-09-06 21:33:30 [INFO] Skipping SOL — active systemic position already exists.
2026-09-06 21:33:30 [INFO] Skipping TRX — active systemic position already exists.
2026-09-06 21:33:30 [INFO] Skipping DOT — active systemic position already exists.
2026-09-06 21:33:30 [INFO] --- MADBOT ENGINE CYCLE FINISHED ---
2026-09-06 21:48:03 [INFO] --- MADBOT ENGINE CYCLE STARTED ---
2026-09-06 21:48:09 [INFO] Ledger resolution complete.
2026-09-06 21:48:09 [INFO] Running neural scan on CRYPTO...
2026-09-06 21:48:26 [INFO] Scan complete: 5 setups found.
2026-09-06 21:48:26 [INFO] Skipping NEAR — active systemic position already exists.
2026-09-06 21:48:26 [INFO] Skipping ZEC — active systemic position already exists.
2026-09-06 21:48:26 [INFO] Skipping SOL — active systemic position already exists.
2026-09-06 21:48:26 [INFO] Skipping TRX — active systemic position already exists.
2026-09-06 21:48:26 [INFO] Skipping DOT — active systemic position already exists.
2026-09-06 21:48:26 [INFO] --- MADBOT ENGINE CYCLE FINISHED ---
2026-09-06 22:03:03 [INFO] --- MADBOT ENGINE CYCLE STARTED ---
2026-09-06 22:03:09 [INFO] Ledger resolution complete.
2026-09-06 22:03:09 [INFO] Running neural scan on CRYPTO...
2026-09-06 22:03:27 [INFO] Scan complete: 1 setups found.
2026-09-06 22:03:27 [INFO] Skipping TRX — active systemic position already exists.
2026-09-06 22:03:27 [INFO] --- MADBOT ENGINE CYCLE FINISHED ---
2026-09-06 22:18:04 [INFO] --- MADBOT ENGINE CYCLE STARTED ---
2026-09-06 22:18:11 [INFO] Ledger resolution complete.
2026-09-06 22:18:11 [INFO] Running neural scan on CRYPTO...
2026-09-06 22:18:30 [INFO] Scan complete: 1 setups found.
2026-09-06 22:18:30 [INFO] Skipping TRX — active systemic position already exists.
2026-09-06 22:18:30 [INFO] --- MADBOT ENGINE CYCLE FINISHED ---
2026-09-06 22:33:03 [INFO] --- MADBOT ENGINE CYCLE STARTED ---
2026-09-06 22:33:09 [INFO] Ledger resolution complete.
2026-09-06 22:33:09 [INFO] Running neural scan on CRYPTO...
2026-09-06 22:33:29 [INFO] Scan complete: 1 setups found.
2026-09-06 22:33:29 [INFO] Skipping TRX — active systemic position already exists.
2026-09-06 22:33:29 [INFO] --- MADBOT ENGINE CYCLE FINISHED ---
2026-09-06 22:48:04 [INFO] --- MADBOT ENGINE CYCLE STARTED ---
2026-09-06 22:48:11 [INFO] Ledger resolution complete.
2026-09-06 22:48:11 [INFO] Running neural scan on CRYPTO...
2026-09-06 22:48:31 [INFO] Scan complete: 1 setups found.
2026-09-06 22:48:31 [INFO] Skipping TRX — active systemic position already exists.
2026-09-06 22:48:31 [INFO] --- MADBOT ENGINE CYCLE FINISHED ---
2026-09-06 23:03:04 [INFO] --- MADBOT ENGINE CYCLE STARTED ---
2026-09-06 23:03:09 [INFO] Ledger resolution complete.
2026-09-06 23:03:09 [INFO] Running neural scan on CRYPTO...
2026-09-06 23:03:27 [INFO] Scan complete: 2 setups found.
2026-09-06 23:03:28 [INFO] SUCCESS: Systemic trade logged for TAO.
2026-09-06 23:03:28 [INFO] Skipping ZEC — active systemic position already exists.
2026-09-06 23:03:28 [INFO] --- MADBOT ENGINE CYCLE FINISHED ---
2026-09-06 23:18:04 [INFO] --- MADBOT ENGINE CYCLE STARTED ---
2026-09-06 23:18:09 [INFO] Ledger resolution complete.
2026-09-06 23:18:09 [INFO] Running neural scan on CRYPTO...
2026-09-06 23:18:19 [INFO] Scan complete: No valid setups detected.
2026-09-06 23:33:04 [INFO] --- MADBOT ENGINE CYCLE STARTED ---
2026-09-06 23:33:09 [INFO] Ledger resolution complete.
2026-09-06 23:33:09 [INFO] Running neural scan on CRYPTO...
2026-09-06 23:33:32 [INFO] Scan complete: 2 setups found.
2026-09-06 23:33:32 [INFO] Skipping TAO — active systemic position already exists.
2026-09-06 23:33:32 [INFO] Skipping ZEC — active systemic position already exists.
2026-09-06 23:33:32 [INFO] --- MADBOT ENGINE CYCLE FINISHED ---
2026-09-06 23:48:04 [INFO] --- MADBOT ENGINE CYCLE STARTED ---
2026-09-06 23:48:09 [INFO] Ledger resolution complete.
2026-09-06 23:48:09 [INFO] Running neural scan on CRYPTO...
2026-09-06 23:48:32 [INFO] Scan complete: 2 setups found.
2026-09-06 23:48:32 [INFO] Skipping TAO — active systemic position already exists.
2026-09-06 23:48:32 [INFO] Skipping ZEC — active systemic position already exists.
2026-09-06 23:48:32 [INFO] --- MADBOT ENGINE CYCLE FINISHED ---
2026-09-07 00:03:04 [INFO] --- MADBOT ENGINE CYCLE STARTED ---
2026-09-07 00:03:09 [INFO] Ledger resolution complete.
2026-09-07 00:03:09 [INFO] Running neural scan on CRYPTO...
2026-09-07 00:03:36 [INFO] Scan complete: 4 setups found.
2026-09-07 00:03:36 [INFO] Skipping TAO — active systemic position already exists.
2026-09-07 00:03:36 [INFO] Skipping TRX — active systemic position already exists.
2026-09-07 00:03:36 [INFO] SUCCESS: Systemic trade logged for SUI.
2026-09-07 00:03:37 [INFO] SUCCESS: Systemic trade logged for UNI.
2026-09-07 00:03:37 [INFO] --- MADBOT ENGINE CYCLE FINISHED ---
2026-09-07 00:18:04 [INFO] --- MADBOT ENGINE CYCLE STARTED ---
2026-09-07 00:18:10 [INFO] Ledger resolution complete.
2026-09-07 00:18:10 [INFO] Running neural scan on CRYPTO...
2026-09-07 00:18:31 [INFO] Scan complete: 5 setups found.
2026-09-07 00:18:31 [INFO] Skipping TAO — active systemic position already exists.
2026-09-07 00:18:32 [INFO] SUCCESS: Systemic trade logged for RAY.
2026-09-07 00:18:32 [INFO] Skipping TRX — active systemic position already exists.
2026-09-07 00:18:32 [INFO] Skipping SUI — active systemic position already exists.
2026-09-07 00:18:32 [INFO] Skipping UNI — active systemic position already exists.
2026-09-07 00:18:32 [INFO] --- MADBOT ENGINE CYCLE FINISHED ---
2026-09-07 00:33:04 [INFO] --- MADBOT ENGINE CYCLE STARTED ---
2026-09-07 00:33:10 [INFO] Ledger resolution complete.
2026-09-07 00:33:10 [INFO] Running neural scan on CRYPTO...
2026-09-07 00:33:31 [INFO] Scan complete: 5 setups found.
2026-09-07 00:33:31 [INFO] Skipping TAO — active systemic position already exists.
2026-09-07 00:33:31 [INFO] Skipping RAY — active systemic position already exists.
2026-09-07 00:33:31 [INFO] Skipping TRX — active systemic position already exists.
2026-09-07 00:33:31 [INFO] Skipping SUI — active systemic position already exists.
2026-09-07 00:33:31 [INFO] Skipping UNI — active systemic position already exists.
2026-09-07 00:33:31 [INFO] --- MADBOT ENGINE CYCLE FINISHED ---
2026-09-07 00:48:04 [INFO] --- MADBOT ENGINE CYCLE STARTED ---
2026-09-07 00:48:16 [INFO] Ledger resolution complete.
2026-09-07 00:48:16 [INFO] Running neural scan on CRYPTO...
2026-09-07 00:48:55 [INFO] Scan complete: 5 setups found.
2026-09-07 00:48:55 [INFO] Skipping TAO — active systemic position already exists.
2026-09-07 00:48:55 [INFO] Skipping RAY — active systemic position already exists.
2026-09-07 00:48:55 [INFO] Skipping TRX — active systemic position already exists.
2026-09-07 00:48:55 [INFO] Skipping SUI — active systemic position already exists.
2026-09-07 00:48:55 [INFO] Skipping UNI — active systemic position already exists.
2026-09-07 00:48:55 [INFO] --- MADBOT ENGINE CYCLE FINISHED ---
2026-09-07 01:03:04 [INFO] --- MADBOT ENGINE CYCLE STARTED ---
2026-09-07 01:03:09 [INFO] Ledger resolution complete.
2026-09-07 01:03:09 [INFO] Running neural scan on CRYPTO...
2026-09-07 01:03:28 [INFO] Scan complete: 3 setups found.
2026-09-07 01:03:29 [INFO] SUCCESS: Systemic trade logged for TAO.
2026-09-07 01:03:29 [INFO] Skipping RAY — active systemic position already exists.
2026-09-07 01:03:30 [INFO] SUCCESS: Systemic trade logged for ZEC.
2026-09-07 01:03:30 [INFO] --- MADBOT ENGINE CYCLE FINISHED ---
2026-09-07 01:18:04 [INFO] --- MADBOT ENGINE CYCLE STARTED ---
2026-09-07 01:18:10 [INFO] Ledger resolution complete.
2026-09-07 01:18:10 [INFO] Running neural scan on CRYPTO...
2026-09-07 01:18:30 [INFO] Scan complete: 3 setups found.
2026-09-07 01:18:30 [INFO] Skipping TAO — active systemic position already exists.
2026-09-07 01:18:30 [INFO] Skipping RAY — active systemic position already exists.
2026-09-07 01:18:30 [INFO] Skipping ZEC — active systemic position already exists.
2026-09-07 01:18:30 [INFO] --- MADBOT ENGINE CYCLE FINISHED ---
2026-09-07 01:33:04 [INFO] --- MADBOT ENGINE CYCLE STARTED ---
2026-09-07 01:33:10 [INFO] Ledger resolution complete.
2026-09-07 01:33:10 [INFO] Running neural scan on CRYPTO...
2026-09-07 01:33:31 [INFO] Scan complete: 3 setups found.
2026-09-07 01:33:31 [INFO] Skipping TAO — active systemic position already exists.
2026-09-07 01:33:31 [INFO] Skipping RAY — active systemic position already exists.
2026-09-07 01:33:31 [INFO] Skipping ZEC — active systemic position already exists.
2026-09-07 01:33:31 [INFO] --- MADBOT ENGINE CYCLE FINISHED ---
2026-09-07 01:48:05 [INFO] --- MADBOT ENGINE CYCLE STARTED ---
2026-09-07 01:48:10 [INFO] Ledger resolution complete.
2026-09-07 01:48:10 [INFO] Running neural scan on CRYPTO...
2026-09-07 01:48:31 [INFO] Scan complete: 3 setups found.
2026-09-07 01:48:31 [INFO] Skipping TAO — active systemic position already exists.
2026-09-07 01:48:31 [INFO] Skipping RAY — active systemic position already exists.
2026-09-07 01:48:31 [INFO] Skipping ZEC — active systemic position already exists.
2026-09-07 01:48:31 [INFO] --- MADBOT ENGINE CYCLE FINISHED ---
2026-09-07 02:03:04 [INFO] --- MADBOT ENGINE CYCLE STARTED ---
2026-09-07 02:03:09 [INFO] Ledger resolution complete.
2026-09-07 02:03:09 [INFO] Running neural scan on CRYPTO...
2026-09-07 02:03:29 [INFO] Scan complete: 5 setups found.
2026-09-07 02:03:30 [INFO] Skipping ZEC — active systemic position already exists.
2026-09-07 02:03:30 [INFO] Skipping RAY — active systemic position already exists.
2026-09-07 02:03:31 [INFO] SUCCESS: Systemic trade logged for ADA.
2026-09-07 02:03:31 [INFO] Skipping TAO — active systemic position already exists.
2026-09-07 02:03:32 [INFO] SUCCESS: Systemic trade logged for DASH.
2026-09-07 02:03:32 [INFO] --- MADBOT ENGINE CYCLE FINISHED ---
2026-09-07 02:18:04 [INFO] --- MADBOT ENGINE CYCLE STARTED ---
2026-09-07 02:18:10 [INFO] Ledger resolution complete.
2026-09-07 02:18:10 [INFO] Running neural scan on CRYPTO...
2026-09-07 02:18:30 [INFO] Scan complete: 5 setups found.
2026-09-07 02:18:31 [INFO] Skipping ZEC — active systemic position already exists.
2026-09-07 02:18:31 [INFO] Skipping RAY — active systemic position already exists.
2026-09-07 02:18:31 [INFO] Skipping ADA — active systemic position already exists.
2026-09-07 02:18:31 [INFO] Skipping TAO — active systemic position already exists.
2026-09-07 02:18:31 [INFO] Skipping DASH — active systemic position already exists.
2026-09-07 02:18:31 [INFO] --- MADBOT ENGINE CYCLE FINISHED ---
2026-09-07 02:33:04 [INFO] --- MADBOT ENGINE CYCLE STARTED ---
2026-09-07 02:33:10 [INFO] Ledger resolution complete.
2026-09-07 02:33:10 [INFO] Running neural scan on CRYPTO...
2026-09-07 02:33:30 [INFO] Scan complete: 5 setups found.
2026-09-07 02:33:30 [INFO] Skipping ZEC — active systemic position already exists.
2026-09-07 02:33:30 [INFO] Skipping RAY — active systemic position already exists.
2026-09-07 02:33:30 [INFO] Skipping ADA — active systemic position already exists.
2026-09-07 02:33:30 [INFO] Skipping TAO — active systemic position already exists.
2026-09-07 02:33:30 [INFO] Skipping DASH — active systemic position already exists.
2026-09-07 02:33:30 [INFO] --- MADBOT ENGINE CYCLE FINISHED ---
2026-09-07 02:48:04 [INFO] --- MADBOT ENGINE CYCLE STARTED ---
2026-09-07 02:48:10 [INFO] Ledger resolution complete.
2026-09-07 02:48:10 [INFO] Running neural scan on CRYPTO...
2026-09-07 02:48:31 [INFO] Scan complete: 5 setups found.
2026-09-07 02:48:32 [INFO] Skipping ZEC — active systemic position already exists.
2026-09-07 02:48:32 [INFO] Skipping RAY — active systemic position already exists.
2026-09-07 02:48:32 [INFO] Skipping ADA — active systemic position already exists.
2026-09-07 02:48:32 [INFO] Skipping TAO — active systemic position already exists.
2026-09-07 02:48:32 [INFO] Skipping DASH — active systemic position already exists.
2026-09-07 02:48:32 [INFO] --- MADBOT ENGINE CYCLE FINISHED ---
2026-09-07 03:03:04 [INFO] --- MADBOT ENGINE CYCLE STARTED ---
2026-09-07 03:03:10 [INFO] Ledger resolution complete.
2026-09-07 03:03:10 [INFO] Running neural scan on CRYPTO...
2026-09-07 03:03:31 [INFO] Scan complete: 3 setups found.
2026-09-07 03:03:32 [INFO] SUCCESS: Systemic trade logged for TAO.
2026-09-07 03:03:34 [INFO] SUCCESS: Systemic trade logged for DOT.
2026-09-07 03:03:34 [INFO] Skipping TRX — active systemic position already exists.
2026-09-07 03:03:34 [INFO] --- MADBOT ENGINE CYCLE FINISHED ---
2026-09-07 03:18:08 [INFO] --- MADBOT ENGINE CYCLE STARTED ---
2026-09-07 03:18:14 [INFO] Ledger resolution complete.
2026-09-07 03:18:14 [INFO] Running neural scan on CRYPTO...
2026-09-07 03:18:35 [INFO] Scan complete: 3 setups found.
2026-09-07 03:18:35 [INFO] Skipping TAO — active systemic position already exists.
2026-09-07 03:18:35 [INFO] Skipping DOT — active systemic position already exists.
2026-09-07 03:18:35 [INFO] Skipping TRX — active systemic position already exists.
2026-09-07 03:18:35 [INFO] --- MADBOT ENGINE CYCLE FINISHED ---
2026-09-07 03:33:04 [INFO] --- MADBOT ENGINE CYCLE STARTED ---
2026-09-07 03:33:10 [INFO] Ledger resolution complete.
2026-09-07 03:33:10 [INFO] Running neural scan on CRYPTO...
2026-09-07 03:33:32 [INFO] Scan complete: 3 setups found.
2026-09-07 03:33:32 [INFO] Skipping TAO — active systemic position already exists.
2026-09-07 03:33:32 [INFO] Skipping DOT — active systemic position already exists.
2026-09-07 03:33:32 [INFO] Skipping TRX — active systemic position already exists.
2026-09-07 03:33:32 [INFO] --- MADBOT ENGINE CYCLE FINISHED ---
2026-09-07 03:48:04 [INFO] --- MADBOT ENGINE CYCLE STARTED ---
2026-09-07 03:48:10 [INFO] Ledger resolution complete.
2026-09-07 03:48:10 [INFO] Running neural scan on CRYPTO...
2026-09-07 03:48:32 [INFO] Scan complete: 3 setups found.
2026-09-07 03:48:32 [INFO] Skipping TAO — active systemic position already exists.
2026-09-07 03:48:32 [INFO] Skipping DOT — active systemic position already exists.
2026-09-07 03:48:32 [INFO] Skipping TRX — active systemic position already exists.
2026-09-07 03:48:32 [INFO] --- MADBOT ENGINE CYCLE FINISHED ---
2026-09-07 04:03:04 [INFO] --- MADBOT ENGINE CYCLE STARTED ---
2026-09-07 04:03:10 [INFO] Ledger resolution complete.
2026-09-07 04:03:10 [INFO] Running neural scan on CRYPTO...
2026-09-07 04:03:32 [INFO] Scan complete: 5 setups found.
2026-09-07 04:03:32 [INFO] Skipping TRX — active systemic position already exists.
2026-09-07 04:03:33 [INFO] SUCCESS: Systemic trade logged for ETH.
2026-09-07 04:03:34 [INFO] SUCCESS: Systemic trade logged for XRP.
2026-09-07 04:03:36 [INFO] SUCCESS: Systemic trade logged for LINK.
2026-09-07 04:03:37 [INFO] SUCCESS: Systemic trade logged for AVAX.
2026-09-07 04:03:37 [INFO] --- MADBOT ENGINE CYCLE FINISHED ---
2026-09-07 04:18:04 [INFO] --- MADBOT ENGINE CYCLE STARTED ---
2026-09-07 04:18:11 [INFO] Ledger resolution complete.
2026-09-07 04:18:11 [INFO] Running neural scan on CRYPTO...
2026-09-07 04:18:30 [INFO] Scan complete: 5 setups found.
2026-09-07 04:18:30 [INFO] Skipping TRX — active systemic position already exists.
2026-09-07 04:18:30 [INFO] Skipping ETH — active systemic position already exists.
2026-09-07 04:18:30 [INFO] Skipping XRP — active systemic position already exists.
2026-09-07 04:18:30 [INFO] Skipping LINK — active systemic position already exists.
2026-09-07 04:18:30 [INFO] Skipping AVAX — active systemic position already exists.
2026-09-07 04:18:30 [INFO] --- MADBOT ENGINE CYCLE FINISHED ---
2026-09-07 04:33:04 [INFO] --- MADBOT ENGINE CYCLE STARTED ---
2026-09-07 04:33:11 [INFO] Ledger resolution complete.
2026-09-07 04:33:11 [INFO] Running neural scan on CRYPTO...
2026-09-07 04:33:31 [INFO] Scan complete: 5 setups found.
2026-09-07 04:33:31 [INFO] Skipping TRX — active systemic position already exists.
2026-09-07 04:33:31 [INFO] Skipping ETH — active systemic position already exists.
2026-09-07 04:33:31 [INFO] Skipping XRP — active systemic position already exists.
2026-09-07 04:33:31 [INFO] Skipping LINK — active systemic position already exists.
2026-09-07 04:33:31 [INFO] Skipping AVAX — active systemic position already exists.
2026-09-07 04:33:31 [INFO] --- MADBOT ENGINE CYCLE FINISHED ---
2026-09-07 04:48:04 [INFO] --- MADBOT ENGINE CYCLE STARTED ---
2026-09-07 04:48:11 [INFO] Ledger resolution complete.
2026-09-07 04:48:11 [INFO] Running neural scan on CRYPTO...
2026-09-07 04:48:29 [INFO] Scan complete: 5 setups found.
2026-09-07 04:48:29 [INFO] Skipping TRX — active systemic position already exists.
2026-09-07 04:48:29 [INFO] Skipping ETH — active systemic position already exists.
2026-09-07 04:48:29 [INFO] Skipping XRP — active systemic position already exists.
2026-09-07 04:48:29 [INFO] Skipping LINK — active systemic position already exists.
2026-09-07 04:48:29 [INFO] Skipping AVAX — active systemic position already exists.
2026-09-07 04:48:29 [INFO] --- MADBOT ENGINE CYCLE FINISHED ---
2026-09-07 05:03:04 [INFO] --- MADBOT ENGINE CYCLE STARTED ---
2026-09-07 05:03:10 [INFO] Ledger resolution complete.
2026-09-07 05:03:10 [INFO] Running neural scan on CRYPTO...
2026-09-07 05:03:31 [INFO] Scan complete: 5 setups found.
2026-09-07 05:03:33 [INFO] SUCCESS: Systemic trade logged for SHIB.
2026-09-07 05:03:33 [INFO] Skipping XRP — active systemic position already exists.
2026-09-07 05:03:33 [INFO] Skipping BTC — active systemic position already exists.
2026-09-07 05:03:33 [INFO] Skipping ZEC — active systemic position already exists.
2026-09-07 05:03:33 [INFO] Skipping ETH — active systemic position already exists.
2026-09-07 05:03:33 [INFO] --- MADBOT ENGINE CYCLE FINISHED ---
2026-09-07 05:18:04 [INFO] --- MADBOT ENGINE CYCLE STARTED ---
2026-09-07 05:18:11 [INFO] Ledger resolution complete.
2026-09-07 05:18:11 [INFO] Running neural scan on CRYPTO...
2026-09-07 05:18:31 [INFO] Scan complete: 5 setups found.
2026-09-07 05:18:31 [INFO] Skipping SHIB — active systemic position already exists.
2026-09-07 05:18:31 [INFO] Skipping XRP — active systemic position already exists.
2026-09-07 05:18:31 [INFO] Skipping BTC — active systemic position already exists.
2026-09-07 05:18:31 [INFO] Skipping ZEC — active systemic position already exists.
2026-09-07 05:18:31 [INFO] Skipping ETH — active systemic position already exists.
2026-09-07 05:18:31 [INFO] --- MADBOT ENGINE CYCLE FINISHED ---
2026-09-07 05:33:04 [INFO] --- MADBOT ENGINE CYCLE STARTED ---
2026-09-07 05:33:11 [INFO] Ledger resolution complete.
2026-09-07 05:33:11 [INFO] Running neural scan on CRYPTO...
2026-09-07 05:33:31 [INFO] Scan complete: 5 setups found.
2026-09-07 05:33:31 [INFO] Skipping SHIB — active systemic position already exists.
2026-09-07 05:33:31 [INFO] Skipping XRP — active systemic position already exists.
2026-09-07 05:33:31 [INFO] Skipping BTC — active systemic position already exists.
2026-09-07 05:33:31 [INFO] Skipping ZEC — active systemic position already exists.
2026-09-07 05:33:31 [INFO] Skipping ETH — active systemic position already exists.
2026-09-07 05:33:31 [INFO] --- MADBOT ENGINE CYCLE FINISHED ---
2026-09-07 05:48:04 [INFO] --- MADBOT ENGINE CYCLE STARTED ---
2026-09-07 05:48:10 [INFO] Ledger resolution complete.
2026-09-07 05:48:10 [INFO] Running neural scan on CRYPTO...
2026-09-07 05:48:33 [INFO] Scan complete: 5 setups found.
2026-09-07 05:48:33 [INFO] Skipping SHIB — active systemic position already exists.
2026-09-07 05:48:33 [INFO] Skipping XRP — active systemic position already exists.
2026-09-07 05:48:33 [INFO] Skipping BTC — active systemic position already exists.
2026-09-07 05:48:33 [INFO] Skipping ZEC — active systemic position already exists.
2026-09-07 05:48:33 [INFO] Skipping ETH — active systemic position already exists.
2026-09-07 05:48:33 [INFO] --- MADBOT ENGINE CYCLE FINISHED ---
2026-09-07 06:03:04 [INFO] --- MADBOT ENGINE CYCLE STARTED ---
2026-09-07 06:03:11 [INFO] Ledger resolution complete.
2026-09-07 06:03:11 [INFO] Running neural scan on CRYPTO...
2026-09-07 06:03:30 [INFO] Scan complete: 5 setups found.
2026-09-07 06:03:30 [INFO] Skipping BTC — active systemic position already exists.
2026-09-07 06:03:30 [INFO] Skipping SHIB — active systemic position already exists.
2026-09-07 06:03:30 [INFO] Skipping ETH — active systemic position already exists.
2026-09-07 06:03:31 [INFO] SUCCESS: Systemic trade logged for LINK.
2026-09-07 06:03:31 [INFO] Skipping ZEC — active systemic position already exists.
2026-09-07 06:03:31 [INFO] --- MADBOT ENGINE CYCLE FINISHED ---
2026-09-07 06:18:04 [INFO] --- MADBOT ENGINE CYCLE STARTED ---
2026-09-07 06:18:11 [INFO] Ledger resolution complete.
2026-09-07 06:18:11 [INFO] Running neural scan on CRYPTO...
2026-09-07 06:18:20 [INFO] Scan complete: No valid setups detected.
2026-09-07 06:33:04 [INFO] --- MADBOT ENGINE CYCLE STARTED ---
2026-09-07 06:33:10 [INFO] Ledger resolution complete.
2026-09-07 06:33:10 [INFO] Running neural scan on CRYPTO...
2026-09-07 06:33:29 [INFO] Scan complete: 5 setups found.
2026-09-07 06:33:29 [INFO] Skipping BTC — active systemic position already exists.
2026-09-07 06:33:29 [INFO] Skipping SHIB — active systemic position already exists.
2026-09-07 06:33:29 [INFO] Skipping ETH — active systemic position already exists.
2026-09-07 06:33:29 [INFO] Skipping LINK — active systemic position already exists.
2026-09-07 06:33:29 [INFO] Skipping ZEC — active systemic position already exists.
2026-09-07 06:33:29 [INFO] --- MADBOT ENGINE CYCLE FINISHED ---
2026-09-07 06:48:04 [INFO] --- MADBOT ENGINE CYCLE STARTED ---
2026-09-07 06:48:10 [INFO] Ledger resolution complete.
2026-09-07 06:48:10 [INFO] Running neural scan on CRYPTO...
2026-09-07 06:48:20 [INFO] Scan complete: No valid setups detected.
2026-09-07 07:03:04 [INFO] --- MADBOT ENGINE CYCLE STARTED ---
2026-09-07 07:03:10 [INFO] Ledger resolution complete.
2026-09-07 07:03:10 [INFO] Running neural scan on CRYPTO...
2026-09-07 07:03:30 [INFO] Scan complete: 5 setups found.
2026-09-07 07:03:30 [INFO] Skipping BTC — active systemic position already exists.
2026-09-07 07:03:30 [INFO] Skipping XRP — active systemic position already exists.
2026-09-07 07:03:30 [INFO] Skipping ETH — active systemic position already exists.
2026-09-07 07:03:30 [INFO] Skipping UNI — active systemic position already exists.
2026-09-07 07:03:30 [INFO] Skipping LINK — active systemic position already exists.
2026-09-07 07:03:30 [INFO] --- MADBOT ENGINE CYCLE FINISHED ---
2026-09-07 07:18:04 [INFO] --- MADBOT ENGINE CYCLE STARTED ---
2026-09-07 07:18:10 [INFO] Ledger resolution complete.
2026-09-07 07:18:10 [INFO] Running neural scan on CRYPTO...
2026-09-07 07:18:30 [INFO] Scan complete: 5 setups found.
2026-09-07 07:18:30 [INFO] Skipping BTC — active systemic position already exists.
2026-09-07 07:18:30 [INFO] Skipping XRP — active systemic position already exists.
2026-09-07 07:18:30 [INFO] Skipping ETH — active systemic position already exists.
2026-09-07 07:18:30 [INFO] Skipping UNI — active systemic position already exists.
2026-09-07 07:18:30 [INFO] Skipping LINK — active systemic position already exists.
2026-09-07 07:18:30 [INFO] --- MADBOT ENGINE CYCLE FINISHED ---
2026-09-07 07:33:04 [INFO] --- MADBOT ENGINE CYCLE STARTED ---
2026-09-07 07:33:10 [INFO] Ledger resolution complete.
2026-09-07 07:33:10 [INFO] Running neural scan on CRYPTO...
2026-09-07 07:33:28 [INFO] Scan complete: 5 setups found.
2026-09-07 07:33:28 [INFO] Skipping BTC — active systemic position already exists.
2026-09-07 07:33:28 [INFO] Skipping XRP — active systemic position already exists.
2026-09-07 07:33:28 [INFO] Skipping ETH — active systemic position already exists.
2026-09-07 07:33:28 [INFO] Skipping UNI — active systemic position already exists.
2026-09-07 07:33:28 [INFO] Skipping LINK — active systemic position already exists.
2026-09-07 07:33:28 [INFO] --- MADBOT ENGINE CYCLE FINISHED ---
2026-09-07 07:48:04 [INFO] --- MADBOT ENGINE CYCLE STARTED ---
2026-09-07 07:48:10 [INFO] Ledger resolution complete.
2026-09-07 07:48:10 [INFO] Running neural scan on CRYPTO...
2026-09-07 07:48:31 [INFO] Scan complete: 5 setups found.
2026-09-07 07:48:31 [INFO] Skipping BTC — active systemic position already exists.
2026-09-07 07:48:31 [INFO] Skipping XRP — active systemic position already exists.
2026-09-07 07:48:31 [INFO] Skipping ETH — active systemic position already exists.
2026-09-07 07:48:31 [INFO] Skipping UNI — active systemic position already exists.
2026-09-07 07:48:31 [INFO] Skipping LINK — active systemic position already exists.
2026-09-07 07:48:31 [INFO] --- MADBOT ENGINE CYCLE FINISHED ---
2026-09-07 08:03:04 [INFO] --- MADBOT ENGINE CYCLE STARTED ---
2026-09-07 08:03:10 [INFO] Ledger resolution complete.
2026-09-07 08:03:10 [INFO] Running neural scan on CRYPTO...
2026-09-07 08:03:31 [INFO] Scan complete: 5 setups found.
2026-09-07 08:03:32 [INFO] SUCCESS: Systemic trade logged for LTC.
2026-09-07 08:03:33 [INFO] SUCCESS: Systemic trade logged for ADA.
2026-09-07 08:03:34 [INFO] SUCCESS: Systemic trade logged for PEPE.
2026-09-07 08:03:34 [INFO] Skipping TRX — active systemic position already exists.
2026-09-07 08:03:35 [INFO] SUCCESS: Systemic trade logged for OP.
2026-09-07 08:03:35 [INFO] --- MADBOT ENGINE CYCLE FINISHED ---
2026-09-07 08:18:04 [INFO] --- MADBOT ENGINE CYCLE STARTED ---
2026-09-07 08:18:12 [INFO] Ledger resolution complete.
2026-09-07 08:18:12 [INFO] Running neural scan on CRYPTO...
2026-09-07 08:18:33 [INFO] Scan complete: 5 setups found.
2026-09-07 08:18:33 [INFO] Skipping LTC — active systemic position already exists.
2026-09-07 08:18:33 [INFO] Skipping ADA — active systemic position already exists.
2026-09-07 08:18:33 [INFO] Skipping PEPE — active systemic position already exists.
2026-09-07 08:18:33 [INFO] Skipping TRX — active systemic position already exists.
2026-09-07 08:18:33 [INFO] Skipping OP — active systemic position already exists.
2026-09-07 08:18:33 [INFO] --- MADBOT ENGINE CYCLE FINISHED ---
2026-09-07 08:33:04 [INFO] --- MADBOT ENGINE CYCLE STARTED ---
2026-09-07 08:33:10 [INFO] Ledger resolution complete.
2026-09-07 08:33:10 [INFO] Running neural scan on CRYPTO...
2026-09-07 08:33:19 [INFO] Scan complete: No valid setups detected.
2026-09-07 08:48:04 [INFO] --- MADBOT ENGINE CYCLE STARTED ---
2026-09-07 08:48:10 [INFO] Ledger resolution complete.
2026-09-07 08:48:10 [INFO] Running neural scan on CRYPTO...
2026-09-07 08:48:19 [INFO] Scan complete: No valid setups detected.
2026-09-07 09:03:05 [INFO] --- MADBOT ENGINE CYCLE STARTED ---
2026-09-07 09:03:11 [INFO] Ledger resolution complete.
2026-09-07 09:03:11 [INFO] Running neural scan on CRYPTO...
2026-09-07 09:03:21 [INFO] Scan complete: No valid setups detected.
2026-09-07 09:18:05 [INFO] --- MADBOT ENGINE CYCLE STARTED ---
2026-09-07 09:18:11 [INFO] Ledger resolution complete.
2026-09-07 09:18:11 [INFO] Running neural scan on CRYPTO...
2026-09-07 09:18:21 [INFO] Scan complete: No valid setups detected.
2026-09-07 09:33:05 [INFO] --- MADBOT ENGINE CYCLE STARTED ---
2026-09-07 09:33:12 [INFO] Ledger resolution complete.
2026-09-07 09:33:12 [INFO] Running neural scan on CRYPTO...
2026-09-07 09:33:22 [INFO] Scan complete: No valid setups detected.
2026-09-07 09:48:05 [INFO] --- MADBOT ENGINE CYCLE STARTED ---
2026-09-07 09:48:11 [INFO] Ledger resolution complete.
2026-09-07 09:48:11 [INFO] Running neural scan on CRYPTO...
2026-09-07 09:48:21 [INFO] Scan complete: No valid setups detected.
2026-09-07 10:03:05 [INFO] --- MADBOT ENGINE CYCLE STARTED ---
2026-09-07 10:03:11 [INFO] Ledger resolution complete.
2026-09-07 10:03:11 [INFO] Running neural scan on CRYPTO...
2026-09-07 10:03:21 [INFO] Scan complete: No valid setups detected.
2026-09-07 10:18:05 [INFO] --- MADBOT ENGINE CYCLE STARTED ---
2026-09-07 10:18:12 [INFO] Ledger resolution complete.
2026-09-07 10:18:12 [INFO] Running neural scan on CRYPTO...
2026-09-07 10:18:31 [INFO] Scan complete: 5 setups found.
2026-09-07 10:18:31 [INFO] Skipping TAO — active systemic position already exists.
2026-09-07 10:18:32 [INFO] SUCCESS: Systemic trade logged for ETH.
2026-09-07 10:18:32 [INFO] Skipping SHIB — active systemic position already exists.
2026-09-07 10:18:32 [INFO] Skipping TRX — active systemic position already exists.
2026-09-07 10:18:32 [INFO] Skipping LINK — active systemic position already exists.
2026-09-07 10:18:32 [INFO] --- MADBOT ENGINE CYCLE FINISHED ---
2026-09-07 10:33:06 [INFO] --- MADBOT ENGINE CYCLE STARTED ---
2026-09-07 10:33:11 [INFO] Ledger resolution complete.
2026-09-07 10:33:11 [INFO] Running neural scan on CRYPTO...
2026-09-07 10:33:34 [INFO] Scan complete: 5 setups found.
2026-09-07 10:33:34 [INFO] Skipping TAO — active systemic position already exists.
2026-09-07 10:33:34 [INFO] Skipping ETH — active systemic position already exists.
2026-09-07 10:33:34 [INFO] Skipping SHIB — active systemic position already exists.
2026-09-07 10:33:34 [INFO] Skipping TRX — active systemic position already exists.
2026-09-07 10:33:34 [INFO] Skipping LINK — active systemic position already exists.
2026-09-07 10:33:34 [INFO] --- MADBOT ENGINE CYCLE FINISHED ---
2026-09-07 10:48:05 [INFO] --- MADBOT ENGINE CYCLE STARTED ---
2026-09-07 10:48:11 [INFO] Ledger resolution complete.
2026-09-07 10:48:11 [INFO] Running neural scan on CRYPTO...
2026-09-07 10:48:32 [INFO] Scan complete: 5 setups found.
2026-09-07 10:48:32 [INFO] Skipping TAO — active systemic position already exists.
2026-09-07 10:48:32 [INFO] Skipping ETH — active systemic position already exists.
2026-09-07 10:48:32 [INFO] Skipping SHIB — active systemic position already exists.
2026-09-07 10:48:32 [INFO] Skipping TRX — active systemic position already exists.
2026-09-07 10:48:32 [INFO] Skipping LINK — active systemic position already exists.
2026-09-07 10:48:32 [INFO] --- MADBOT ENGINE CYCLE FINISHED ---
2026-09-07 11:11:11 [INFO] --- MADBOT ENGINE CYCLE STARTED ---
2026-09-07 11:11:11 [INFO] Ledger resolution complete.
2026-09-07 11:11:11 [INFO] Running neural scan on CRYPTO...
2026-09-07 11:11:36 [INFO] Scan complete: 2 setups found.
2026-09-07 11:11:36 [INFO] Skipping TRX — active systemic position already exists.
2026-09-07 11:11:36 [INFO] Skipping TAO — active systemic position already exists.
2026-09-07 11:11:36 [INFO] --- MADBOT ENGINE CYCLE FINISHED ---
2026-09-07 11:18:05 [INFO] --- MADBOT ENGINE CYCLE STARTED ---
2026-09-07 11:18:05 [INFO] Ledger resolution complete.
2026-09-07 11:18:05 [INFO] Running neural scan on CRYPTO...
2026-09-07 11:18:25 [INFO] Scan complete: 2 setups found.
2026-09-07 11:18:25 [INFO] Skipping TRX — active systemic position already exists.
2026-09-07 11:18:25 [INFO] Skipping TAO — active systemic position already exists.
2026-09-07 11:18:25 [INFO] --- MADBOT ENGINE CYCLE FINISHED ---
2026-09-07 11:33:03 [INFO] --- MADBOT ENGINE CYCLE STARTED ---
2026-09-07 11:33:08 [INFO] Ledger resolution complete.
2026-09-07 11:33:08 [INFO] Running neural scan on CRYPTO...
2026-09-07 11:33:25 [INFO] Scan complete: 2 setups found.
2026-09-07 11:33:25 [INFO] Skipping TRX — active systemic position already exists.
2026-09-07 11:33:25 [INFO] Skipping TAO — active systemic position already exists.
2026-09-07 11:33:25 [INFO] --- MADBOT ENGINE CYCLE FINISHED ---
2026-09-07 11:48:03 [INFO] --- MADBOT ENGINE CYCLE STARTED ---
2026-09-07 11:48:07 [INFO] Ledger resolution complete.
2026-09-07 11:48:07 [INFO] Running neural scan on CRYPTO...
2026-09-07 11:48:25 [INFO] Scan complete: 2 setups found.
2026-09-07 11:48:25 [INFO] Skipping TRX — active systemic position already exists.
2026-09-07 11:48:25 [INFO] Skipping TAO — active systemic position already exists.
2026-09-07 11:48:25 [INFO] --- MADBOT ENGINE CYCLE FINISHED ---
2026-09-07 12:03:03 [INFO] --- MADBOT ENGINE CYCLE STARTED ---
2026-09-07 12:03:07 [INFO] Ledger resolution complete.
2026-09-07 12:03:07 [INFO] Running neural scan on CRYPTO...
2026-09-07 12:03:25 [INFO] Scan complete: 3 setups found.
2026-09-07 12:03:25 [INFO] Skipping TRX — active systemic position already exists.
2026-09-07 12:03:25 [INFO] Skipping TAO — active systemic position already exists.
2026-09-07 12:03:26 [INFO] SUCCESS: Systemic trade logged for LTC.
2026-09-07 12:03:26 [INFO] --- MADBOT ENGINE CYCLE FINISHED ---
2026-09-07 12:18:03 [INFO] --- MADBOT ENGINE CYCLE STARTED ---
2026-09-07 12:18:07 [INFO] Ledger resolution complete.
2026-09-07 12:18:07 [INFO] Running neural scan on CRYPTO...
2026-09-07 12:18:23 [INFO] Scan complete: 3 setups found.
2026-09-07 12:18:23 [INFO] Skipping TRX — active systemic position already exists.
2026-09-07 12:18:23 [INFO] Skipping TAO — active systemic position already exists.
2026-09-07 12:18:23 [INFO] Skipping LTC — active systemic position already exists.
2026-09-07 12:18:23 [INFO] --- MADBOT ENGINE CYCLE FINISHED ---
2026-09-07 12:33:03 [INFO] --- MADBOT ENGINE CYCLE STARTED ---
2026-09-07 12:33:07 [INFO] Ledger resolution complete.
2026-09-07 12:33:07 [INFO] Running neural scan on CRYPTO...
2026-09-07 12:33:24 [INFO] Scan complete: 3 setups found.
2026-09-07 12:33:24 [INFO] Skipping TRX — active systemic position already exists.
2026-09-07 12:33:24 [INFO] Skipping TAO — active systemic position already exists.
2026-09-07 12:33:24 [INFO] Skipping LTC — active systemic position already exists.
2026-09-07 12:33:24 [INFO] --- MADBOT ENGINE CYCLE FINISHED ---
2026-09-07 12:48:03 [INFO] --- MADBOT ENGINE CYCLE STARTED ---
2026-09-07 12:48:07 [INFO] Ledger resolution complete.
2026-09-07 12:48:07 [INFO] Running neural scan on CRYPTO...
2026-09-07 12:48:25 [INFO] Scan complete: 3 setups found.
2026-09-07 12:48:25 [INFO] Skipping TRX — active systemic position already exists.
2026-09-07 12:48:25 [INFO] Skipping TAO — active systemic position already exists.
2026-09-07 12:48:25 [INFO] Skipping LTC — active systemic position already exists.
2026-09-07 12:48:25 [INFO] --- MADBOT ENGINE CYCLE FINISHED ---
2026-09-07 13:03:03 [INFO] --- MADBOT ENGINE CYCLE STARTED ---
2026-09-07 13:03:07 [INFO] Ledger resolution complete.
2026-09-07 13:03:07 [INFO] Running neural scan on CRYPTO...
2026-09-07 13:03:26 [INFO] Scan complete: 5 setups found.
2026-09-07 13:03:26 [INFO] Skipping TRX — active systemic position already exists.
2026-09-07 13:03:27 [INFO] SUCCESS: Systemic trade logged for LINK.
2026-09-07 13:03:27 [INFO] Skipping ETH — active systemic position already exists.
2026-09-07 13:03:28 [INFO] SUCCESS: Systemic trade logged for PUMP.
2026-09-07 13:03:29 [INFO] SUCCESS: Systemic trade logged for ATOM.
2026-09-07 13:03:29 [INFO] --- MADBOT ENGINE CYCLE FINISHED ---
2026-09-07 13:18:03 [INFO] --- MADBOT ENGINE CYCLE STARTED ---
2026-09-07 13:18:09 [INFO] Ledger resolution complete.
2026-09-07 13:18:09 [INFO] Running neural scan on CRYPTO...
2026-09-07 13:18:25 [INFO] Scan complete: 5 setups found.
2026-09-07 13:18:25 [INFO] Skipping TRX — active systemic position already exists.
2026-09-07 13:18:25 [INFO] Skipping LINK — active systemic position already exists.
2026-09-07 13:18:25 [INFO] Skipping ETH — active systemic position already exists.
2026-09-07 13:18:25 [INFO] Skipping PUMP — active systemic position already exists.
2026-09-07 13:18:25 [INFO] Skipping ATOM — active systemic position already exists.
2026-09-07 13:18:25 [INFO] --- MADBOT ENGINE CYCLE FINISHED ---
2026-09-07 13:33:03 [INFO] --- MADBOT ENGINE CYCLE STARTED ---
2026-09-07 13:33:07 [INFO] Ledger resolution complete.
2026-09-07 13:33:07 [INFO] Running neural scan on CRYPTO...
2026-09-07 13:33:24 [INFO] Scan complete: 5 setups found.
2026-09-07 13:33:24 [INFO] Skipping TRX — active systemic position already exists.
2026-09-07 13:33:24 [INFO] Skipping LINK — active systemic position already exists.
2026-09-07 13:33:24 [INFO] Skipping ETH — active systemic position already exists.
2026-09-07 13:33:24 [INFO] Skipping PUMP — active systemic position already exists.
2026-09-07 13:33:24 [INFO] Skipping ATOM — active systemic position already exists.
2026-09-07 13:33:24 [INFO] --- MADBOT ENGINE CYCLE FINISHED ---
2026-09-07 13:48:05 [INFO] --- MADBOT ENGINE CYCLE STARTED ---
2026-09-07 13:48:10 [INFO] Ledger resolution complete.
2026-09-07 13:48:10 [INFO] Running neural scan on CRYPTO...
2026-09-07 13:48:26 [INFO] Scan complete: 5 setups found.
2026-09-07 13:48:26 [INFO] Skipping TRX — active systemic position already exists.
2026-09-07 13:48:26 [INFO] Skipping LINK — active systemic position already exists.
2026-09-07 13:48:26 [INFO] Skipping ETH — active systemic position already exists.
2026-09-07 13:48:26 [INFO] Skipping PUMP — active systemic position already exists.
2026-09-07 13:48:26 [INFO] Skipping ATOM — active systemic position already exists.
2026-09-07 13:48:26 [INFO] --- MADBOT ENGINE CYCLE FINISHED ---
2026-09-07 14:03:03 [INFO] --- MADBOT ENGINE CYCLE STARTED ---
2026-09-07 14:03:07 [INFO] Ledger resolution complete.
2026-09-07 14:03:07 [INFO] Running neural scan on CRYPTO...
2026-09-07 14:03:25 [INFO] Scan complete: 1 setups found.
2026-09-07 14:03:25 [INFO] Skipping LTC — active systemic position already exists.
2026-09-07 14:03:25 [INFO] --- MADBOT ENGINE CYCLE FINISHED ---
2026-09-07 14:18:04 [INFO] --- MADBOT ENGINE CYCLE STARTED ---
2026-09-07 14:18:09 [INFO] Ledger resolution complete.
2026-09-07 14:18:09 [INFO] Running neural scan on CRYPTO...
2026-09-07 14:18:29 [INFO] Scan complete: 1 setups found.
2026-09-07 14:18:29 [INFO] Skipping LTC — active systemic position already exists.
2026-09-07 14:18:29 [INFO] --- MADBOT ENGINE CYCLE FINISHED ---
2026-09-07 14:33:04 [INFO] --- MADBOT ENGINE CYCLE STARTED ---
2026-09-07 14:33:09 [INFO] Ledger resolution complete.
2026-09-07 14:33:09 [INFO] Running neural scan on CRYPTO...
2026-09-07 14:33:29 [INFO] Scan complete: 2 setups found.
2026-09-07 14:33:31 [INFO] SUCCESS: Systemic trade logged for WLD.
2026-09-07 14:33:31 [INFO] Skipping LTC — active systemic position already exists.
2026-09-07 14:33:31 [INFO] --- MADBOT ENGINE CYCLE FINISHED ---
2026-09-07 14:48:04 [INFO] --- MADBOT ENGINE CYCLE STARTED ---
2026-09-07 14:48:09 [INFO] Ledger resolution complete.
2026-09-07 14:48:09 [INFO] Running neural scan on CRYPTO...
2026-09-07 14:48:29 [INFO] Scan complete: 2 setups found.
2026-09-07 14:48:29 [INFO] Skipping WLD — active systemic position already exists.
2026-09-07 14:48:29 [INFO] Skipping LTC — active systemic position already exists.
2026-09-07 14:48:29 [INFO] --- MADBOT ENGINE CYCLE FINISHED ---
2026-09-07 15:03:04 [INFO] --- MADBOT ENGINE CYCLE STARTED ---
2026-09-07 15:03:10 [INFO] Ledger resolution complete.
2026-09-07 15:03:10 [INFO] Running neural scan on CRYPTO...
2026-09-07 15:03:30 [INFO] Scan complete: 2 setups found.
2026-09-07 15:03:30 [INFO] Skipping WLD — active systemic position already exists.
2026-09-07 15:03:31 [INFO] SUCCESS: Systemic trade logged for ATOM.
2026-09-07 15:03:31 [INFO] --- MADBOT ENGINE CYCLE FINISHED ---
2026-09-07 15:18:07 [INFO] --- MADBOT ENGINE CYCLE STARTED ---
2026-09-07 15:18:12 [INFO] Ledger resolution complete.
2026-09-07 15:18:12 [INFO] Running neural scan on CRYPTO...
2026-09-07 15:18:34 [INFO] Scan complete: 2 setups found.
2026-09-07 15:18:34 [INFO] Skipping WLD — active systemic position already exists.
2026-09-07 15:18:34 [INFO] Skipping ATOM — active systemic position already exists.
2026-09-07 15:18:34 [INFO] --- MADBOT ENGINE CYCLE FINISHED ---
2026-09-07 15:33:04 [INFO] --- MADBOT ENGINE CYCLE STARTED ---
2026-09-07 15:33:10 [INFO] Ledger resolution complete.
2026-09-07 15:33:10 [INFO] Running neural scan on CRYPTO...
2026-09-07 15:33:29 [INFO] Scan complete: 2 setups found.
2026-09-07 15:33:29 [INFO] Skipping WLD — active systemic position already exists.
2026-09-07 15:33:29 [INFO] Skipping ATOM — active systemic position already exists.
2026-09-07 15:33:29 [INFO] --- MADBOT ENGINE CYCLE FINISHED ---
2026-09-07 15:48:04 [INFO] --- MADBOT ENGINE CYCLE STARTED ---
2026-09-07 15:48:10 [INFO] Ledger resolution complete.
2026-09-07 15:48:10 [INFO] Running neural scan on CRYPTO...
2026-09-07 15:48:27 [INFO] Scan complete: 2 setups found.
2026-09-07 15:48:27 [INFO] Skipping WLD — active systemic position already exists.
2026-09-07 15:48:28 [INFO] Skipping ATOM — active systemic position already exists.
2026-09-07 15:48:28 [INFO] --- MADBOT ENGINE CYCLE FINISHED ---
2026-09-07 16:03:04 [INFO] --- MADBOT ENGINE CYCLE STARTED ---
2026-09-07 16:03:09 [INFO] Ledger resolution complete.
2026-09-07 16:03:09 [INFO] Running neural scan on CRYPTO...
2026-09-07 16:03:27 [INFO] Scan complete: 5 setups found.
2026-09-07 16:03:28 [INFO] SUCCESS: Systemic trade logged for TRX.
2026-09-07 16:03:28 [INFO] Skipping PUMP — active systemic position already exists.
2026-09-07 16:03:28 [INFO] Skipping LTC — active systemic position already exists.
2026-09-07 16:03:29 [INFO] SUCCESS: Systemic trade logged for WLD.
2026-09-07 16:03:29 [INFO] Skipping ATOM — active systemic position already exists.
2026-09-07 16:03:29 [INFO] --- MADBOT ENGINE CYCLE FINISHED ---
2026-09-07 16:18:04 [INFO] --- MADBOT ENGINE CYCLE STARTED ---
2026-09-07 16:18:09 [INFO] Ledger resolution complete.
2026-09-07 16:18:09 [INFO] Running neural scan on CRYPTO...
2026-09-07 16:18:27 [INFO] Scan complete: 5 setups found.
2026-09-07 16:18:27 [INFO] Skipping TRX — active systemic position already exists.
2026-09-07 16:18:27 [INFO] Skipping PUMP — active systemic position already exists.
2026-09-07 16:18:27 [INFO] Skipping LTC — active systemic position already exists.
2026-09-07 16:18:27 [INFO] Skipping WLD — active systemic position already exists.
2026-09-07 16:18:27 [INFO] Skipping ATOM — active systemic position already exists.
2026-09-07 16:18:27 [INFO] --- MADBOT ENGINE CYCLE FINISHED ---
2026-09-07 16:33:04 [INFO] --- MADBOT ENGINE CYCLE STARTED ---
2026-09-07 16:33:09 [INFO] Ledger resolution complete.
2026-09-07 16:33:09 [INFO] Running neural scan on CRYPTO...
2026-09-07 16:33:27 [INFO] Scan complete: 5 setups found.
2026-09-07 16:33:27 [INFO] Skipping TRX — active systemic position already exists.
2026-09-07 16:33:27 [INFO] Skipping PUMP — active systemic position already exists.
2026-09-07 16:33:27 [INFO] Skipping LTC — active systemic position already exists.
2026-09-07 16:33:27 [INFO] Skipping WLD — active systemic position already exists.
2026-09-07 16:33:27 [INFO] Skipping ATOM — active systemic position already exists.
2026-09-07 16:33:27 [INFO] --- MADBOT ENGINE CYCLE FINISHED ---
2026-09-07 16:48:04 [INFO] --- MADBOT ENGINE CYCLE STARTED ---
2026-09-07 16:48:10 [INFO] Ledger resolution complete.
2026-09-07 16:48:10 [INFO] Running neural scan on CRYPTO...
2026-09-07 16:48:28 [INFO] Scan complete: 5 setups found.
2026-09-07 16:48:28 [INFO] Skipping TRX — active systemic position already exists.
2026-09-07 16:48:28 [INFO] Skipping PUMP — active systemic position already exists.
2026-09-07 16:48:28 [INFO] Skipping LTC — active systemic position already exists.
2026-09-07 16:48:28 [INFO] Skipping WLD — active systemic position already exists.
2026-09-07 16:48:28 [INFO] Skipping ATOM — active systemic position already exists.
2026-09-07 16:48:28 [INFO] --- MADBOT ENGINE CYCLE FINISHED ---
2026-09-07 17:03:04 [INFO] --- MADBOT ENGINE CYCLE STARTED ---
2026-09-07 17:03:10 [INFO] Ledger resolution complete.
2026-09-07 17:03:10 [INFO] Running neural scan on CRYPTO...
2026-09-07 17:03:28 [INFO] Scan complete: 2 setups found.
2026-09-07 17:03:29 [INFO] SUCCESS: Systemic trade logged for LTC.
2026-09-07 17:03:29 [INFO] Skipping OP — active systemic position already exists.
2026-09-07 17:03:29 [INFO] --- MADBOT ENGINE CYCLE FINISHED ---
2026-09-07 17:18:04 [INFO] --- MADBOT ENGINE CYCLE STARTED ---
2026-09-07 17:18:10 [INFO] Ledger resolution complete.
2026-09-07 17:18:10 [INFO] Running neural scan on CRYPTO...
2026-09-07 17:18:29 [INFO] Scan complete: 2 setups found.
2026-09-07 17:18:29 [INFO] Skipping LTC — active systemic position already exists.
2026-09-07 17:18:29 [INFO] Skipping OP — active systemic position already exists.
2026-09-07 17:18:29 [INFO] --- MADBOT ENGINE CYCLE FINISHED ---
2026-09-07 17:33:04 [INFO] --- MADBOT ENGINE CYCLE STARTED ---
2026-09-07 17:33:09 [INFO] Ledger resolution complete.
2026-09-07 17:33:09 [INFO] Running neural scan on CRYPTO...
2026-09-07 17:33:27 [INFO] Scan complete: 2 setups found.
2026-09-07 17:33:27 [INFO] Skipping LTC — active systemic position already exists.
2026-09-07 17:33:27 [INFO] Skipping OP — active systemic position already exists.
2026-09-07 17:33:27 [INFO] --- MADBOT ENGINE CYCLE FINISHED ---
2026-09-07 17:48:04 [INFO] --- MADBOT ENGINE CYCLE STARTED ---
2026-09-07 17:48:09 [INFO] Ledger resolution complete.
2026-09-07 17:48:09 [INFO] Running neural scan on CRYPTO...
2026-09-07 17:48:29 [INFO] Scan complete: 2 setups found.
2026-09-07 17:48:29 [INFO] Skipping LTC — active systemic position already exists.
2026-09-07 17:48:29 [INFO] Skipping OP — active systemic position already exists.
2026-09-07 17:48:29 [INFO] --- MADBOT ENGINE CYCLE FINISHED ---
2026-09-07 18:03:04 [INFO] --- MADBOT ENGINE CYCLE STARTED ---
2026-09-07 18:03:09 [INFO] Ledger resolution complete.
2026-09-07 18:03:09 [INFO] Running neural scan on CRYPTO...
2026-09-07 18:03:28 [INFO] Scan complete: 3 setups found.
2026-09-07 18:03:28 [INFO] Skipping TRX — active systemic position already exists.
2026-09-07 18:03:29 [INFO] SUCCESS: Systemic trade logged for PUMP.
2026-09-07 18:03:29 [INFO] Skipping LTC — active systemic position already exists.
2026-09-07 18:03:29 [INFO] --- MADBOT ENGINE CYCLE FINISHED ---
2026-09-07 18:18:04 [INFO] --- MADBOT ENGINE CYCLE STARTED ---
2026-09-07 18:18:09 [INFO] Ledger resolution complete.
2026-09-07 18:18:09 [INFO] Running neural scan on CRYPTO...
2026-09-07 18:18:26 [INFO] Scan complete: 3 setups found.
2026-09-07 18:18:27 [INFO] Skipping TRX — active systemic position already exists.
2026-09-07 18:18:27 [INFO] Skipping PUMP — active systemic position already exists.
2026-09-07 18:18:27 [INFO] Skipping LTC — active systemic position already exists.
2026-09-07 18:18:27 [INFO] --- MADBOT ENGINE CYCLE FINISHED ---
2026-09-07 18:33:04 [INFO] --- MADBOT ENGINE CYCLE STARTED ---
2026-09-07 18:33:09 [INFO] Ledger resolution complete.
2026-09-07 18:33:09 [INFO] Running neural scan on CRYPTO...
2026-09-07 18:33:28 [INFO] Scan complete: 3 setups found.
2026-09-07 18:33:29 [INFO] Skipping TRX — active systemic position already exists.
2026-09-07 18:33:29 [INFO] Skipping PUMP — active systemic position already exists.
2026-09-07 18:33:29 [INFO] Skipping LTC — active systemic position already exists.
2026-09-07 18:33:29 [INFO] --- MADBOT ENGINE CYCLE FINISHED ---
2026-09-07 18:48:04 [INFO] --- MADBOT ENGINE CYCLE STARTED ---
2026-09-07 18:48:09 [INFO] Ledger resolution complete.
2026-09-07 18:48:09 [INFO] Running neural scan on CRYPTO...
2026-09-07 18:48:28 [INFO] Scan complete: 3 setups found.
2026-09-07 18:48:28 [INFO] Skipping TRX — active systemic position already exists.
2026-09-07 18:48:28 [INFO] Skipping PUMP — active systemic position already exists.
2026-09-07 18:48:28 [INFO] Skipping LTC — active systemic position already exists.
2026-09-07 18:48:28 [INFO] --- MADBOT ENGINE CYCLE FINISHED ---
2026-09-07 19:03:04 [INFO] --- MADBOT ENGINE CYCLE STARTED ---
2026-09-07 19:03:10 [INFO] Ledger resolution complete.
2026-09-07 19:03:10 [INFO] Running neural scan on CRYPTO...
2026-09-07 19:03:33 [INFO] Scan complete: 1 setups found.
2026-09-07 19:03:33 [INFO] Skipping PUMP — active systemic position already exists.
2026-09-07 19:03:33 [INFO] --- MADBOT ENGINE CYCLE FINISHED ---
2026-09-07 19:18:04 [INFO] --- MADBOT ENGINE CYCLE STARTED ---
2026-09-07 19:18:09 [INFO] Ledger resolution complete.
2026-09-07 19:18:09 [INFO] Running neural scan on CRYPTO...
2026-09-07 19:18:30 [INFO] Scan complete: 1 setups found.
2026-09-07 19:18:30 [INFO] Skipping PUMP — active systemic position already exists.
2026-09-07 19:18:30 [INFO] --- MADBOT ENGINE CYCLE FINISHED ---
2026-09-07 19:33:04 [INFO] --- MADBOT ENGINE CYCLE STARTED ---
2026-09-07 19:33:09 [INFO] Ledger resolution complete.
2026-09-07 19:33:09 [INFO] Running neural scan on CRYPTO...
2026-09-07 19:33:33 [INFO] Scan complete: 1 setups found.
2026-09-07 19:33:33 [INFO] Skipping PUMP — active systemic position already exists.
2026-09-07 19:33:33 [INFO] --- MADBOT ENGINE CYCLE FINISHED ---
2026-09-07 19:48:04 [INFO] --- MADBOT ENGINE CYCLE STARTED ---
2026-09-07 19:48:09 [INFO] Ledger resolution complete.
2026-09-07 19:48:09 [INFO] Running neural scan on CRYPTO...
2026-09-07 19:48:29 [INFO] Scan complete: 1 setups found.
2026-09-07 19:48:29 [INFO] Skipping PUMP — active systemic position already exists.
2026-09-07 19:48:29 [INFO] --- MADBOT ENGINE CYCLE FINISHED ---
2026-09-07 20:03:04 [INFO] --- MADBOT ENGINE CYCLE STARTED ---
2026-09-07 20:03:10 [INFO] Ledger resolution complete.
2026-09-07 20:03:10 [INFO] Running neural scan on CRYPTO...
2026-09-07 20:03:31 [INFO] Scan complete: 5 setups found.
2026-09-07 20:03:32 [INFO] SUCCESS: Systemic trade logged for PEPE.
2026-09-07 20:03:34 [INFO] SUCCESS: Systemic trade logged for LTC.
2026-09-07 20:03:34 [INFO] Skipping ETH — active systemic position already exists.
2026-09-07 20:03:35 [INFO] SUCCESS: Systemic trade logged for SOL.
2026-09-07 20:03:36 [INFO] SUCCESS: Systemic trade logged for XRP.
2026-09-07 20:03:36 [INFO] --- MADBOT ENGINE CYCLE FINISHED ---
2026-09-07 20:18:04 [INFO] --- MADBOT ENGINE CYCLE STARTED ---
2026-09-07 20:18:10 [INFO] Ledger resolution complete.
2026-09-07 20:18:10 [INFO] Running neural scan on CRYPTO...
2026-09-07 20:18:32 [INFO] Scan complete: 5 setups found.
2026-09-07 20:18:32 [INFO] Skipping PEPE — active systemic position already exists.
2026-09-07 20:18:32 [INFO] Skipping LTC — active systemic position already exists.
2026-09-07 20:18:32 [INFO] Skipping ETH — active systemic position already exists.
2026-09-07 20:18:32 [INFO] Skipping SOL — active systemic position already exists.
2026-09-07 20:18:32 [INFO] Skipping XRP — active systemic position already exists.
2026-09-07 20:18:32 [INFO] --- MADBOT ENGINE CYCLE FINISHED ---
2026-09-07 20:33:04 [INFO] --- MADBOT ENGINE CYCLE STARTED ---
2026-09-07 20:33:10 [INFO] Ledger resolution complete.
2026-09-07 20:33:10 [INFO] Running neural scan on CRYPTO...
2026-09-07 20:33:29 [INFO] Scan complete: 5 setups found.
2026-09-07 20:33:29 [INFO] Skipping PEPE — active systemic position already exists.
2026-09-07 20:33:29 [INFO] Skipping LTC — active systemic position already exists.
2026-09-07 20:33:29 [INFO] Skipping ETH — active systemic position already exists.
2026-09-07 20:33:29 [INFO] Skipping SOL — active systemic position already exists.
2026-09-07 20:33:29 [INFO] Skipping XRP — active systemic position already exists.
2026-09-07 20:33:29 [INFO] --- MADBOT ENGINE CYCLE FINISHED ---
2026-09-07 20:48:11 [INFO] --- MADBOT ENGINE CYCLE STARTED ---
2026-09-07 20:48:19 [INFO] Ledger resolution complete.
2026-09-07 20:48:19 [INFO] Running neural scan on CRYPTO...
2026-09-07 20:48:41 [INFO] Scan complete: 5 setups found.
2026-09-07 20:48:41 [INFO] Skipping PEPE — active systemic position already exists.
2026-09-07 20:48:41 [INFO] Skipping LTC — active systemic position already exists.
2026-09-07 20:48:41 [INFO] Skipping ETH — active systemic position already exists.
2026-09-07 20:48:41 [INFO] Skipping SOL — active systemic position already exists.
2026-09-07 20:48:41 [INFO] Skipping XRP — active systemic position already exists.
2026-09-07 20:48:41 [INFO] --- MADBOT ENGINE CYCLE FINISHED ---
2026-09-07 21:03:04 [INFO] --- MADBOT ENGINE CYCLE STARTED ---
2026-09-07 21:03:11 [INFO] Ledger resolution complete.
2026-09-07 21:03:11 [INFO] Running neural scan on CRYPTO...
2026-09-07 21:03:31 [INFO] Scan complete: 2 setups found.
2026-09-07 21:03:31 [INFO] Skipping WLD — active systemic position already exists.
2026-09-07 21:03:32 [INFO] SUCCESS: Systemic trade logged for AVAX.
2026-09-07 21:03:32 [INFO] --- MADBOT ENGINE CYCLE FINISHED ---
2026-09-07 21:18:12 [INFO] --- MADBOT ENGINE CYCLE STARTED ---
2026-09-07 21:18:19 [INFO] Ledger resolution complete.
2026-09-07 21:18:19 [INFO] Running neural scan on CRYPTO...
2026-09-07 21:18:41 [INFO] Scan complete: 2 setups found.
2026-09-07 21:18:41 [INFO] Skipping WLD — active systemic position already exists.
2026-09-07 21:18:41 [INFO] Skipping AVAX — active systemic position already exists.
2026-09-07 21:18:41 [INFO] --- MADBOT ENGINE CYCLE FINISHED ---
2026-09-07 21:33:07 [INFO] --- MADBOT ENGINE CYCLE STARTED ---
2026-09-07 21:33:13 [INFO] Ledger resolution complete.
2026-09-07 21:33:13 [INFO] Running neural scan on CRYPTO...
2026-09-07 21:33:33 [INFO] Scan complete: 2 setups found.
2026-09-07 21:33:33 [INFO] Skipping WLD — active systemic position already exists.
2026-09-07 21:33:33 [INFO] Skipping AVAX — active systemic position already exists.
2026-09-07 21:33:33 [INFO] --- MADBOT ENGINE CYCLE FINISHED ---
2026-09-07 21:48:04 [INFO] --- MADBOT ENGINE CYCLE STARTED ---
2026-09-07 21:48:10 [INFO] Ledger resolution complete.
2026-09-07 21:48:10 [INFO] Running neural scan on CRYPTO...
2026-09-07 21:48:29 [INFO] Scan complete: 2 setups found.
2026-09-07 21:48:29 [INFO] Skipping WLD — active systemic position already exists.
2026-09-07 21:48:29 [INFO] Skipping AVAX — active systemic position already exists.
2026-09-07 21:48:29 [INFO] --- MADBOT ENGINE CYCLE FINISHED ---
2026-09-07 22:03:03 [INFO] --- MADBOT ENGINE CYCLE STARTED ---
2026-09-07 22:03:10 [INFO] Ledger resolution complete.
2026-09-07 22:03:10 [INFO] Running neural scan on CRYPTO...
2026-09-07 22:03:27 [INFO] Scan complete: 4 setups found.
2026-09-07 22:03:28 [INFO] SUCCESS: Systemic trade logged for WLD.
2026-09-07 22:03:28 [INFO] Skipping OP — active systemic position already exists.
2026-09-07 22:03:29 [INFO] SUCCESS: Systemic trade logged for ATOM.
2026-09-07 22:03:29 [INFO] Skipping UNI — active systemic position already exists.
2026-09-07 22:03:29 [INFO] --- MADBOT ENGINE CYCLE FINISHED ---
2026-09-07 22:18:05 [INFO] --- MADBOT ENGINE CYCLE STARTED ---
2026-09-07 22:18:11 [INFO] Ledger resolution complete.
2026-09-07 22:18:11 [INFO] Running neural scan on CRYPTO...
2026-09-07 22:18:31 [INFO] Scan complete: 4 setups found.
2026-09-07 22:18:31 [INFO] Skipping WLD — active systemic position already exists.
2026-09-07 22:18:31 [INFO] Skipping OP — active systemic position already exists.
2026-09-07 22:18:31 [INFO] Skipping ATOM — active systemic position already exists.
2026-09-07 22:18:31 [INFO] Skipping UNI — active systemic position already exists.
2026-09-07 22:18:31 [INFO] --- MADBOT ENGINE CYCLE FINISHED ---
2026-09-07 22:33:04 [INFO] --- MADBOT ENGINE CYCLE STARTED ---
2026-09-07 22:33:11 [INFO] Ledger resolution complete.
2026-09-07 22:33:11 [INFO] Running neural scan on CRYPTO...
2026-09-07 22:33:30 [INFO] Scan complete: 4 setups found.
2026-09-07 22:33:30 [INFO] Skipping WLD — active systemic position already exists.
2026-09-07 22:33:30 [INFO] Skipping OP — active systemic position already exists.
2026-09-07 22:33:30 [INFO] Skipping ATOM — active systemic position already exists.
2026-09-07 22:33:30 [INFO] Skipping UNI — active systemic position already exists.
2026-09-07 22:33:30 [INFO] --- MADBOT ENGINE CYCLE FINISHED ---
2026-09-07 22:48:04 [INFO] --- MADBOT ENGINE CYCLE STARTED ---
2026-09-07 22:48:10 [INFO] Ledger resolution complete.
2026-09-07 22:48:10 [INFO] Running neural scan on CRYPTO...
2026-09-07 22:48:27 [INFO] Scan complete: 4 setups found.
2026-09-07 22:48:27 [INFO] Skipping WLD — active systemic position already exists.
2026-09-07 22:48:27 [INFO] Skipping OP — active systemic position already exists.
2026-09-07 22:48:27 [INFO] Skipping ATOM — active systemic position already exists.
2026-09-07 22:48:27 [INFO] Skipping UNI — active systemic position already exists.
2026-09-07 22:48:27 [INFO] --- MADBOT ENGINE CYCLE FINISHED ---
2026-09-07 23:03:04 [INFO] --- MADBOT ENGINE CYCLE STARTED ---
2026-09-07 23:03:10 [INFO] Ledger resolution complete.
2026-09-07 23:03:10 [INFO] Running neural scan on CRYPTO...
2026-09-07 23:03:28 [INFO] Scan complete: 1 setups found.
2026-09-07 23:03:28 [INFO] Skipping AVAX — active systemic position already exists.
2026-09-07 23:03:28 [INFO] --- MADBOT ENGINE CYCLE FINISHED ---
2026-09-07 23:18:04 [INFO] --- MADBOT ENGINE CYCLE STARTED ---
2026-09-07 23:18:08 [INFO] Ledger resolution complete.
2026-09-07 23:18:08 [INFO] Running neural scan on CRYPTO...
2026-09-07 23:18:28 [INFO] Scan complete: 1 setups found.
2026-09-07 23:18:29 [INFO] Skipping AVAX — active systemic position already exists.
2026-09-07 23:18:29 [INFO] --- MADBOT ENGINE CYCLE FINISHED ---
2026-09-07 23:33:03 [INFO] --- MADBOT ENGINE CYCLE STARTED ---
2026-09-07 23:33:08 [INFO] Ledger resolution complete.
2026-09-07 23:33:08 [INFO] Running neural scan on CRYPTO...
2026-09-07 23:33:30 [INFO] Scan complete: 1 setups found.
2026-09-07 23:33:30 [INFO] Skipping AVAX — active systemic position already exists.
2026-09-07 23:33:30 [INFO] --- MADBOT ENGINE CYCLE FINISHED ---
2026-09-07 23:48:04 [INFO] --- MADBOT ENGINE CYCLE STARTED ---
2026-09-07 23:48:09 [INFO] Ledger resolution complete.
2026-09-07 23:48:09 [INFO] Running neural scan on CRYPTO...
2026-09-07 23:48:26 [INFO] Scan complete: 1 setups found.
2026-09-07 23:48:26 [INFO] Skipping AVAX — active systemic position already exists.
2026-09-07 23:48:26 [INFO] --- MADBOT ENGINE CYCLE FINISHED ---
2026-09-08 00:03:04 [INFO] --- MADBOT ENGINE CYCLE STARTED ---
2026-09-08 00:03:09 [INFO] Ledger resolution complete.
2026-09-08 00:03:09 [INFO] Running neural scan on CRYPTO...
2026-09-08 00:03:26 [INFO] Scan complete: No valid setups detected.
2026-09-08 00:18:04 [INFO] --- MADBOT ENGINE CYCLE STARTED ---
2026-09-08 00:18:09 [INFO] Ledger resolution complete.
2026-09-08 00:18:09 [INFO] Running neural scan on CRYPTO...
2026-09-08 00:18:29 [INFO] Scan complete: No valid setups detected.
2026-09-08 00:33:04 [INFO] --- MADBOT ENGINE CYCLE STARTED ---
2026-09-08 00:33:09 [INFO] Ledger resolution complete.
2026-09-08 00:33:09 [INFO] Running neural scan on CRYPTO...
2026-09-08 00:33:28 [INFO] Scan complete: No valid setups detected.
2026-09-08 00:48:04 [INFO] --- MADBOT ENGINE CYCLE STARTED ---
2026-09-08 00:48:08 [INFO] Ledger resolution complete.
2026-09-08 00:48:08 [INFO] Running neural scan on CRYPTO...
2026-09-08 00:48:27 [INFO] Scan complete: No valid setups detected.
2026-09-08 01:03:04 [INFO] --- MADBOT ENGINE CYCLE STARTED ---
2026-09-08 01:03:09 [INFO] Ledger resolution complete.
2026-09-08 01:03:09 [INFO] Running neural scan on CRYPTO...
2026-09-08 01:03:26 [INFO] Scan complete: 1 setups found.
2026-09-08 01:03:26 [INFO] Skipping AVAX — active systemic position already exists.
2026-09-08 01:03:26 [INFO] --- MADBOT ENGINE CYCLE FINISHED ---
2026-09-08 01:18:04 [INFO] --- MADBOT ENGINE CYCLE STARTED ---
2026-09-08 01:18:10 [INFO] Ledger resolution complete.
2026-09-08 01:18:10 [INFO] Running neural scan on CRYPTO...
2026-09-08 01:18:28 [INFO] Scan complete: 1 setups found.
2026-09-08 01:18:28 [INFO] Skipping AVAX — active systemic position already exists.
2026-09-08 01:18:28 [INFO] --- MADBOT ENGINE CYCLE FINISHED ---
2026-09-08 01:33:04 [INFO] --- MADBOT ENGINE CYCLE STARTED ---
2026-09-08 01:33:09 [INFO] Ledger resolution complete.
2026-09-08 01:33:09 [INFO] Running neural scan on CRYPTO...
2026-09-08 01:33:28 [INFO] Scan complete: 1 setups found.
2026-09-08 01:33:28 [INFO] Skipping AVAX — active systemic position already exists.
2026-09-08 01:33:28 [INFO] --- MADBOT ENGINE CYCLE FINISHED ---
2026-09-08 01:48:04 [INFO] --- MADBOT ENGINE CYCLE STARTED ---
2026-09-08 01:48:08 [INFO] Ledger resolution complete.
2026-09-08 01:48:08 [INFO] Running neural scan on CRYPTO...
2026-09-08 01:48:27 [INFO] Scan complete: 1 setups found.
2026-09-08 01:48:27 [INFO] Skipping AVAX — active systemic position already exists.
2026-09-08 01:48:27 [INFO] --- MADBOT ENGINE CYCLE FINISHED ---
2026-09-08 02:03:04 [INFO] --- MADBOT ENGINE CYCLE STARTED ---
2026-09-08 02:03:08 [INFO] Ledger resolution complete.
2026-09-08 02:03:08 [INFO] Running neural scan on CRYPTO...
2026-09-08 02:03:26 [INFO] Scan complete: No valid setups detected.
2026-09-08 02:18:05 [INFO] --- MADBOT ENGINE CYCLE STARTED ---
2026-09-08 02:18:09 [INFO] Ledger resolution complete.
2026-09-08 02:18:09 [INFO] Running neural scan on CRYPTO...
2026-09-08 02:18:29 [INFO] Scan complete: No valid setups detected.
2026-09-08 02:33:05 [INFO] --- MADBOT ENGINE CYCLE STARTED ---
2026-09-08 02:33:05 [INFO] Ledger resolution complete.
2026-09-08 02:33:05 [INFO] Running neural scan on CRYPTO...
2026-09-08 02:33:27 [INFO] Scan complete: No valid setups detected.
2026-09-08 02:48:05 [INFO] --- MADBOT ENGINE CYCLE STARTED ---
2026-09-08 02:48:09 [INFO] Ledger resolution complete.
2026-09-08 02:48:09 [INFO] Running neural scan on CRYPTO...
2026-09-08 02:48:29 [INFO] Scan complete: No valid setups detected.
2026-09-08 03:03:05 [INFO] --- MADBOT ENGINE CYCLE STARTED ---
2026-09-08 03:03:14 [INFO] Ledger resolution complete.
2026-09-08 03:03:14 [INFO] Running neural scan on CRYPTO...
2026-09-08 03:03:33 [INFO] Scan complete: 1 setups found.
2026-09-08 03:03:33 [INFO] Skipping AVAX — active systemic position already exists.
2026-09-08 03:03:33 [INFO] --- MADBOT ENGINE CYCLE FINISHED ---
2026-09-08 03:18:05 [INFO] --- MADBOT ENGINE CYCLE STARTED ---
2026-09-08 03:18:10 [INFO] Ledger resolution complete.
2026-09-08 03:18:10 [INFO] Running neural scan on CRYPTO...
2026-09-08 03:18:29 [INFO] Scan complete: 1 setups found.
2026-09-08 03:18:29 [INFO] Skipping AVAX — active systemic position already exists.
2026-09-08 03:18:29 [INFO] --- MADBOT ENGINE CYCLE FINISHED ---
2026-09-08 03:33:08 [INFO] --- MADBOT ENGINE CYCLE STARTED ---
2026-09-08 03:33:13 [INFO] Ledger resolution complete.
2026-09-08 03:33:13 [INFO] Running neural scan on CRYPTO...
2026-09-08 03:33:33 [INFO] Scan complete: 1 setups found.
2026-09-08 03:33:33 [INFO] Skipping AVAX — active systemic position already exists.
2026-09-08 03:33:33 [INFO] --- MADBOT ENGINE CYCLE FINISHED ---
2026-09-08 03:48:05 [INFO] --- MADBOT ENGINE CYCLE STARTED ---
2026-09-08 03:48:09 [INFO] Ledger resolution complete.
2026-09-08 03:48:09 [INFO] Running neural scan on CRYPTO...
2026-09-08 03:48:27 [INFO] Scan complete: 1 setups found.
2026-09-08 03:48:27 [INFO] Skipping AVAX — active systemic position already exists.
2026-09-08 03:48:27 [INFO] --- MADBOT ENGINE CYCLE FINISHED ---
2026-09-08 04:03:04 [INFO] --- MADBOT ENGINE CYCLE STARTED ---
2026-09-08 04:03:08 [INFO] Ledger resolution complete.
2026-09-08 04:03:08 [INFO] Running neural scan on CRYPTO...
2026-09-08 04:03:27 [INFO] Scan complete: 1 setups found.
2026-09-08 04:03:27 [INFO] Skipping AVAX — active systemic position already exists.
2026-09-08 04:03:27 [INFO] --- MADBOT ENGINE CYCLE FINISHED ---
2026-09-08 04:18:04 [INFO] --- MADBOT ENGINE CYCLE STARTED ---
2026-09-08 04:18:08 [INFO] Ledger resolution complete.
2026-09-08 04:18:08 [INFO] Running neural scan on CRYPTO...
2026-09-08 04:18:26 [INFO] Scan complete: 1 setups found.
2026-09-08 04:18:26 [INFO] Skipping AVAX — active systemic position already exists.
2026-09-08 04:18:26 [INFO] --- MADBOT ENGINE CYCLE FINISHED ---
2026-09-08 04:33:05 [INFO] --- MADBOT ENGINE CYCLE STARTED ---
2026-09-08 04:33:10 [INFO] Ledger resolution complete.
2026-09-08 04:33:10 [INFO] Running neural scan on CRYPTO...
2026-09-08 04:33:27 [INFO] Scan complete: 1 setups found.
2026-09-08 04:33:27 [INFO] Skipping AVAX — active systemic position already exists.
2026-09-08 04:33:27 [INFO] --- MADBOT ENGINE CYCLE FINISHED ---
2026-09-08 04:48:04 [INFO] --- MADBOT ENGINE CYCLE STARTED ---
2026-09-08 04:48:09 [INFO] Ledger resolution complete.
2026-09-08 04:48:09 [INFO] Running neural scan on CRYPTO...
2026-09-08 04:48:27 [INFO] Scan complete: 1 setups found.
2026-09-08 04:48:27 [INFO] Skipping AVAX — active systemic position already exists.
2026-09-08 04:48:27 [INFO] --- MADBOT ENGINE CYCLE FINISHED ---
2026-09-08 05:03:05 [INFO] --- MADBOT ENGINE CYCLE STARTED ---
2026-09-08 05:03:09 [INFO] Ledger resolution complete.
2026-09-08 05:03:09 [INFO] Running neural scan on CRYPTO...
2026-09-08 05:03:27 [INFO] Scan complete: No valid setups detected.
2026-09-08 05:18:04 [INFO] --- MADBOT ENGINE CYCLE STARTED ---
2026-09-08 05:18:09 [INFO] Ledger resolution complete.
2026-09-08 05:18:09 [INFO] Running neural scan on CRYPTO...
2026-09-08 05:18:26 [INFO] Scan complete: No valid setups detected.
2026-09-08 05:33:05 [INFO] --- MADBOT ENGINE CYCLE STARTED ---
2026-09-08 05:33:09 [INFO] Ledger resolution complete.
2026-09-08 05:33:09 [INFO] Running neural scan on CRYPTO...
2026-09-08 05:33:28 [INFO] Scan complete: No valid setups detected.
2026-09-08 05:48:04 [INFO] --- MADBOT ENGINE CYCLE STARTED ---
2026-09-08 05:48:08 [INFO] Ledger resolution complete.
2026-09-08 05:48:08 [INFO] Running neural scan on CRYPTO...
2026-09-08 05:48:26 [INFO] Scan complete: No valid setups detected.
2026-09-08 06:03:05 [INFO] --- MADBOT ENGINE CYCLE STARTED ---
2026-09-08 06:03:09 [INFO] Ledger resolution complete.
2026-09-08 06:03:09 [INFO] Running neural scan on CRYPTO...
2026-09-08 06:03:29 [INFO] Scan complete: 1 setups found.
2026-09-08 06:03:29 [INFO] Skipping WLD — active systemic position already exists.
2026-09-08 06:03:29 [INFO] --- MADBOT ENGINE CYCLE FINISHED ---
2026-09-08 06:18:05 [INFO] --- MADBOT ENGINE CYCLE STARTED ---
2026-09-08 06:18:09 [INFO] Ledger resolution complete.
2026-09-08 06:18:09 [INFO] Running neural scan on CRYPTO...
2026-09-08 06:18:30 [INFO] Scan complete: 1 setups found.
2026-09-08 06:18:30 [INFO] Skipping WLD — active systemic position already exists.
2026-09-08 06:18:30 [INFO] --- MADBOT ENGINE CYCLE FINISHED ---
2026-09-08 06:33:05 [INFO] --- MADBOT ENGINE CYCLE STARTED ---
2026-09-08 06:33:10 [INFO] Ledger resolution complete.
2026-09-08 06:33:10 [INFO] Running neural scan on CRYPTO...
2026-09-08 06:33:27 [INFO] Scan complete: 1 setups found.
2026-09-08 06:33:27 [INFO] Skipping WLD — active systemic position already exists.
2026-09-08 06:33:27 [INFO] --- MADBOT ENGINE CYCLE FINISHED ---
2026-09-08 06:48:05 [INFO] --- MADBOT ENGINE CYCLE STARTED ---
2026-09-08 06:48:10 [INFO] Ledger resolution complete.
2026-09-08 06:48:10 [INFO] Running neural scan on CRYPTO...
2026-09-08 06:48:26 [INFO] Scan complete: 1 setups found.
2026-09-08 06:48:26 [INFO] Skipping WLD — active systemic position already exists.
2026-09-08 06:48:26 [INFO] --- MADBOT ENGINE CYCLE FINISHED ---
2026-09-08 07:03:06 [INFO] --- MADBOT ENGINE CYCLE STARTED ---
2026-09-08 07:03:10 [INFO] Ledger resolution complete.
2026-09-08 07:03:10 [INFO] Running neural scan on CRYPTO...
2026-09-08 07:03:27 [INFO] Scan complete: 1 setups found.
2026-09-08 07:03:27 [INFO] Skipping WLD — active systemic position already exists.
2026-09-08 07:03:27 [INFO] --- MADBOT ENGINE CYCLE FINISHED ---
2026-09-08 07:18:05 [INFO] --- MADBOT ENGINE CYCLE STARTED ---
2026-09-08 07:18:09 [INFO] Ledger resolution complete.
2026-09-08 07:18:09 [INFO] Running neural scan on CRYPTO...
2026-09-08 07:18:28 [INFO] Scan complete: 1 setups found.
2026-09-08 07:18:28 [INFO] Skipping WLD — active systemic position already exists.
2026-09-08 07:18:28 [INFO] --- MADBOT ENGINE CYCLE FINISHED ---
2026-09-08 07:33:04 [INFO] --- MADBOT ENGINE CYCLE STARTED ---
2026-09-08 07:33:08 [INFO] Ledger resolution complete.
2026-09-08 07:33:08 [INFO] Running neural scan on CRYPTO...
2026-09-08 07:33:26 [INFO] Scan complete: 1 setups found.
2026-09-08 07:33:26 [INFO] Skipping WLD — active systemic position already exists.
2026-09-08 07:33:26 [INFO] --- MADBOT ENGINE CYCLE FINISHED ---
2026-09-08 07:48:06 [INFO] --- MADBOT ENGINE CYCLE STARTED ---
2026-09-08 07:48:10 [INFO] Ledger resolution complete.
2026-09-08 07:48:10 [INFO] Running neural scan on CRYPTO...
2026-09-08 07:48:27 [INFO] Scan complete: 1 setups found.
2026-09-08 07:48:27 [INFO] Skipping WLD — active systemic position already exists.
2026-09-08 07:48:27 [INFO] --- MADBOT ENGINE CYCLE FINISHED ---
2026-09-08 08:03:06 [INFO] --- MADBOT ENGINE CYCLE STARTED ---
2026-09-08 08:03:11 [INFO] Ledger resolution complete.
2026-09-08 08:03:11 [INFO] Running neural scan on CRYPTO...
2026-09-08 08:03:30 [INFO] Scan complete: 5 setups found.
2026-09-08 08:03:31 [INFO] SUCCESS: Systemic trade logged for WLD.
2026-09-08 08:03:32 [INFO] SUCCESS: Systemic trade logged for BTC.
2026-09-08 08:03:33 [INFO] SUCCESS: Systemic trade logged for XRP.
2026-09-08 08:03:34 [INFO] SUCCESS: Systemic trade logged for DOGE.
2026-09-08 08:03:35 [INFO] SUCCESS: Systemic trade logged for NEAR.
2026-09-08 08:03:35 [INFO] --- MADBOT ENGINE CYCLE FINISHED ---
2026-09-08 08:18:05 [INFO] --- MADBOT ENGINE CYCLE STARTED ---
2026-09-08 08:18:09 [INFO] Ledger resolution complete.
2026-09-08 08:18:09 [INFO] Running neural scan on CRYPTO...
2026-09-08 08:18:25 [INFO] Scan complete: 5 setups found.
2026-09-08 08:18:25 [INFO] Skipping WLD — active systemic position already exists.
2026-09-08 08:18:25 [INFO] Skipping BTC — active systemic position already exists.
2026-09-08 08:18:25 [INFO] Skipping XRP — active systemic position already exists.
2026-09-08 08:18:25 [INFO] Skipping DOGE — active systemic position already exists.
2026-09-08 08:18:25 [INFO] Skipping NEAR — active systemic position already exists.
2026-09-08 08:18:25 [INFO] --- MADBOT ENGINE CYCLE FINISHED ---
2026-09-08 08:33:04 [INFO] --- MADBOT ENGINE CYCLE STARTED ---
2026-09-08 08:33:08 [INFO] Ledger resolution complete.
2026-09-08 08:33:08 [INFO] Running neural scan on CRYPTO...
2026-09-08 08:33:23 [INFO] Scan complete: 5 setups found.
2026-09-08 08:33:23 [INFO] Skipping WLD — active systemic position already exists.
2026-09-08 08:33:23 [INFO] Skipping BTC — active systemic position already exists.
2026-09-08 08:33:23 [INFO] Skipping XRP — active systemic position already exists.
2026-09-08 08:33:23 [INFO] Skipping DOGE — active systemic position already exists.
2026-09-08 08:33:23 [INFO] Skipping NEAR — active systemic position already exists.
2026-09-08 08:33:23 [INFO] --- MADBOT ENGINE CYCLE FINISHED ---
2026-09-08 08:48:04 [INFO] --- MADBOT ENGINE CYCLE STARTED ---
2026-09-08 08:48:09 [INFO] Ledger resolution complete.
2026-09-08 08:48:09 [INFO] Running neural scan on CRYPTO...
2026-09-08 08:48:25 [INFO] Scan complete: 5 setups found.
2026-09-08 08:48:25 [INFO] Skipping WLD — active systemic position already exists.
2026-09-08 08:48:25 [INFO] Skipping BTC — active systemic position already exists.
2026-09-08 08:48:25 [INFO] Skipping XRP — active systemic position already exists.
2026-09-08 08:48:25 [INFO] Skipping DOGE — active systemic position already exists.
2026-09-08 08:48:25 [INFO] Skipping NEAR — active systemic position already exists.
2026-09-08 08:48:25 [INFO] --- MADBOT ENGINE CYCLE FINISHED ---
2026-09-08 09:03:04 [INFO] --- MADBOT ENGINE CYCLE STARTED ---
2026-09-08 09:03:08 [INFO] Ledger resolution complete.
2026-09-08 09:03:08 [INFO] Running neural scan on CRYPTO...
2026-09-08 09:03:24 [INFO] Scan complete: 5 setups found.
2026-09-08 09:03:25 [INFO] SUCCESS: Systemic trade logged for ETH.
2026-09-08 09:03:25 [INFO] Skipping BTC — active systemic position already exists.
2026-09-08 09:03:25 [INFO] Skipping XRP — active systemic position already exists.
2026-09-08 09:03:26 [INFO] SUCCESS: Systemic trade logged for SOL.
2026-09-08 09:03:26 [INFO] Skipping PUMP — active systemic position already exists.
2026-09-08 09:03:26 [INFO] --- MADBOT ENGINE CYCLE FINISHED ---
2026-09-08 09:18:04 [INFO] --- MADBOT ENGINE CYCLE STARTED ---
2026-09-08 09:18:08 [INFO] Ledger resolution complete.
2026-09-08 09:18:08 [INFO] Running neural scan on CRYPTO...
2026-09-08 09:18:24 [INFO] Scan complete: 5 setups found.
2026-09-08 09:18:24 [INFO] Skipping ETH — active systemic position already exists.
2026-09-08 09:18:24 [INFO] Skipping BTC — active systemic position already exists.
2026-09-08 09:18:24 [INFO] Skipping XRP — active systemic position already exists.
2026-09-08 09:18:24 [INFO] Skipping SOL — active systemic position already exists.
2026-09-08 09:18:24 [INFO] Skipping PUMP — active systemic position already exists.
2026-09-08 09:18:24 [INFO] --- MADBOT ENGINE CYCLE FINISHED ---
2026-09-08 09:33:03 [INFO] --- MADBOT ENGINE CYCLE STARTED ---
2026-09-08 09:33:08 [INFO] Ledger resolution complete.
2026-09-08 09:33:08 [INFO] Running neural scan on CRYPTO...
2026-09-08 09:33:25 [INFO] Scan complete: 5 setups found.
2026-09-08 09:33:25 [INFO] Skipping ETH — active systemic position already exists.
2026-09-08 09:33:25 [INFO] Skipping BTC — active systemic position already exists.
2026-09-08 09:33:25 [INFO] Skipping XRP — active systemic position already exists.
2026-09-08 09:33:25 [INFO] Skipping SOL — active systemic position already exists.
2026-09-08 09:33:25 [INFO] Skipping PUMP — active systemic position already exists.
2026-09-08 09:33:25 [INFO] --- MADBOT ENGINE CYCLE FINISHED ---
2026-09-08 09:48:04 [INFO] --- MADBOT ENGINE CYCLE STARTED ---
2026-09-08 09:48:11 [INFO] Ledger resolution complete.
2026-09-08 09:48:11 [INFO] Running neural scan on CRYPTO...
2026-09-08 09:48:26 [INFO] Scan complete: 5 setups found.
2026-09-08 09:48:26 [INFO] Skipping ETH — active systemic position already exists.
2026-09-08 09:48:26 [INFO] Skipping BTC — active systemic position already exists.
2026-09-08 09:48:26 [INFO] Skipping XRP — active systemic position already exists.
2026-09-08 09:48:26 [INFO] Skipping SOL — active systemic position already exists.
2026-09-08 09:48:26 [INFO] Skipping PUMP — active systemic position already exists.
2026-09-08 09:48:26 [INFO] --- MADBOT ENGINE CYCLE FINISHED ---
2026-09-08 10:03:04 [INFO] --- MADBOT ENGINE CYCLE STARTED ---
2026-09-08 10:03:09 [INFO] Ledger resolution complete.
2026-09-08 10:03:09 [INFO] Running neural scan on CRYPTO...
2026-09-08 10:03:22 [INFO] Scan complete: No valid setups detected.
2026-09-08 10:18:03 [INFO] --- MADBOT ENGINE CYCLE STARTED ---
2026-09-08 10:18:07 [INFO] Ledger resolution complete.
2026-09-08 10:18:07 [INFO] Running neural scan on CRYPTO...
2026-09-08 10:18:22 [INFO] Scan complete: No valid setups detected.
2026-09-08 10:33:03 [INFO] --- MADBOT ENGINE CYCLE STARTED ---
2026-09-08 10:33:08 [INFO] Ledger resolution complete.
2026-09-08 10:33:08 [INFO] Running neural scan on CRYPTO...
2026-09-08 10:33:21 [INFO] Scan complete: No valid setups detected.
2026-09-08 10:48:03 [INFO] --- MADBOT ENGINE CYCLE STARTED ---
2026-09-08 10:48:08 [INFO] Ledger resolution complete.
2026-09-08 10:48:08 [INFO] Running neural scan on CRYPTO...
2026-09-08 10:48:21 [INFO] Scan complete: No valid setups detected.
2026-09-08 11:03:03 [INFO] --- MADBOT ENGINE CYCLE STARTED ---
2026-09-08 11:03:08 [INFO] Ledger resolution complete.
2026-09-08 11:03:08 [INFO] Running neural scan on CRYPTO...
2026-09-08 11:03:23 [INFO] Scan complete: 3 setups found.
2026-09-08 11:03:24 [INFO] SUCCESS: Systemic trade logged for BNB.
2026-09-08 11:03:25 [INFO] SUCCESS: Systemic trade logged for TRX.
2026-09-08 11:03:25 [INFO] SUCCESS: Systemic trade logged for UNI.
2026-09-08 11:03:25 [INFO] --- MADBOT ENGINE CYCLE FINISHED ---
2026-09-08 11:18:04 [INFO] --- MADBOT ENGINE CYCLE STARTED ---
2026-09-08 11:18:09 [INFO] Ledger resolution complete.
2026-09-08 11:18:09 [INFO] Running neural scan on CRYPTO...
2026-09-08 11:18:27 [INFO] Scan complete: 3 setups found.
2026-09-08 11:18:27 [INFO] Skipping BNB — active systemic position already exists.
2026-09-08 11:18:27 [INFO] Skipping TRX — active systemic position already exists.
2026-09-08 11:18:27 [INFO] Skipping UNI — active systemic position already exists.
2026-09-08 11:18:27 [INFO] --- MADBOT ENGINE CYCLE FINISHED ---
2026-09-08 11:33:03 [INFO] --- MADBOT ENGINE CYCLE STARTED ---
2026-09-08 11:33:08 [INFO] Ledger resolution complete.
2026-09-08 11:33:08 [INFO] Running neural scan on CRYPTO...
2026-09-08 11:33:24 [INFO] Scan complete: 3 setups found.
2026-09-08 11:33:24 [INFO] Skipping BNB — active systemic position already exists.
2026-09-08 11:33:24 [INFO] Skipping TRX — active systemic position already exists.
2026-09-08 11:33:24 [INFO] Skipping UNI — active systemic position already exists.
2026-09-08 11:33:24 [INFO] --- MADBOT ENGINE CYCLE FINISHED ---
2026-09-08 11:48:04 [INFO] --- MADBOT ENGINE CYCLE STARTED ---
2026-09-08 11:48:09 [INFO] Ledger resolution complete.
2026-09-08 11:48:09 [INFO] Running neural scan on CRYPTO...
2026-09-08 11:48:24 [INFO] Scan complete: 3 setups found.
2026-09-08 11:48:24 [INFO] Skipping BNB — active systemic position already exists.
2026-09-08 11:48:24 [INFO] Skipping TRX — active systemic position already exists.
2026-09-08 11:48:24 [INFO] Skipping UNI — active systemic position already exists.
2026-09-08 11:48:24 [INFO] --- MADBOT ENGINE CYCLE FINISHED ---
2026-09-08 12:03:04 [INFO] --- MADBOT ENGINE CYCLE STARTED ---
2026-09-08 12:03:09 [INFO] Ledger resolution complete.
2026-09-08 12:03:09 [INFO] Running neural scan on CRYPTO...
2026-09-08 12:03:23 [INFO] Scan complete: 1 setups found.
2026-09-08 12:03:23 [INFO] Skipping BNB — active systemic position already exists.
2026-09-08 12:03:23 [INFO] --- MADBOT ENGINE CYCLE FINISHED ---
2026-09-08 12:18:04 [INFO] --- MADBOT ENGINE CYCLE STARTED ---
2026-09-08 12:18:08 [INFO] Ledger resolution complete.
2026-09-08 12:18:08 [INFO] Running neural scan on CRYPTO...
2026-09-08 12:18:23 [INFO] Scan complete: 1 setups found.
2026-09-08 12:18:23 [INFO] Skipping BNB — active systemic position already exists.
2026-09-08 12:18:23 [INFO] --- MADBOT ENGINE CYCLE FINISHED ---
2026-09-08 12:33:04 [INFO] --- MADBOT ENGINE CYCLE STARTED ---
2026-09-08 12:33:08 [INFO] Ledger resolution complete.
2026-09-08 12:33:08 [INFO] Running neural scan on CRYPTO...
2026-09-08 12:33:24 [INFO] Scan complete: 2 setups found.
2026-09-08 12:33:25 [INFO] SUCCESS: Systemic trade logged for SOPH.
2026-09-08 12:33:25 [INFO] Skipping BNB — active systemic position already exists.
2026-09-08 12:33:25 [INFO] --- MADBOT ENGINE CYCLE FINISHED ---
2026-09-08 12:48:04 [INFO] --- MADBOT ENGINE CYCLE STARTED ---
2026-09-08 12:48:09 [INFO] Ledger resolution complete.
2026-09-08 12:48:09 [INFO] Running neural scan on CRYPTO...
2026-09-08 12:48:25 [INFO] Scan complete: 2 setups found.
2026-09-08 12:48:25 [INFO] Skipping SOPH — active systemic position already exists.
2026-09-08 12:48:25 [INFO] Skipping BNB — active systemic position already exists.
2026-09-08 12:48:25 [INFO] --- MADBOT ENGINE CYCLE FINISHED ---
2026-09-08 13:03:04 [INFO] --- MADBOT ENGINE CYCLE STARTED ---
2026-09-08 13:03:09 [INFO] Ledger resolution complete.
2026-09-08 13:03:09 [INFO] Running neural scan on CRYPTO...
2026-09-08 13:03:24 [INFO] Scan complete: 4 setups found.
2026-09-08 13:03:26 [INFO] SUCCESS: Systemic trade logged for BNB.
2026-09-08 13:03:26 [INFO] Skipping TRX — active systemic position already exists.
2026-09-08 13:03:26 [INFO] Skipping UNI — active systemic position already exists.
2026-09-08 13:03:26 [INFO] Skipping SOPH — active systemic position already exists.
2026-09-08 13:03:26 [INFO] --- MADBOT ENGINE CYCLE FINISHED ---
2026-09-08 13:18:04 [INFO] --- MADBOT ENGINE CYCLE STARTED ---
2026-09-08 13:18:08 [INFO] Ledger resolution complete.
2026-09-08 13:18:08 [INFO] Running neural scan on CRYPTO...
2026-09-08 13:18:23 [INFO] Scan complete: 4 setups found.
2026-09-08 13:18:23 [INFO] Skipping BNB — active systemic position already exists.
2026-09-08 13:18:23 [INFO] Skipping TRX — active systemic position already exists.
2026-09-08 13:18:23 [INFO] Skipping UNI — active systemic position already exists.
2026-09-08 13:18:23 [INFO] Skipping SOPH — active systemic position already exists.
2026-09-08 13:18:23 [INFO] --- MADBOT ENGINE CYCLE FINISHED ---
2026-09-08 13:33:07 [INFO] --- MADBOT ENGINE CYCLE STARTED ---
2026-09-08 13:33:10 [INFO] Ledger resolution complete.
2026-09-08 13:33:10 [INFO] Running neural scan on CRYPTO...
2026-09-08 13:33:26 [INFO] Scan complete: 4 setups found.
2026-09-08 13:33:26 [INFO] Skipping BNB — active systemic position already exists.
2026-09-08 13:33:26 [INFO] Skipping TRX — active systemic position already exists.
2026-09-08 13:33:26 [INFO] Skipping UNI — active systemic position already exists.
2026-09-08 13:33:26 [INFO] Skipping SOPH — active systemic position already exists.
2026-09-08 13:33:26 [INFO] --- MADBOT ENGINE CYCLE FINISHED ---
2026-09-08 13:48:03 [INFO] --- MADBOT ENGINE CYCLE STARTED ---
2026-09-08 13:48:07 [INFO] Ledger resolution complete.
2026-09-08 13:48:07 [INFO] Running neural scan on CRYPTO...
2026-09-08 13:48:22 [INFO] Scan complete: 4 setups found.
2026-09-08 13:48:22 [INFO] Skipping BNB — active systemic position already exists.
2026-09-08 13:48:22 [INFO] Skipping TRX — active systemic position already exists.
2026-09-08 13:48:22 [INFO] Skipping UNI — active systemic position already exists.
2026-09-08 13:48:22 [INFO] Skipping SOPH — active systemic position already exists.
2026-09-08 13:48:22 [INFO] --- MADBOT ENGINE CYCLE FINISHED ---
2026-09-08 14:03:06 [INFO] --- MADBOT ENGINE CYCLE STARTED ---
2026-09-08 14:03:12 [INFO] Ledger resolution complete.
2026-09-08 14:03:12 [INFO] Running neural scan on CRYPTO...
2026-09-08 14:03:30 [INFO] Scan complete: 2 setups found.
2026-09-08 14:03:30 [INFO] Skipping TRX — active systemic position already exists.
2026-09-08 14:03:31 [INFO] SUCCESS: Systemic trade logged for SOPH.
2026-09-08 14:03:31 [INFO] --- MADBOT ENGINE CYCLE FINISHED ---
2026-09-08 14:18:04 [INFO] --- MADBOT ENGINE CYCLE STARTED ---
2026-09-08 14:18:11 [INFO] Ledger resolution complete.
2026-09-08 14:18:11 [INFO] Running neural scan on CRYPTO...
2026-09-08 14:18:20 [INFO] Scan complete: No valid setups detected.
2026-09-08 14:33:05 [INFO] --- MADBOT ENGINE CYCLE STARTED ---
2026-09-08 14:33:11 [INFO] Ledger resolution complete.
2026-09-08 14:33:11 [INFO] Running neural scan on CRYPTO...
2026-09-08 14:33:20 [INFO] Scan complete: No valid setups detected.
2026-09-08 14:48:05 [INFO] --- MADBOT ENGINE CYCLE STARTED ---
2026-09-08 14:48:11 [INFO] Ledger resolution complete.
2026-09-08 14:48:11 [INFO] Running neural scan on CRYPTO...
2026-09-08 14:48:20 [INFO] Scan complete: No valid setups detected.
2026-09-08 15:03:04 [INFO] --- MADBOT ENGINE CYCLE STARTED ---
2026-09-08 15:03:11 [INFO] Ledger resolution complete.
2026-09-08 15:03:11 [INFO] Running neural scan on CRYPTO...
2026-09-08 15:03:19 [INFO] Scan complete: No valid setups detected.
2026-09-08 15:18:04 [INFO] --- MADBOT ENGINE CYCLE STARTED ---
2026-09-08 15:18:11 [INFO] Ledger resolution complete.
2026-09-08 15:18:11 [INFO] Running neural scan on CRYPTO...
2026-09-08 15:18:19 [INFO] Scan complete: No valid setups detected.
2026-09-08 15:33:04 [INFO] --- MADBOT ENGINE CYCLE STARTED ---
2026-09-08 15:33:12 [INFO] Ledger resolution complete.
2026-09-08 15:33:12 [INFO] Running neural scan on CRYPTO...
2026-09-08 15:33:21 [INFO] Scan complete: No valid setups detected.
2026-09-08 15:48:05 [INFO] --- MADBOT ENGINE CYCLE STARTED ---
2026-09-08 15:48:12 [INFO] Ledger resolution complete.
2026-09-08 15:48:12 [INFO] Running neural scan on CRYPTO...
2026-09-08 15:48:29 [INFO] Scan complete: 4 setups found.
2026-09-08 15:48:29 [INFO] Skipping BNB — active systemic position already exists.
2026-09-08 15:48:31 [INFO] SUCCESS: Systemic trade logged for TRX.
2026-09-08 15:48:31 [INFO] Skipping UNI — active systemic position already exists.
2026-09-08 15:48:32 [INFO] SUCCESS: Systemic trade logged for WLD.
2026-09-08 15:48:32 [INFO] --- MADBOT ENGINE CYCLE FINISHED ---
2026-09-08 16:03:05 [INFO] --- MADBOT ENGINE CYCLE STARTED ---
2026-09-08 16:03:10 [INFO] Ledger resolution complete.
2026-09-08 16:03:10 [INFO] Running neural scan on CRYPTO...
2026-09-08 16:03:27 [INFO] Scan complete: 4 setups found.
2026-09-08 16:03:27 [INFO] Skipping TRX — active systemic position already exists.
2026-09-08 16:03:28 [INFO] SUCCESS: Systemic trade logged for BNB.
2026-09-08 16:03:28 [INFO] Skipping SOPH — active systemic position already exists.
2026-09-08 16:03:29 [INFO] SUCCESS: Systemic trade logged for ATOM.
2026-09-08 16:03:29 [INFO] --- MADBOT ENGINE CYCLE FINISHED ---
2026-09-08 16:18:05 [INFO] --- MADBOT ENGINE CYCLE STARTED ---
2026-09-08 16:18:09 [INFO] Ledger resolution complete.
2026-09-08 16:18:09 [INFO] Running neural scan on CRYPTO...
2026-09-08 16:18:27 [INFO] Scan complete: 4 setups found.
2026-09-08 16:18:27 [INFO] Skipping TRX — active systemic position already exists.
2026-09-08 16:18:27 [INFO] Skipping BNB — active systemic position already exists.
2026-09-08 16:18:27 [INFO] Skipping SOPH — active systemic position already exists.
2026-09-08 16:18:27 [INFO] Skipping ATOM — active systemic position already exists.
2026-09-08 16:18:27 [INFO] --- MADBOT ENGINE CYCLE FINISHED ---
2026-09-08 16:33:04 [INFO] --- MADBOT ENGINE CYCLE STARTED ---
2026-09-08 16:33:10 [INFO] Ledger resolution complete.
2026-09-08 16:33:10 [INFO] Running neural scan on CRYPTO...
2026-09-08 16:33:26 [INFO] Scan complete: 4 setups found.
2026-09-08 16:33:26 [INFO] Skipping TRX — active systemic position already exists.
2026-09-08 16:33:26 [INFO] Skipping BNB — active systemic position already exists.
2026-09-08 16:33:26 [INFO] Skipping SOPH — active systemic position already exists.
2026-09-08 16:33:26 [INFO] Skipping ATOM — active systemic position already exists.
2026-09-08 16:33:26 [INFO] --- MADBOT ENGINE CYCLE FINISHED ---
2026-09-08 16:48:04 [INFO] --- MADBOT ENGINE CYCLE STARTED ---
2026-09-08 16:48:09 [INFO] Ledger resolution complete.
2026-09-08 16:48:09 [INFO] Running neural scan on CRYPTO...
2026-09-08 16:48:26 [INFO] Scan complete: 4 setups found.
2026-09-08 16:48:26 [INFO] Skipping TRX — active systemic position already exists.
2026-09-08 16:48:26 [INFO] Skipping BNB — active systemic position already exists.
2026-09-08 16:48:26 [INFO] Skipping SOPH — active systemic position already exists.
2026-09-08 16:48:26 [INFO] Skipping ATOM — active systemic position already exists.
2026-09-08 16:48:26 [INFO] --- MADBOT ENGINE CYCLE FINISHED ---
2026-09-08 17:03:04 [INFO] --- MADBOT ENGINE CYCLE STARTED ---
2026-09-08 17:03:09 [INFO] Ledger resolution complete.
2026-09-08 17:03:09 [INFO] Running neural scan on CRYPTO...
2026-09-08 17:03:25 [INFO] Scan complete: 5 setups found.
2026-09-08 17:03:26 [INFO] SUCCESS: Systemic trade logged for SOPH.
2026-09-08 17:03:26 [INFO] Skipping TRX — active systemic position already exists.
2026-09-08 17:03:27 [INFO] SUCCESS: Systemic trade logged for XRP.
2026-09-08 17:03:27 [INFO] Skipping AVAX — active systemic position already exists.
2026-09-08 17:03:28 [INFO] SUCCESS: Systemic trade logged for ETH.
2026-09-08 17:03:28 [INFO] --- MADBOT ENGINE CYCLE FINISHED ---
2026-09-08 17:18:06 [INFO] --- MADBOT ENGINE CYCLE STARTED ---
2026-09-08 17:18:11 [INFO] Ledger resolution complete.
2026-09-08 17:18:11 [INFO] Running neural scan on CRYPTO...
2026-09-08 17:18:31 [INFO] Scan complete: 5 setups found.
2026-09-08 17:18:31 [INFO] Skipping SOPH — active systemic position already exists.
2026-09-08 17:18:31 [INFO] Skipping TRX — active systemic position already exists.
2026-09-08 17:18:31 [INFO] Skipping XRP — active systemic position already exists.
2026-09-08 17:18:31 [INFO] Skipping AVAX — active systemic position already exists.
2026-09-08 17:18:31 [INFO] Skipping ETH — active systemic position already exists.
2026-09-08 17:18:31 [INFO] --- MADBOT ENGINE CYCLE FINISHED ---
2026-09-08 17:33:05 [INFO] --- MADBOT ENGINE CYCLE STARTED ---
2026-09-08 17:33:10 [INFO] Ledger resolution complete.
2026-09-08 17:33:10 [INFO] Running neural scan on CRYPTO...
2026-09-08 17:33:28 [INFO] Scan complete: 5 setups found.
2026-09-08 17:33:28 [INFO] Skipping SOPH — active systemic position already exists.
2026-09-08 17:33:28 [INFO] Skipping TRX — active systemic position already exists.
2026-09-08 17:33:28 [INFO] Skipping XRP — active systemic position already exists.
2026-09-08 17:33:28 [INFO] Skipping AVAX — active systemic position already exists.
2026-09-08 17:33:28 [INFO] Skipping ETH — active systemic position already exists.
2026-09-08 17:33:28 [INFO] --- MADBOT ENGINE CYCLE FINISHED ---
2026-09-08 17:48:04 [INFO] --- MADBOT ENGINE CYCLE STARTED ---
2026-09-08 17:48:10 [INFO] Ledger resolution complete.
2026-09-08 17:48:10 [INFO] Running neural scan on CRYPTO...
2026-09-08 17:48:28 [INFO] Scan complete: 5 setups found.
2026-09-08 17:48:28 [INFO] Skipping SOPH — active systemic position already exists.
2026-09-08 17:48:28 [INFO] Skipping TRX — active systemic position already exists.
2026-09-08 17:48:28 [INFO] Skipping XRP — active systemic position already exists.
2026-09-08 17:48:28 [INFO] Skipping AVAX — active systemic position already exists.
2026-09-08 17:48:28 [INFO] Skipping ETH — active systemic position already exists.
2026-09-08 17:48:28 [INFO] --- MADBOT ENGINE CYCLE FINISHED ---
2026-09-08 18:03:04 [INFO] --- MADBOT ENGINE CYCLE STARTED ---
2026-09-08 18:03:09 [INFO] Ledger resolution complete.
2026-09-08 18:03:09 [INFO] Running neural scan on CRYPTO...
2026-09-08 18:03:26 [INFO] Scan complete: 1 setups found.
2026-09-08 18:03:26 [INFO] Skipping BNB — active systemic position already exists.
2026-09-08 18:03:26 [INFO] --- MADBOT ENGINE CYCLE FINISHED ---
2026-09-08 18:18:03 [INFO] --- MADBOT ENGINE CYCLE STARTED ---
2026-09-08 18:18:09 [INFO] Ledger resolution complete.
2026-09-08 18:18:09 [INFO] Running neural scan on CRYPTO...
2026-09-08 18:18:27 [INFO] Scan complete: 1 setups found.
2026-09-08 18:18:28 [INFO] Skipping BNB — active systemic position already exists.
2026-09-08 18:18:28 [INFO] --- MADBOT ENGINE CYCLE FINISHED ---
2026-09-08 18:33:03 [INFO] --- MADBOT ENGINE CYCLE STARTED ---
2026-09-08 18:33:08 [INFO] Ledger resolution complete.
2026-09-08 18:33:08 [INFO] Running neural scan on CRYPTO...
2026-09-08 18:33:28 [INFO] Scan complete: 1 setups found.
2026-09-08 18:33:28 [INFO] Skipping BNB — active systemic position already exists.
2026-09-08 18:33:28 [INFO] --- MADBOT ENGINE CYCLE FINISHED ---
2026-09-08 18:48:03 [INFO] --- MADBOT ENGINE CYCLE STARTED ---
2026-09-08 18:48:08 [INFO] Ledger resolution complete.
2026-09-08 18:48:08 [INFO] Running neural scan on CRYPTO...
2026-09-08 18:48:25 [INFO] Scan complete: 1 setups found.
2026-09-08 18:48:25 [INFO] Skipping BNB — active systemic position already exists.
2026-09-08 18:48:25 [INFO] --- MADBOT ENGINE CYCLE FINISHED ---
2026-09-08 19:03:03 [INFO] --- MADBOT ENGINE CYCLE STARTED ---
2026-09-08 19:03:08 [INFO] Ledger resolution complete.
2026-09-08 19:03:08 [INFO] Running neural scan on CRYPTO...
2026-09-08 19:03:26 [INFO] Scan complete: 2 setups found.
2026-09-08 19:03:26 [INFO] Skipping TRX — active systemic position already exists.
2026-09-08 19:03:26 [INFO] Skipping ATOM — active systemic position already exists.
2026-09-08 19:03:26 [INFO] --- MADBOT ENGINE CYCLE FINISHED ---
2026-09-08 19:18:05 [INFO] --- MADBOT ENGINE CYCLE STARTED ---
2026-09-08 19:18:10 [INFO] Ledger resolution complete.
2026-09-08 19:18:10 [INFO] Running neural scan on CRYPTO...
2026-09-08 19:18:26 [INFO] Scan complete: 2 setups found.
2026-09-08 19:18:26 [INFO] Skipping TRX — active systemic position already exists.
2026-09-08 19:18:27 [INFO] SUCCESS: Systemic trade logged for ATOM.
2026-09-08 19:18:27 [INFO] --- MADBOT ENGINE CYCLE FINISHED ---
2026-09-08 19:33:03 [INFO] --- MADBOT ENGINE CYCLE STARTED ---
2026-09-08 19:33:08 [INFO] Ledger resolution complete.
2026-09-08 19:33:08 [INFO] Running neural scan on CRYPTO...
2026-09-08 19:33:26 [INFO] Scan complete: 2 setups found.
2026-09-08 19:33:26 [INFO] Skipping TRX — active systemic position already exists.
2026-09-08 19:33:26 [INFO] Skipping ATOM — active systemic position already exists.
2026-09-08 19:33:26 [INFO] --- MADBOT ENGINE CYCLE FINISHED ---
2026-09-08 19:48:03 [INFO] --- MADBOT ENGINE CYCLE STARTED ---
2026-09-08 19:48:09 [INFO] Ledger resolution complete.
2026-09-08 19:48:09 [INFO] Running neural scan on CRYPTO...
2026-09-08 19:48:26 [INFO] Scan complete: 2 setups found.
2026-09-08 19:48:26 [INFO] Skipping TRX — active systemic position already exists.
2026-09-08 19:48:26 [INFO] Skipping ATOM — active systemic position already exists.
2026-09-08 19:48:26 [INFO] --- MADBOT ENGINE CYCLE FINISHED ---
2026-09-08 20:03:04 [INFO] --- MADBOT ENGINE CYCLE STARTED ---
2026-09-08 20:03:09 [INFO] Ledger resolution complete.
2026-09-08 20:03:09 [INFO] Running neural scan on CRYPTO...
2026-09-08 20:03:27 [INFO] Scan complete: 5 setups found.
2026-09-08 20:03:28 [INFO] SUCCESS: Systemic trade logged for LTC.
2026-09-08 20:03:29 [INFO] SUCCESS: Systemic trade logged for PEPE.
2026-09-08 20:03:29 [INFO] Skipping ATOM — active systemic position already exists.
2026-09-08 20:03:29 [INFO] Skipping XRP — active systemic position already exists.
2026-09-08 20:03:29 [INFO] Skipping OP — active systemic position already exists.
2026-09-08 20:03:29 [INFO] --- MADBOT ENGINE CYCLE FINISHED ---
2026-09-08 20:18:04 [INFO] --- MADBOT ENGINE CYCLE STARTED ---
2026-09-08 20:18:09 [INFO] Ledger resolution complete.
2026-09-08 20:18:09 [INFO] Running neural scan on CRYPTO...
2026-09-08 20:18:27 [INFO] Scan complete: 5 setups found.
2026-09-08 20:18:27 [INFO] Skipping LTC — active systemic position already exists.
2026-09-08 20:18:27 [INFO] Skipping PEPE — active systemic position already exists.
2026-09-08 20:18:27 [INFO] Skipping ATOM — active systemic position already exists.
2026-09-08 20:18:27 [INFO] Skipping XRP — active systemic position already exists.
2026-09-08 20:18:27 [INFO] Skipping OP — active systemic position already exists.
2026-09-08 20:18:27 [INFO] --- MADBOT ENGINE CYCLE FINISHED ---
2026-09-08 20:33:03 [INFO] --- MADBOT ENGINE CYCLE STARTED ---
2026-09-08 20:33:09 [INFO] Ledger resolution complete.
2026-09-08 20:33:09 [INFO] Running neural scan on CRYPTO...
2026-09-08 20:33:26 [INFO] Scan complete: 5 setups found.
2026-09-08 20:33:26 [INFO] Skipping LTC — active systemic position already exists.
2026-09-08 20:33:26 [INFO] Skipping PEPE — active systemic position already exists.
2026-09-08 20:33:26 [INFO] Skipping ATOM — active systemic position already exists.
2026-09-08 20:33:26 [INFO] Skipping XRP — active systemic position already exists.
2026-09-08 20:33:26 [INFO] Skipping OP — active systemic position already exists.
2026-09-08 20:33:26 [INFO] --- MADBOT ENGINE CYCLE FINISHED ---
2026-09-08 20:48:03 [INFO] --- MADBOT ENGINE CYCLE STARTED ---
2026-09-08 20:48:08 [INFO] Ledger resolution complete.
2026-09-08 20:48:08 [INFO] Running neural scan on CRYPTO...
2026-09-08 20:48:26 [INFO] Scan complete: 5 setups found.
2026-09-08 20:48:27 [INFO] Skipping LTC — active systemic position already exists.
2026-09-08 20:48:27 [INFO] Skipping PEPE — active systemic position already exists.
2026-09-08 20:48:27 [INFO] Skipping ATOM — active systemic position already exists.
2026-09-08 20:48:27 [INFO] Skipping XRP — active systemic position already exists.
2026-09-08 20:48:27 [INFO] Skipping OP — active systemic position already exists.
2026-09-08 20:48:27 [INFO] --- MADBOT ENGINE CYCLE FINISHED ---
2026-09-08 21:03:03 [INFO] --- MADBOT ENGINE CYCLE STARTED ---
2026-09-08 21:03:10 [INFO] Ledger resolution complete.
2026-09-08 21:03:10 [INFO] Running neural scan on CRYPTO...
2026-09-08 21:03:29 [INFO] Scan complete: 1 setups found.
2026-09-08 21:03:29 [INFO] Skipping XRP — active systemic position already exists.
2026-09-08 21:03:29 [INFO] --- MADBOT ENGINE CYCLE FINISHED ---
2026-09-08 21:18:04 [INFO] --- MADBOT ENGINE CYCLE STARTED ---
2026-09-08 21:18:09 [INFO] Ledger resolution complete.
2026-09-08 21:18:09 [INFO] Running neural scan on CRYPTO...
2026-09-08 21:18:27 [INFO] Scan complete: 1 setups found.
2026-09-08 21:18:27 [INFO] Skipping XRP — active systemic position already exists.
2026-09-08 21:18:27 [INFO] --- MADBOT ENGINE CYCLE FINISHED ---
2026-09-08 21:33:05 [INFO] --- MADBOT ENGINE CYCLE STARTED ---
2026-09-08 21:33:09 [INFO] Ledger resolution complete.
2026-09-08 21:33:09 [INFO] Running neural scan on CRYPTO...
2026-09-08 21:33:27 [INFO] Scan complete: 1 setups found.
2026-09-08 21:33:27 [INFO] Skipping XRP — active systemic position already exists.
2026-09-08 21:33:27 [INFO] --- MADBOT ENGINE CYCLE FINISHED ---
2026-09-08 21:48:04 [INFO] --- MADBOT ENGINE CYCLE STARTED ---
2026-09-08 21:48:08 [INFO] Ledger resolution complete.
2026-09-08 21:48:08 [INFO] Running neural scan on CRYPTO...
2026-09-08 21:48:26 [INFO] Scan complete: 1 setups found.
2026-09-08 21:48:27 [INFO] Skipping XRP — active systemic position already exists.
2026-09-08 21:48:27 [INFO] --- MADBOT ENGINE CYCLE FINISHED ---
2026-09-08 22:03:05 [INFO] --- MADBOT ENGINE CYCLE STARTED ---
2026-09-08 22:03:10 [INFO] Ledger resolution complete.
2026-09-08 22:03:10 [INFO] Running neural scan on CRYPTO...
2026-09-08 22:03:32 [INFO] Scan complete: 5 setups found.
2026-09-08 22:03:33 [INFO] SUCCESS: Systemic trade logged for DOT.
2026-09-08 22:03:33 [INFO] Skipping TRX — active systemic position already exists.
2026-09-08 22:03:34 [INFO] SUCCESS: Systemic trade logged for ETH.
2026-09-08 22:03:34 [INFO] Skipping PEPE — active systemic position already exists.
2026-09-08 22:03:35 [INFO] SUCCESS: Systemic trade logged for XRP.
2026-09-08 22:03:35 [INFO] --- MADBOT ENGINE CYCLE FINISHED ---
2026-09-08 22:18:05 [INFO] --- MADBOT ENGINE CYCLE STARTED ---
2026-09-08 22:18:10 [INFO] Ledger resolution complete.
2026-09-08 22:18:10 [INFO] Running neural scan on CRYPTO...
2026-09-08 22:18:30 [INFO] Scan complete: 5 setups found.
2026-09-08 22:18:30 [INFO] Skipping DOT — active systemic position already exists.
2026-09-08 22:18:30 [INFO] Skipping TRX — active systemic position already exists.
2026-09-08 22:18:30 [INFO] Skipping ETH — active systemic position already exists.
2026-09-08 22:18:30 [INFO] Skipping PEPE — active systemic position already exists.
2026-09-08 22:18:30 [INFO] Skipping XRP — active systemic position already exists.
2026-09-08 22:18:30 [INFO] --- MADBOT ENGINE CYCLE FINISHED ---
2026-09-08 22:33:05 [INFO] --- MADBOT ENGINE CYCLE STARTED ---
2026-09-08 22:33:10 [INFO] Ledger resolution complete.
2026-09-08 22:33:10 [INFO] Running neural scan on CRYPTO...
2026-09-08 22:33:28 [INFO] Scan complete: 5 setups found.
2026-09-08 22:33:28 [INFO] Skipping DOT — active systemic position already exists.
2026-09-08 22:33:28 [INFO] Skipping TRX — active systemic position already exists.
2026-09-08 22:33:28 [INFO] Skipping ETH — active systemic position already exists.
2026-09-08 22:33:28 [INFO] Skipping PEPE — active systemic position already exists.
2026-09-08 22:33:28 [INFO] Skipping XRP — active systemic position already exists.
2026-09-08 22:33:28 [INFO] --- MADBOT ENGINE CYCLE FINISHED ---
2026-09-08 22:48:05 [INFO] --- MADBOT ENGINE CYCLE STARTED ---
2026-09-08 22:48:10 [INFO] Ledger resolution complete.
2026-09-08 22:48:10 [INFO] Running neural scan on CRYPTO...
2026-09-08 22:48:31 [INFO] Scan complete: 5 setups found.
2026-09-08 22:48:31 [INFO] Skipping DOT — active systemic position already exists.
2026-09-08 22:48:31 [INFO] Skipping TRX — active systemic position already exists.
2026-09-08 22:48:31 [INFO] Skipping ETH — active systemic position already exists.
2026-09-08 22:48:31 [INFO] Skipping PEPE — active systemic position already exists.
2026-09-08 22:48:31 [INFO] Skipping XRP — active systemic position already exists.
2026-09-08 22:48:31 [INFO] --- MADBOT ENGINE CYCLE FINISHED ---
2026-09-08 23:03:05 [INFO] --- MADBOT ENGINE CYCLE STARTED ---
2026-09-08 23:03:10 [INFO] Ledger resolution complete.
2026-09-08 23:03:10 [INFO] Running neural scan on CRYPTO...
2026-09-08 23:03:32 [INFO] Scan complete: 5 setups found.
2026-09-08 23:03:33 [INFO] SUCCESS: Systemic trade logged for ADA.
2026-09-08 23:03:33 [INFO] Skipping ETH — active systemic position already exists.
2026-09-08 23:03:33 [INFO] Skipping XRP — active systemic position already exists.
2026-09-08 23:03:34 [INFO] SUCCESS: Systemic trade logged for ATOM.
2026-09-08 23:03:35 [INFO] SUCCESS: Systemic trade logged for NEAR.
2026-09-08 23:03:35 [INFO] --- MADBOT ENGINE CYCLE FINISHED ---
2026-09-08 23:18:05 [INFO] --- MADBOT ENGINE CYCLE STARTED ---
2026-09-08 23:18:11 [INFO] Ledger resolution complete.
2026-09-08 23:18:11 [INFO] Running neural scan on CRYPTO...
2026-09-08 23:18:32 [INFO] Scan complete: 5 setups found.
2026-09-08 23:18:32 [INFO] Skipping ADA — active systemic position already exists.
2026-09-08 23:18:32 [INFO] Skipping ETH — active systemic position already exists.
2026-09-08 23:18:32 [INFO] Skipping XRP — active systemic position already exists.
2026-09-08 23:18:32 [INFO] Skipping ATOM — active systemic position already exists.
2026-09-08 23:18:32 [INFO] Skipping NEAR — active systemic position already exists.
2026-09-08 23:18:32 [INFO] --- MADBOT ENGINE CYCLE FINISHED ---
2026-09-08 23:33:05 [INFO] --- MADBOT ENGINE CYCLE STARTED ---
2026-09-08 23:33:11 [INFO] Ledger resolution complete.
2026-09-08 23:33:11 [INFO] Running neural scan on CRYPTO...
2026-09-08 23:33:30 [INFO] Scan complete: 5 setups found.
2026-09-08 23:33:30 [INFO] Skipping ADA — active systemic position already exists.
2026-09-08 23:33:30 [INFO] Skipping ETH — active systemic position already exists.
2026-09-08 23:33:30 [INFO] Skipping XRP — active systemic position already exists.
2026-09-08 23:33:30 [INFO] Skipping ATOM — active systemic position already exists.
2026-09-08 23:33:30 [INFO] Skipping NEAR — active systemic position already exists.
2026-09-08 23:33:30 [INFO] --- MADBOT ENGINE CYCLE FINISHED ---
2026-09-08 23:48:05 [INFO] --- MADBOT ENGINE CYCLE STARTED ---
2026-09-08 23:48:11 [INFO] Ledger resolution complete.
2026-09-08 23:48:11 [INFO] Running neural scan on CRYPTO...
2026-09-08 23:48:29 [INFO] Scan complete: 5 setups found.
2026-09-08 23:48:29 [INFO] Skipping ADA — active systemic position already exists.
2026-09-08 23:48:29 [INFO] Skipping ETH — active systemic position already exists.
2026-09-08 23:48:29 [INFO] Skipping XRP — active systemic position already exists.
2026-09-08 23:48:29 [INFO] Skipping ATOM — active systemic position already exists.
2026-09-08 23:48:29 [INFO] Skipping NEAR — active systemic position already exists.
2026-09-08 23:48:29 [INFO] --- MADBOT ENGINE CYCLE FINISHED ---
2026-09-09 00:38:12 [INFO] --- MADBOT ENGINE CYCLE STARTED ---
2026-09-09 00:38:17 [INFO] Ledger resolution complete.
2026-09-09 00:38:17 [INFO] Running neural scan on CRYPTO...
2026-09-09 00:38:41 [INFO] Scan complete: 5 setups found.
2026-09-09 00:38:43 [INFO] SUCCESS: Systemic trade logged for XRP.
2026-09-09 00:38:43 [INFO] Skipping TRX — active systemic position already exists.
2026-09-09 00:38:44 [INFO] SUCCESS: Systemic trade logged for ZEC.
2026-09-09 00:38:44 [INFO] Skipping ETH — active systemic position already exists.
2026-09-09 00:38:45 [INFO] SUCCESS: Systemic trade logged for SOL.
2026-09-09 00:38:45 [INFO] --- MADBOT ENGINE CYCLE FINISHED ---
2026-09-09 00:48:04 [INFO] --- MADBOT ENGINE CYCLE STARTED ---
2026-09-09 00:48:08 [INFO] Ledger resolution complete.
2026-09-09 00:48:08 [INFO] Running neural scan on CRYPTO...
2026-09-09 00:48:24 [INFO] Scan complete: 5 setups found.
2026-09-09 00:48:24 [INFO] Skipping XRP — active systemic position already exists.
2026-09-09 00:48:24 [INFO] Skipping TRX — active systemic position already exists.
2026-09-09 00:48:24 [INFO] Skipping ZEC — active systemic position already exists.
2026-09-09 00:48:24 [INFO] Skipping ETH — active systemic position already exists.
2026-09-09 00:48:25 [INFO] SUCCESS: Systemic trade logged for PUMP.
2026-09-09 00:48:25 [INFO] --- MADBOT ENGINE CYCLE FINISHED ---
2026-09-09 01:03:04 [INFO] --- MADBOT ENGINE CYCLE STARTED ---
2026-09-09 01:03:16 [INFO] Ledger resolution complete.
2026-09-09 01:03:16 [INFO] Running neural scan on CRYPTO...
2026-09-09 01:03:45 [INFO] Scan complete: 1 setups found.
2026-09-09 01:03:47 [INFO] SUCCESS: Systemic trade logged for DOT.
2026-09-09 01:03:47 [INFO] --- MADBOT ENGINE CYCLE FINISHED ---
2026-09-09 01:18:04 [INFO] --- MADBOT ENGINE CYCLE STARTED ---
2026-09-09 01:18:13 [INFO] Ledger resolution complete.
2026-09-09 01:18:13 [INFO] Running neural scan on CRYPTO...
2026-09-09 01:18:50 [INFO] Scan complete: 1 setups found.
2026-09-09 01:18:50 [INFO] Skipping DOT — active systemic position already exists.
2026-09-09 01:18:50 [INFO] --- MADBOT ENGINE CYCLE FINISHED ---
2026-09-09 01:33:06 [INFO] --- MADBOT ENGINE CYCLE STARTED ---
2026-09-09 01:33:11 [INFO] Ledger resolution complete.
2026-09-09 01:33:11 [INFO] Running neural scan on CRYPTO...
2026-09-09 01:33:28 [INFO] Scan complete: 1 setups found.
2026-09-09 01:33:28 [INFO] Skipping DOT — active systemic position already exists.
2026-09-09 01:33:28 [INFO] --- MADBOT ENGINE CYCLE FINISHED ---
2026-09-09 01:48:05 [INFO] --- MADBOT ENGINE CYCLE STARTED ---
2026-09-09 01:48:10 [INFO] Ledger resolution complete.
2026-09-09 01:48:10 [INFO] Running neural scan on CRYPTO...
2026-09-09 01:48:31 [INFO] Scan complete: 1 setups found.
2026-09-09 01:48:31 [INFO] Skipping DOT — active systemic position already exists.
2026-09-09 01:48:31 [INFO] --- MADBOT ENGINE CYCLE FINISHED ---
2026-09-09 02:03:03 [INFO] --- MADBOT ENGINE CYCLE STARTED ---
2026-09-09 02:03:08 [INFO] Ledger resolution complete.
2026-09-09 02:03:08 [INFO] Running neural scan on CRYPTO...
2026-09-09 02:03:27 [INFO] Scan complete: 1 setups found.
2026-09-09 02:03:27 [INFO] Skipping XRP — active systemic position already exists.
2026-09-09 02:03:27 [INFO] --- MADBOT ENGINE CYCLE FINISHED ---
2026-09-09 02:18:04 [INFO] --- MADBOT ENGINE CYCLE STARTED ---
2026-09-09 02:18:09 [INFO] Ledger resolution complete.
2026-09-09 02:18:09 [INFO] Running neural scan on CRYPTO...
2026-09-09 02:18:26 [INFO] Scan complete: 1 setups found.
2026-09-09 02:18:26 [INFO] Skipping XRP — active systemic position already exists.
2026-09-09 02:18:26 [INFO] --- MADBOT ENGINE CYCLE FINISHED ---
2026-09-09 02:33:05 [INFO] --- MADBOT ENGINE CYCLE STARTED ---
2026-09-09 02:33:05 [INFO] Ledger resolution complete.
2026-09-09 02:33:05 [INFO] Running neural scan on CRYPTO...
2026-09-09 02:33:26 [INFO] Scan complete: 1 setups found.
2026-09-09 02:33:26 [INFO] Skipping XRP — active systemic position already exists.
2026-09-09 02:33:26 [INFO] --- MADBOT ENGINE CYCLE FINISHED ---
2026-09-09 02:48:04 [INFO] --- MADBOT ENGINE CYCLE STARTED ---
2026-09-09 02:48:09 [INFO] Ledger resolution complete.
2026-09-09 02:48:09 [INFO] Running neural scan on CRYPTO...
2026-09-09 02:48:27 [INFO] Scan complete: 1 setups found.
2026-09-09 02:48:27 [INFO] Skipping XRP — active systemic position already exists.
2026-09-09 02:48:27 [INFO] --- MADBOT ENGINE CYCLE FINISHED ---
2026-09-09 03:03:04 [INFO] --- MADBOT ENGINE CYCLE STARTED ---
2026-09-09 03:03:10 [INFO] Ledger resolution complete.
2026-09-09 03:03:10 [INFO] Running neural scan on CRYPTO...
2026-09-09 03:03:30 [INFO] Scan complete: 1 setups found.
2026-09-09 03:03:30 [INFO] Skipping DOT — active systemic position already exists.
2026-09-09 03:03:30 [INFO] --- MADBOT ENGINE CYCLE FINISHED ---
2026-09-09 03:18:04 [INFO] --- MADBOT ENGINE CYCLE STARTED ---
2026-09-09 03:18:09 [INFO] Ledger resolution complete.
2026-09-09 03:18:09 [INFO] Running neural scan on CRYPTO...
2026-09-09 03:18:27 [INFO] Scan complete: 1 setups found.
2026-09-09 03:18:27 [INFO] Skipping DOT — active systemic position already exists.
2026-09-09 03:18:27 [INFO] --- MADBOT ENGINE CYCLE FINISHED ---
2026-09-09 03:33:10 [INFO] --- MADBOT ENGINE CYCLE STARTED ---
2026-09-09 03:33:16 [INFO] Ledger resolution complete.
2026-09-09 03:33:16 [INFO] Running neural scan on CRYPTO...
2026-09-09 03:33:39 [INFO] Scan complete: 1 setups found.
2026-09-09 03:33:39 [INFO] Skipping DOT — active systemic position already exists.
2026-09-09 03:33:39 [INFO] --- MADBOT ENGINE CYCLE FINISHED ---
2026-09-09 03:48:12 [INFO] --- MADBOT ENGINE CYCLE STARTED ---
2026-09-09 03:48:19 [INFO] Ledger resolution complete.
2026-09-09 03:48:19 [INFO] Running neural scan on CRYPTO...
2026-09-09 03:48:40 [INFO] Scan complete: 1 setups found.
2026-09-09 03:48:40 [INFO] Skipping DOT — active systemic position already exists.
2026-09-09 03:48:40 [INFO] --- MADBOT ENGINE CYCLE FINISHED ---
2026-09-09 04:03:10 [INFO] --- MADBOT ENGINE CYCLE STARTED ---
2026-09-09 04:03:16 [INFO] Ledger resolution complete.
2026-09-09 04:03:16 [INFO] Running neural scan on CRYPTO...
2026-09-09 04:03:34 [INFO] Scan complete: 1 setups found.
2026-09-09 04:03:34 [INFO] Skipping DOT — active systemic position already exists.
2026-09-09 04:03:34 [INFO] --- MADBOT ENGINE CYCLE FINISHED ---
2026-09-09 04:18:06 [INFO] --- MADBOT ENGINE CYCLE STARTED ---
2026-09-09 04:18:11 [INFO] Ledger resolution complete.
2026-09-09 04:18:11 [INFO] Running neural scan on CRYPTO...
2026-09-09 04:18:31 [INFO] Scan complete: 1 setups found.
2026-09-09 04:18:31 [INFO] Skipping DOT — active systemic position already exists.
2026-09-09 04:18:31 [INFO] --- MADBOT ENGINE CYCLE FINISHED ---
2026-09-09 04:33:04 [INFO] --- MADBOT ENGINE CYCLE STARTED ---
2026-09-09 04:33:10 [INFO] Ledger resolution complete.
2026-09-09 04:33:10 [INFO] Running neural scan on CRYPTO...
2026-09-09 04:33:30 [INFO] Scan complete: 1 setups found.
2026-09-09 04:33:30 [INFO] Skipping DOT — active systemic position already exists.
2026-09-09 04:33:30 [INFO] --- MADBOT ENGINE CYCLE FINISHED ---
2026-09-09 04:48:04 [INFO] --- MADBOT ENGINE CYCLE STARTED ---
2026-09-09 04:48:10 [INFO] Ledger resolution complete.
2026-09-09 04:48:10 [INFO] Running neural scan on CRYPTO...
2026-09-09 04:48:27 [INFO] Scan complete: 1 setups found.
2026-09-09 04:48:27 [INFO] Skipping DOT — active systemic position already exists.
2026-09-09 04:48:27 [INFO] --- MADBOT ENGINE CYCLE FINISHED ---
2026-09-09 05:03:04 [INFO] --- MADBOT ENGINE CYCLE STARTED ---
2026-09-09 05:03:10 [INFO] Ledger resolution complete.
2026-09-09 05:03:10 [INFO] Running neural scan on CRYPTO...
2026-09-09 05:03:27 [INFO] Scan complete: 1 setups found.
2026-09-09 05:03:27 [INFO] Skipping ATOM — active systemic position already exists.
2026-09-09 05:03:27 [INFO] --- MADBOT ENGINE CYCLE FINISHED ---
2026-09-09 05:18:04 [INFO] --- MADBOT ENGINE CYCLE STARTED ---
2026-09-09 05:18:09 [INFO] Ledger resolution complete.
2026-09-09 05:18:09 [INFO] Running neural scan on CRYPTO...
2026-09-09 05:18:29 [INFO] Scan complete: 1 setups found.
2026-09-09 05:18:29 [INFO] Skipping ATOM — active systemic position already exists.
2026-09-09 05:18:29 [INFO] --- MADBOT ENGINE CYCLE FINISHED ---
2026-09-09 05:33:04 [INFO] --- MADBOT ENGINE CYCLE STARTED ---
2026-09-09 05:33:09 [INFO] Ledger resolution complete.
2026-09-09 05:33:09 [INFO] Running neural scan on CRYPTO...
2026-09-09 05:33:27 [INFO] Scan complete: 1 setups found.
2026-09-09 05:33:27 [INFO] Skipping ATOM — active systemic position already exists.
2026-09-09 05:33:27 [INFO] --- MADBOT ENGINE CYCLE FINISHED ---
2026-09-09 05:48:04 [INFO] --- MADBOT ENGINE CYCLE STARTED ---
2026-09-09 05:48:09 [INFO] Ledger resolution complete.
2026-09-09 05:48:09 [INFO] Running neural scan on CRYPTO...
2026-09-09 05:48:29 [INFO] Scan complete: 1 setups found.
2026-09-09 05:48:29 [INFO] Skipping ATOM — active systemic position already exists.
2026-09-09 05:48:29 [INFO] --- MADBOT ENGINE CYCLE FINISHED ---
2026-09-09 06:03:06 [INFO] --- MADBOT ENGINE CYCLE STARTED ---
2026-09-09 06:03:11 [INFO] Ledger resolution complete.
2026-09-09 06:03:11 [INFO] Running neural scan on CRYPTO...
2026-09-09 06:03:32 [INFO] Scan complete: 1 setups found.
2026-09-09 06:03:33 [INFO] SUCCESS: Systemic trade logged for ATOM.
2026-09-09 06:03:33 [INFO] --- MADBOT ENGINE CYCLE FINISHED ---
2026-09-09 06:18:04 [INFO] --- MADBOT ENGINE CYCLE STARTED ---
2026-09-09 06:18:09 [INFO] Ledger resolution complete.
2026-09-09 06:18:09 [INFO] Running neural scan on CRYPTO...
2026-09-09 06:18:27 [INFO] Scan complete: 1 setups found.
2026-09-09 06:18:27 [INFO] Skipping ATOM — active systemic position already exists.
2026-09-09 06:18:27 [INFO] --- MADBOT ENGINE CYCLE FINISHED ---
2026-09-09 06:33:04 [INFO] --- MADBOT ENGINE CYCLE STARTED ---
2026-09-09 06:33:28 [INFO] Ledger resolution complete.
2026-09-09 06:33:28 [INFO] Running neural scan on CRYPTO...
2026-09-09 06:33:45 [INFO] Scan complete: 1 setups found.
2026-09-09 06:33:46 [INFO] Skipping ATOM — active systemic position already exists.
2026-09-09 06:33:46 [INFO] --- MADBOT ENGINE CYCLE FINISHED ---
2026-09-09 06:48:04 [INFO] --- MADBOT ENGINE CYCLE STARTED ---
2026-09-09 06:48:09 [INFO] Ledger resolution complete.
2026-09-09 06:48:09 [INFO] Running neural scan on CRYPTO...
2026-09-09 06:48:26 [INFO] Scan complete: 1 setups found.
2026-09-09 06:48:26 [INFO] Skipping ATOM — active systemic position already exists.
2026-09-09 06:48:26 [INFO] --- MADBOT ENGINE CYCLE FINISHED ---
2026-09-09 07:03:04 [INFO] --- MADBOT ENGINE CYCLE STARTED ---
2026-09-09 07:03:09 [INFO] Ledger resolution complete.
2026-09-09 07:03:09 [INFO] Running neural scan on CRYPTO...
2026-09-09 07:03:27 [INFO] Scan complete: 2 setups found.
2026-09-09 07:03:27 [INFO] Skipping TRX — active systemic position already exists.
2026-09-09 07:03:27 [INFO] Skipping ATOM — active systemic position already exists.
2026-09-09 07:03:27 [INFO] --- MADBOT ENGINE CYCLE FINISHED ---
2026-09-09 07:18:04 [INFO] --- MADBOT ENGINE CYCLE STARTED ---
2026-09-09 07:18:10 [INFO] Ledger resolution complete.
2026-09-09 07:18:10 [INFO] Running neural scan on CRYPTO...
2026-09-09 07:18:28 [INFO] Scan complete: 2 setups found.
2026-09-09 07:18:28 [INFO] Skipping TRX — active systemic position already exists.
2026-09-09 07:18:28 [INFO] Skipping ATOM — active systemic position already exists.
2026-09-09 07:18:28 [INFO] --- MADBOT ENGINE CYCLE FINISHED ---
2026-09-09 07:33:04 [INFO] --- MADBOT ENGINE CYCLE STARTED ---
2026-09-09 07:33:09 [INFO] Ledger resolution complete.
2026-09-09 07:33:09 [INFO] Running neural scan on CRYPTO...
2026-09-09 07:33:27 [INFO] Scan complete: 2 setups found.
2026-09-09 07:33:27 [INFO] Skipping TRX — active systemic position already exists.
2026-09-09 07:33:27 [INFO] Skipping ATOM — active systemic position already exists.
2026-09-09 07:33:27 [INFO] --- MADBOT ENGINE CYCLE FINISHED ---
2026-09-09 07:48:04 [INFO] --- MADBOT ENGINE CYCLE STARTED ---
2026-09-09 07:48:09 [INFO] Ledger resolution complete.
2026-09-09 07:48:09 [INFO] Running neural scan on CRYPTO...
2026-09-09 07:48:29 [INFO] Scan complete: 2 setups found.
2026-09-09 07:48:29 [INFO] Skipping TRX — active systemic position already exists.
2026-09-09 07:48:29 [INFO] Skipping ATOM — active systemic position already exists.
2026-09-09 07:48:29 [INFO] --- MADBOT ENGINE CYCLE FINISHED ---
2026-09-09 08:03:04 [INFO] --- MADBOT ENGINE CYCLE STARTED ---
2026-09-09 08:03:09 [INFO] Ledger resolution complete.
2026-09-09 08:03:09 [INFO] Running neural scan on CRYPTO...
2026-09-09 08:03:28 [INFO] Scan complete: 4 setups found.
2026-09-09 08:03:29 [INFO] SUCCESS: Systemic trade logged for DOGE.
2026-09-09 08:03:30 [INFO] SUCCESS: Systemic trade logged for PEPE.
2026-09-09 08:03:30 [INFO] Skipping ATOM — active systemic position already exists.
2026-09-09 08:03:31 [INFO] SUCCESS: Systemic trade logged for NEAR.
2026-09-09 08:03:31 [INFO] --- MADBOT ENGINE CYCLE FINISHED ---
2026-09-09 08:18:04 [INFO] --- MADBOT ENGINE CYCLE STARTED ---
2026-09-09 08:18:09 [INFO] Ledger resolution complete.
2026-09-09 08:18:09 [INFO] Running neural scan on CRYPTO...
2026-09-09 08:18:27 [INFO] Scan complete: 4 setups found.
2026-09-09 08:18:27 [INFO] Skipping DOGE — active systemic position already exists.
2026-09-09 08:18:27 [INFO] Skipping PEPE — active systemic position already exists.
2026-09-09 08:18:27 [INFO] Skipping ATOM — active systemic position already exists.
2026-09-09 08:18:27 [INFO] Skipping NEAR — active systemic position already exists.
2026-09-09 08:18:27 [INFO] --- MADBOT ENGINE CYCLE FINISHED ---
2026-09-09 08:33:04 [INFO] --- MADBOT ENGINE CYCLE STARTED ---
2026-09-09 08:33:09 [INFO] Ledger resolution complete.
2026-09-09 08:33:09 [INFO] Running neural scan on CRYPTO...
2026-09-09 08:33:29 [INFO] Scan complete: 4 setups found.
2026-09-09 08:33:29 [INFO] Skipping DOGE — active systemic position already exists.
2026-09-09 08:33:29 [INFO] Skipping PEPE — active systemic position already exists.
2026-09-09 08:33:29 [INFO] Skipping ATOM — active systemic position already exists.
2026-09-09 08:33:29 [INFO] Skipping NEAR — active systemic position already exists.
2026-09-09 08:33:29 [INFO] --- MADBOT ENGINE CYCLE FINISHED ---
2026-09-09 08:48:04 [INFO] --- MADBOT ENGINE CYCLE STARTED ---
2026-09-09 08:48:09 [INFO] Ledger resolution complete.
2026-09-09 08:48:09 [INFO] Running neural scan on CRYPTO...
2026-09-09 08:48:27 [INFO] Scan complete: 4 setups found.
2026-09-09 08:48:27 [INFO] Skipping DOGE — active systemic position already exists.
2026-09-09 08:48:27 [INFO] Skipping PEPE — active systemic position already exists.
2026-09-09 08:48:27 [INFO] Skipping ATOM — active systemic position already exists.
2026-09-09 08:48:27 [INFO] Skipping NEAR — active systemic position already exists.
2026-09-09 08:48:27 [INFO] --- MADBOT ENGINE CYCLE FINISHED ---
2026-09-09 09:03:04 [INFO] --- MADBOT ENGINE CYCLE STARTED ---
2026-09-09 09:03:10 [INFO] Ledger resolution complete.
2026-09-09 09:03:10 [INFO] Running neural scan on CRYPTO...
2026-09-09 09:03:28 [INFO] Scan complete: 3 setups found.
2026-09-09 09:03:29 [INFO] SUCCESS: Systemic trade logged for BTC.
2026-09-09 09:03:29 [INFO] Skipping ATOM — active systemic position already exists.
2026-09-09 09:03:29 [INFO] Skipping PUMP — active systemic position already exists.
2026-09-09 09:03:29 [INFO] --- MADBOT ENGINE CYCLE FINISHED ---
2026-09-09 09:18:04 [INFO] --- MADBOT ENGINE CYCLE STARTED ---
2026-09-09 09:18:10 [INFO] Ledger resolution complete.
2026-09-09 09:18:10 [INFO] Running neural scan on CRYPTO...
2026-09-09 09:18:30 [INFO] Scan complete: 3 setups found.
2026-09-09 09:18:30 [INFO] Skipping BTC — active systemic position already exists.
2026-09-09 09:18:30 [INFO] Skipping ATOM — active systemic position already exists.
2026-09-09 09:18:30 [INFO] Skipping PUMP — active systemic position already exists.
2026-09-09 09:18:30 [INFO] --- MADBOT ENGINE CYCLE FINISHED ---
2026-09-09 09:33:04 [INFO] --- MADBOT ENGINE CYCLE STARTED ---
2026-09-09 09:33:10 [INFO] Ledger resolution complete.
2026-09-09 09:33:10 [INFO] Running neural scan on CRYPTO...
2026-09-09 09:33:28 [INFO] Scan complete: 3 setups found.
2026-09-09 09:33:28 [INFO] Skipping BTC — active systemic position already exists.
2026-09-09 09:33:28 [INFO] Skipping ATOM — active systemic position already exists.
2026-09-09 09:33:28 [INFO] Skipping PUMP — active systemic position already exists.
2026-09-09 09:33:28 [INFO] --- MADBOT ENGINE CYCLE FINISHED ---
2026-09-09 09:48:04 [INFO] --- MADBOT ENGINE CYCLE STARTED ---
2026-09-09 09:48:09 [INFO] Ledger resolution complete.
2026-09-09 09:48:09 [INFO] Running neural scan on CRYPTO...
2026-09-09 09:48:29 [INFO] Scan complete: 3 setups found.
2026-09-09 09:48:29 [INFO] Skipping BTC — active systemic position already exists.
2026-09-09 09:48:29 [INFO] Skipping ATOM — active systemic position already exists.
2026-09-09 09:48:29 [INFO] Skipping PUMP — active systemic position already exists.
2026-09-09 09:48:29 [INFO] --- MADBOT ENGINE CYCLE FINISHED ---
2026-09-09 10:03:04 [INFO] --- MADBOT ENGINE CYCLE STARTED ---
2026-09-09 10:03:10 [INFO] Ledger resolution complete.
2026-09-09 10:03:10 [INFO] Running neural scan on CRYPTO...
2026-09-09 10:03:28 [INFO] Scan complete: No valid setups detected.
2026-09-09 10:18:06 [INFO] --- MADBOT ENGINE CYCLE STARTED ---
2026-09-09 10:18:11 [INFO] Ledger resolution complete.
2026-09-09 10:18:11 [INFO] Running neural scan on CRYPTO...
2026-09-09 10:18:32 [INFO] Scan complete: No valid setups detected.
2026-09-09 10:33:04 [INFO] --- MADBOT ENGINE CYCLE STARTED ---
2026-09-09 10:33:09 [INFO] Ledger resolution complete.
2026-09-09 10:33:09 [INFO] Running neural scan on CRYPTO...
2026-09-09 10:33:29 [INFO] Scan complete: No valid setups detected.
2026-09-09 10:48:04 [INFO] --- MADBOT ENGINE CYCLE STARTED ---
2026-09-09 10:48:09 [INFO] Ledger resolution complete.
2026-09-09 10:48:09 [INFO] Running neural scan on CRYPTO...
2026-09-09 10:48:28 [INFO] Scan complete: No valid setups detected.
2026-09-09 11:03:04 [INFO] --- MADBOT ENGINE CYCLE STARTED ---
2026-09-09 11:03:10 [INFO] Ledger resolution complete.
2026-09-09 11:03:10 [INFO] Running neural scan on CRYPTO...
2026-09-09 11:03:28 [INFO] Scan complete: 3 setups found.
2026-09-09 11:03:28 [INFO] Skipping ZEC — active systemic position already exists.
2026-09-09 11:03:29 [INFO] SUCCESS: Systemic trade logged for UNI.
2026-09-09 11:03:29 [INFO] Skipping PUMP — active systemic position already exists.
2026-09-09 11:03:29 [INFO] --- MADBOT ENGINE CYCLE FINISHED ---
2026-09-09 11:18:05 [INFO] --- MADBOT ENGINE CYCLE STARTED ---
2026-09-09 11:18:11 [INFO] Ledger resolution complete.
2026-09-09 11:18:11 [INFO] Running neural scan on CRYPTO...
2026-09-09 11:18:33 [INFO] Scan complete: 3 setups found.
2026-09-09 11:18:33 [INFO] Skipping ZEC — active systemic position already exists.
2026-09-09 11:18:33 [INFO] Skipping UNI — active systemic position already exists.
2026-09-09 11:18:33 [INFO] Skipping PUMP — active systemic position already exists.
2026-09-09 11:18:33 [INFO] --- MADBOT ENGINE CYCLE FINISHED ---
2026-09-09 11:33:06 [INFO] --- MADBOT ENGINE CYCLE STARTED ---
2026-09-09 11:33:13 [INFO] Ledger resolution complete.
2026-09-09 11:33:13 [INFO] Running neural scan on CRYPTO...
2026-09-09 11:33:34 [INFO] Scan complete: 3 setups found.
2026-09-09 11:33:34 [INFO] Skipping ZEC — active systemic position already exists.
2026-09-09 11:33:34 [INFO] Skipping UNI — active systemic position already exists.
2026-09-09 11:33:34 [INFO] Skipping PUMP — active systemic position already exists.
2026-09-09 11:33:34 [INFO] --- MADBOT ENGINE CYCLE FINISHED ---
2026-09-09 11:48:05 [INFO] --- MADBOT ENGINE CYCLE STARTED ---
2026-09-09 11:48:12 [INFO] Ledger resolution complete.
2026-09-09 11:48:12 [INFO] Running neural scan on CRYPTO...
2026-09-09 11:48:31 [INFO] Scan complete: 3 setups found.
2026-09-09 11:48:31 [INFO] Skipping ZEC — active systemic position already exists.
2026-09-09 11:48:31 [INFO] Skipping UNI — active systemic position already exists.
2026-09-09 11:48:31 [INFO] Skipping PUMP — active systemic position already exists.
2026-09-09 11:48:31 [INFO] --- MADBOT ENGINE CYCLE FINISHED ---
2026-09-09 12:03:06 [INFO] --- MADBOT ENGINE CYCLE STARTED ---
2026-09-09 12:03:12 [INFO] Ledger resolution complete.
2026-09-09 12:03:12 [INFO] Running neural scan on CRYPTO...
2026-09-09 12:03:31 [INFO] Scan complete: 5 setups found.
2026-09-09 12:03:32 [INFO] SUCCESS: Systemic trade logged for BNB.
2026-09-09 12:03:32 [INFO] Skipping BTC — active systemic position already exists.
2026-09-09 12:03:32 [INFO] Skipping DOGE — active systemic position already exists.
2026-09-09 12:03:32 [INFO] Skipping ATOM — active systemic position already exists.
2026-09-09 12:03:32 [INFO] Skipping ETH — active systemic position already exists.
2026-09-09 12:03:32 [INFO] --- MADBOT ENGINE CYCLE FINISHED ---
2026-09-09 12:18:06 [INFO] --- MADBOT ENGINE CYCLE STARTED ---
2026-09-09 12:18:12 [INFO] Ledger resolution complete.
2026-09-09 12:18:12 [INFO] Running neural scan on CRYPTO...
2026-09-09 12:18:32 [INFO] Scan complete: 5 setups found.
2026-09-09 12:18:32 [INFO] Skipping BNB — active systemic position already exists.
2026-09-09 12:18:32 [INFO] Skipping BTC — active systemic position already exists.
2026-09-09 12:18:32 [INFO] Skipping DOGE — active systemic position already exists.
2026-09-09 12:18:32 [INFO] Skipping ATOM — active systemic position already exists.
2026-09-09 12:18:32 [INFO] Skipping ETH — active systemic position already exists.
2026-09-09 12:18:32 [INFO] --- MADBOT ENGINE CYCLE FINISHED ---
2026-09-09 12:33:06 [INFO] --- MADBOT ENGINE CYCLE STARTED ---
2026-09-09 12:33:12 [INFO] Ledger resolution complete.
2026-09-09 12:33:12 [INFO] Running neural scan on CRYPTO...
2026-09-09 12:33:31 [INFO] Scan complete: 5 setups found.
2026-09-09 12:33:31 [INFO] Skipping BNB — active systemic position already exists.
2026-09-09 12:33:31 [INFO] Skipping BTC — active systemic position already exists.
2026-09-09 12:33:31 [INFO] Skipping DOGE — active systemic position already exists.
2026-09-09 12:33:32 [INFO] SUCCESS: Systemic trade logged for ATOM.
2026-09-09 12:33:32 [INFO] Skipping ETH — active systemic position already exists.
2026-09-09 12:33:32 [INFO] --- MADBOT ENGINE CYCLE FINISHED ---
2026-09-09 12:48:06 [INFO] --- MADBOT ENGINE CYCLE STARTED ---
2026-09-09 12:48:12 [INFO] Ledger resolution complete.
2026-09-09 12:48:12 [INFO] Running neural scan on CRYPTO...
2026-09-09 12:48:30 [INFO] Scan complete: 5 setups found.
2026-09-09 12:48:30 [INFO] Skipping BNB — active systemic position already exists.
2026-09-09 12:48:30 [INFO] Skipping BTC — active systemic position already exists.
2026-09-09 12:48:30 [INFO] Skipping DOGE — active systemic position already exists.
2026-09-09 12:48:30 [INFO] Skipping ATOM — active systemic position already exists.
2026-09-09 12:48:30 [INFO] Skipping ETH — active systemic position already exists.
2026-09-09 12:48:30 [INFO] --- MADBOT ENGINE CYCLE FINISHED ---
2026-09-09 13:03:06 [INFO] --- MADBOT ENGINE CYCLE STARTED ---
2026-09-09 13:03:12 [INFO] Ledger resolution complete.
2026-09-09 13:03:12 [INFO] Running neural scan on CRYPTO...
2026-09-09 13:03:32 [INFO] Scan complete: 3 setups found.
2026-09-09 13:03:32 [INFO] Skipping BTC — active systemic position already exists.
2026-09-09 13:03:32 [INFO] Skipping DOGE — active systemic position already exists.
2026-09-09 13:03:32 [INFO] Skipping ETH — active systemic position already exists.
2026-09-09 13:03:32 [INFO] --- MADBOT ENGINE CYCLE FINISHED ---
2026-09-09 13:18:06 [INFO] --- MADBOT ENGINE CYCLE STARTED ---
2026-09-09 13:18:11 [INFO] Ledger resolution complete.
2026-09-09 13:18:11 [INFO] Running neural scan on CRYPTO...
2026-09-09 13:18:30 [INFO] Scan complete: 3 setups found.
2026-09-09 13:18:31 [INFO] Skipping BTC — active systemic position already exists.
2026-09-09 13:18:31 [INFO] Skipping DOGE — active systemic position already exists.
2026-09-09 13:18:31 [INFO] Skipping ETH — active systemic position already exists.
2026-09-09 13:18:31 [INFO] --- MADBOT ENGINE CYCLE FINISHED ---
2026-09-09 21:32:47 [INFO] --- MADBOT ENGINE CYCLE STARTED ---
2026-09-09 21:32:56 [INFO] Ledger resolution complete.
2026-09-09 21:32:56 [INFO] Running neural scan on CRYPTO...
2026-09-09 21:33:14 [INFO] Scan complete: 5 setups found.
2026-09-09 21:33:15 [INFO] SUCCESS: Systemic trade logged for ZEC.
2026-09-09 21:33:16 [INFO] SUCCESS: Systemic trade logged for ATOM.
2026-09-09 21:33:16 [INFO] Skipping BTC — active systemic position already exists.
2026-09-09 21:33:16 [INFO] Skipping DOGE — active systemic position already exists.
2026-09-09 21:33:16 [INFO] Skipping ETH — active systemic position already exists.
2026-09-09 21:33:16 [INFO] --- MADBOT ENGINE CYCLE FINISHED ---
2026-09-09 21:37:50 [INFO] --- MADBOT ENGINE CYCLE STARTED ---
2026-09-09 21:37:52 [INFO] Ledger resolution complete.
2026-09-09 21:37:52 [INFO] Running neural scan on CRYPTO...
2026-09-09 21:38:13 [INFO] Scan complete: 5 setups found.
2026-09-09 21:38:13 [INFO] Skipping ZEC — active systemic position already exists.
2026-09-09 21:38:13 [INFO] Skipping ATOM — active systemic position already exists.
2026-09-09 21:38:13 [INFO] Skipping BTC — active systemic position already exists.
2026-09-09 21:38:13 [INFO] Skipping DOGE — active systemic position already exists.
2026-09-09 21:38:13 [INFO] Skipping ETH — active systemic position already exists.
2026-09-09 21:38:13 [INFO] --- MADBOT ENGINE CYCLE FINISHED ---
2026-09-09 21:48:04 [INFO] --- MADBOT ENGINE CYCLE STARTED ---
2026-09-09 21:48:08 [INFO] Ledger resolution complete.
2026-09-09 21:48:08 [INFO] Running neural scan on CRYPTO...
2026-09-09 21:48:26 [INFO] Scan complete: 5 setups found.
2026-09-09 21:48:26 [INFO] Skipping ZEC — active systemic position already exists.
2026-09-09 21:48:26 [INFO] Skipping ATOM — active systemic position already exists.
2026-09-09 21:48:26 [INFO] Skipping BTC — active systemic position already exists.
2026-09-09 21:48:26 [INFO] Skipping DOGE — active systemic position already exists.
2026-09-09 21:48:26 [INFO] Skipping ETH — active systemic position already exists.
2026-09-09 21:48:26 [INFO] --- MADBOT ENGINE CYCLE FINISHED ---
2026-09-09 22:03:03 [INFO] --- MADBOT ENGINE CYCLE STARTED ---
2026-09-09 22:03:07 [INFO] Ledger resolution complete.
2026-09-09 22:03:07 [INFO] Running neural scan on CRYPTO...
2026-09-09 22:03:25 [INFO] Scan complete: 5 setups found.
2026-09-09 22:03:26 [INFO] SUCCESS: Systemic trade logged for LTC.
2026-09-09 22:03:27 [INFO] SUCCESS: Systemic trade logged for NEAR.
2026-09-09 22:03:27 [INFO] Skipping ZEC — active systemic position already exists.
2026-09-09 22:03:28 [INFO] SUCCESS: Systemic trade logged for PUMP.
2026-09-09 22:03:30 [INFO] SUCCESS: Systemic trade logged for TAO.
2026-09-09 22:03:30 [INFO] --- MADBOT ENGINE CYCLE FINISHED ---
2026-09-09 22:18:04 [INFO] --- MADBOT ENGINE CYCLE STARTED ---
2026-09-09 22:18:10 [INFO] Ledger resolution complete.
2026-09-09 22:18:10 [INFO] Running neural scan on CRYPTO...
2026-09-09 22:18:26 [INFO] Scan complete: 5 setups found.
2026-09-09 22:18:26 [INFO] Skipping LTC — active systemic position already exists.
2026-09-09 22:18:26 [INFO] Skipping NEAR — active systemic position already exists.
2026-09-09 22:18:26 [INFO] Skipping ZEC — active systemic position already exists.
2026-09-09 22:18:26 [INFO] Skipping PUMP — active systemic position already exists.
2026-09-09 22:18:26 [INFO] Skipping TAO — active systemic position already exists.
2026-09-09 22:18:26 [INFO] --- MADBOT ENGINE CYCLE FINISHED ---
2026-09-09 22:33:06 [INFO] --- MADBOT ENGINE CYCLE STARTED ---
2026-09-09 22:33:11 [INFO] Ledger resolution complete.
2026-09-09 22:33:11 [INFO] Running neural scan on CRYPTO...
2026-09-09 22:33:33 [INFO] Scan complete: 5 setups found.
2026-09-09 22:33:33 [INFO] Skipping LTC — active systemic position already exists.
2026-09-09 22:33:33 [INFO] Skipping NEAR — active systemic position already exists.
2026-09-09 22:33:33 [INFO] Skipping ZEC — active systemic position already exists.
2026-09-09 22:33:33 [INFO] Skipping PUMP — active systemic position already exists.
2026-09-09 22:33:33 [INFO] Skipping TAO — active systemic position already exists.
2026-09-09 22:33:33 [INFO] --- MADBOT ENGINE CYCLE FINISHED ---
2026-09-09 22:48:03 [INFO] --- MADBOT ENGINE CYCLE STARTED ---
2026-09-09 22:48:08 [INFO] Ledger resolution complete.
2026-09-09 22:48:08 [INFO] Running neural scan on CRYPTO...
2026-09-09 22:48:24 [INFO] Scan complete: 5 setups found.
2026-09-09 22:48:24 [INFO] Skipping LTC — active systemic position already exists.
2026-09-09 22:48:24 [INFO] Skipping NEAR — active systemic position already exists.
2026-09-09 22:48:24 [INFO] Skipping ZEC — active systemic position already exists.
2026-09-09 22:48:24 [INFO] Skipping PUMP — active systemic position already exists.
2026-09-09 22:48:24 [INFO] Skipping TAO — active systemic position already exists.
2026-09-09 22:48:24 [INFO] --- MADBOT ENGINE CYCLE FINISHED ---
2026-09-09 23:03:03 [INFO] --- MADBOT ENGINE CYCLE STARTED ---
2026-09-09 23:03:08 [INFO] Ledger resolution complete.
2026-09-09 23:03:08 [INFO] Running neural scan on CRYPTO...
2026-09-09 23:03:25 [INFO] Scan complete: 2 setups found.
2026-09-09 23:03:26 [INFO] SUCCESS: Systemic trade logged for HOLO.
2026-09-09 23:03:26 [INFO] Skipping NEAR — active systemic position already exists.
2026-09-09 23:03:26 [INFO] --- MADBOT ENGINE CYCLE FINISHED ---
2026-09-09 23:18:03 [INFO] --- MADBOT ENGINE CYCLE STARTED ---
2026-09-09 23:18:08 [INFO] Ledger resolution complete.
2026-09-09 23:18:08 [INFO] Running neural scan on CRYPTO...
2026-09-09 23:18:17 [INFO] Scan complete: No valid setups detected.
2026-09-09 23:33:03 [INFO] --- MADBOT ENGINE CYCLE STARTED ---
2026-09-09 23:33:07 [INFO] Ledger resolution complete.
2026-09-09 23:33:07 [INFO] Running neural scan on CRYPTO...
2026-09-09 23:33:24 [INFO] Scan complete: 2 setups found.
2026-09-09 23:33:24 [INFO] Skipping HOLO — active systemic position already exists.
2026-09-09 23:33:24 [INFO] Skipping NEAR — active systemic position already exists.
2026-09-09 23:33:24 [INFO] --- MADBOT ENGINE CYCLE FINISHED ---
2026-09-09 23:48:03 [INFO] --- MADBOT ENGINE CYCLE STARTED ---
2026-09-09 23:48:07 [INFO] Ledger resolution complete.
2026-09-09 23:48:07 [INFO] Running neural scan on CRYPTO...
2026-09-09 23:48:27 [INFO] Scan complete: 2 setups found.
2026-09-09 23:48:27 [INFO] Skipping HOLO — active systemic position already exists.
2026-09-09 23:48:27 [INFO] Skipping NEAR — active systemic position already exists.
2026-09-09 23:48:27 [INFO] --- MADBOT ENGINE CYCLE FINISHED ---
2026-09-10 00:03:03 [INFO] --- MADBOT ENGINE CYCLE STARTED ---
2026-09-10 00:03:08 [INFO] Ledger resolution complete.
2026-09-10 00:03:08 [INFO] Running neural scan on CRYPTO...
2026-09-10 00:03:26 [INFO] Scan complete: 5 setups found.
2026-09-10 00:03:26 [INFO] Skipping TRX — active systemic position already exists.
2026-09-10 00:03:26 [INFO] Skipping PUMP — active systemic position already exists.
2026-09-10 00:03:26 [INFO] Skipping NEAR — active systemic position already exists.
2026-09-10 00:03:26 [INFO] Skipping ZEC — active systemic position already exists.
2026-09-10 00:03:26 [INFO] Skipping TAO — active systemic position already exists.
2026-09-10 00:03:26 [INFO] --- MADBOT ENGINE CYCLE FINISHED ---
2026-09-10 00:18:04 [INFO] --- MADBOT ENGINE CYCLE STARTED ---
2026-09-10 00:18:09 [INFO] Ledger resolution complete.
2026-09-10 00:18:09 [INFO] Running neural scan on CRYPTO...
2026-09-10 00:18:27 [INFO] Scan complete: 5 setups found.
2026-09-10 00:18:27 [INFO] Skipping TRX — active systemic position already exists.
2026-09-10 00:18:27 [INFO] Skipping PUMP — active systemic position already exists.
2026-09-10 00:18:27 [INFO] Skipping NEAR — active systemic position already exists.
2026-09-10 00:18:27 [INFO] Skipping ZEC — active systemic position already exists.
2026-09-10 00:18:27 [INFO] Skipping TAO — active systemic position already exists.
2026-09-10 00:18:27 [INFO] --- MADBOT ENGINE CYCLE FINISHED ---
2026-09-10 00:33:04 [INFO] --- MADBOT ENGINE CYCLE STARTED ---
2026-09-10 00:33:09 [INFO] Ledger resolution complete.
2026-09-10 00:33:09 [INFO] Running neural scan on CRYPTO...
2026-09-10 00:33:26 [INFO] Scan complete: 5 setups found.
2026-09-10 00:33:26 [INFO] Skipping TRX — active systemic position already exists.
2026-09-10 00:33:26 [INFO] Skipping PUMP — active systemic position already exists.
2026-09-10 00:33:26 [INFO] Skipping NEAR — active systemic position already exists.
2026-09-10 00:33:26 [INFO] Skipping ZEC — active systemic position already exists.
2026-09-10 00:33:26 [INFO] Skipping TAO — active systemic position already exists.
2026-09-10 00:33:26 [INFO] --- MADBOT ENGINE CYCLE FINISHED ---
2026-09-10 00:48:04 [INFO] --- MADBOT ENGINE CYCLE STARTED ---
2026-09-10 00:48:09 [INFO] Ledger resolution complete.
2026-09-10 00:48:09 [INFO] Running neural scan on CRYPTO...
2026-09-10 00:48:26 [INFO] Scan complete: 5 setups found.
2026-09-10 00:48:26 [INFO] Skipping TRX — active systemic position already exists.
2026-09-10 00:48:26 [INFO] Skipping PUMP — active systemic position already exists.
2026-09-10 00:48:26 [INFO] Skipping NEAR — active systemic position already exists.
2026-09-10 00:48:26 [INFO] Skipping ZEC — active systemic position already exists.
2026-09-10 00:48:26 [INFO] Skipping TAO — active systemic position already exists.
2026-09-10 00:48:26 [INFO] --- MADBOT ENGINE CYCLE FINISHED ---
2026-09-10 01:03:04 [INFO] --- MADBOT ENGINE CYCLE STARTED ---
2026-09-10 01:03:09 [INFO] Ledger resolution complete.
2026-09-10 01:03:09 [INFO] Running neural scan on CRYPTO...
2026-09-10 01:03:19 [INFO] Scan complete: No valid setups detected.
2026-09-10 01:18:05 [INFO] --- MADBOT ENGINE CYCLE STARTED ---
2026-09-10 01:18:10 [INFO] Ledger resolution complete.
2026-09-10 01:18:10 [INFO] Running neural scan on CRYPTO...
2026-09-10 01:18:19 [INFO] Scan complete: No valid setups detected.
2026-09-10 01:33:04 [INFO] --- MADBOT ENGINE CYCLE STARTED ---
2026-09-10 01:33:09 [INFO] Ledger resolution complete.
2026-09-10 01:33:09 [INFO] Running neural scan on CRYPTO...
2026-09-10 01:33:18 [INFO] Scan complete: No valid setups detected.
2026-09-10 01:48:05 [INFO] --- MADBOT ENGINE CYCLE STARTED ---
2026-09-10 01:48:10 [INFO] Ledger resolution complete.
2026-09-10 01:48:10 [INFO] Running neural scan on CRYPTO...
2026-09-10 01:48:27 [INFO] Scan complete: 3 setups found.
2026-09-10 01:48:27 [INFO] Skipping LTC — active systemic position already exists.
2026-09-10 01:48:28 [INFO] SUCCESS: Systemic trade logged for IOST.
2026-09-10 01:48:28 [INFO] Skipping PUMP — active systemic position already exists.
2026-09-10 01:48:28 [INFO] --- MADBOT ENGINE CYCLE FINISHED ---
2026-09-10 02:03:04 [INFO] --- MADBOT ENGINE CYCLE STARTED ---
2026-09-10 02:03:08 [INFO] Ledger resolution complete.
2026-09-10 02:03:08 [INFO] Running neural scan on CRYPTO...
2026-09-10 02:03:25 [INFO] Scan complete: 1 setups found.
2026-09-10 02:03:25 [INFO] Skipping IOST — active systemic position already exists.
2026-09-10 02:03:25 [INFO] --- MADBOT ENGINE CYCLE FINISHED ---
2026-09-10 02:18:05 [INFO] --- MADBOT ENGINE CYCLE STARTED ---
2026-09-10 02:18:10 [INFO] Ledger resolution complete.
2026-09-10 02:18:10 [INFO] Running neural scan on CRYPTO...
2026-09-10 02:18:28 [INFO] Scan complete: 1 setups found.
2026-09-10 02:18:28 [INFO] Skipping IOST — active systemic position already exists.
2026-09-10 02:18:28 [INFO] --- MADBOT ENGINE CYCLE FINISHED ---
2026-09-10 02:33:04 [INFO] --- MADBOT ENGINE CYCLE STARTED ---
2026-09-10 02:33:10 [INFO] Ledger resolution complete.
2026-09-10 02:33:10 [INFO] Running neural scan on CRYPTO...
2026-09-10 02:33:29 [INFO] Scan complete: 1 setups found.
2026-09-10 02:33:29 [INFO] Skipping IOST — active systemic position already exists.
2026-09-10 02:33:29 [INFO] --- MADBOT ENGINE CYCLE FINISHED ---
2026-09-10 02:48:05 [INFO] --- MADBOT ENGINE CYCLE STARTED ---
2026-09-10 02:48:10 [INFO] Ledger resolution complete.
2026-09-10 02:48:10 [INFO] Running neural scan on CRYPTO...
2026-09-10 02:48:29 [INFO] Scan complete: 1 setups found.
2026-09-10 02:48:29 [INFO] Skipping IOST — active systemic position already exists.
2026-09-10 02:48:29 [INFO] --- MADBOT ENGINE CYCLE FINISHED ---
2026-09-10 03:03:08 [INFO] --- MADBOT ENGINE CYCLE STARTED ---
2026-09-10 03:03:13 [INFO] Ledger resolution complete.
2026-09-10 03:03:13 [INFO] Running neural scan on CRYPTO...
2026-09-10 03:03:33 [INFO] Scan complete: No valid setups detected.
2026-09-10 03:18:05 [INFO] --- MADBOT ENGINE CYCLE STARTED ---
2026-09-10 03:18:09 [INFO] Ledger resolution complete.
2026-09-10 03:18:09 [INFO] Running neural scan on CRYPTO...
2026-09-10 03:18:26 [INFO] Scan complete: No valid setups detected.
2026-09-10 03:33:08 [INFO] --- MADBOT ENGINE CYCLE STARTED ---
2026-09-10 03:33:12 [INFO] Ledger resolution complete.
2026-09-10 03:33:12 [INFO] Running neural scan on CRYPTO...
2026-09-10 03:33:29 [INFO] Scan complete: No valid setups detected.
2026-09-10 03:48:05 [INFO] --- MADBOT ENGINE CYCLE STARTED ---
2026-09-10 03:48:09 [INFO] Ledger resolution complete.
2026-09-10 03:48:09 [INFO] Running neural scan on CRYPTO...
2026-09-10 03:48:28 [INFO] Scan complete: No valid setups detected.
2026-09-10 04:03:05 [INFO] --- MADBOT ENGINE CYCLE STARTED ---
2026-09-10 04:03:10 [INFO] Ledger resolution complete.
2026-09-10 04:03:10 [INFO] Running neural scan on CRYPTO...
2026-09-10 04:03:29 [INFO] Scan complete: No valid setups detected.
2026-09-10 04:18:05 [INFO] --- MADBOT ENGINE CYCLE STARTED ---
2026-09-10 04:18:09 [INFO] Ledger resolution complete.
2026-09-10 04:18:09 [INFO] Running neural scan on CRYPTO...
2026-09-10 04:18:28 [INFO] Scan complete: No valid setups detected.
2026-09-10 04:33:04 [INFO] --- MADBOT ENGINE CYCLE STARTED ---
2026-09-10 04:33:08 [INFO] Ledger resolution complete.
2026-09-10 04:33:08 [INFO] Running neural scan on CRYPTO...
2026-09-10 04:33:25 [INFO] Scan complete: No valid setups detected.
2026-09-10 04:48:04 [INFO] --- MADBOT ENGINE CYCLE STARTED ---
2026-09-10 04:48:08 [INFO] Ledger resolution complete.
2026-09-10 04:48:08 [INFO] Running neural scan on CRYPTO...
2026-09-10 04:48:28 [INFO] Scan complete: No valid setups detected.
2026-09-10 05:03:05 [INFO] --- MADBOT ENGINE CYCLE STARTED ---
2026-09-10 05:03:10 [INFO] Ledger resolution complete.
2026-09-10 05:03:10 [INFO] Running neural scan on CRYPTO...
2026-09-10 05:03:27 [INFO] Scan complete: 1 setups found.
2026-09-10 05:03:28 [INFO] SUCCESS: Systemic trade logged for IOST.
2026-09-10 05:03:28 [INFO] --- MADBOT ENGINE CYCLE FINISHED ---
2026-09-10 05:18:05 [INFO] --- MADBOT ENGINE CYCLE STARTED ---
2026-09-10 05:18:09 [INFO] Ledger resolution complete.
2026-09-10 05:18:09 [INFO] Running neural scan on CRYPTO...
2026-09-10 05:18:27 [INFO] Scan complete: 1 setups found.
2026-09-10 05:18:27 [INFO] Skipping IOST — active systemic position already exists.
2026-09-10 05:18:27 [INFO] --- MADBOT ENGINE CYCLE FINISHED ---
2026-09-10 05:33:04 [INFO] --- MADBOT ENGINE CYCLE STARTED ---
2026-09-10 05:33:08 [INFO] Ledger resolution complete.
2026-09-10 05:33:08 [INFO] Running neural scan on CRYPTO...
2026-09-10 05:33:27 [INFO] Scan complete: 1 setups found.
2026-09-10 05:33:27 [INFO] Skipping IOST — active systemic position already exists.
2026-09-10 05:33:27 [INFO] --- MADBOT ENGINE CYCLE FINISHED ---
2026-09-10 05:48:04 [INFO] --- MADBOT ENGINE CYCLE STARTED ---
2026-09-10 05:48:08 [INFO] Ledger resolution complete.
2026-09-10 05:48:08 [INFO] Running neural scan on CRYPTO...
2026-09-10 05:48:26 [INFO] Scan complete: 1 setups found.
2026-09-10 05:48:26 [INFO] Skipping IOST — active systemic position already exists.
2026-09-10 05:48:26 [INFO] --- MADBOT ENGINE CYCLE FINISHED ---
2026-09-10 06:03:04 [INFO] --- MADBOT ENGINE CYCLE STARTED ---
2026-09-10 06:03:08 [INFO] Ledger resolution complete.
2026-09-10 06:03:08 [INFO] Running neural scan on CRYPTO...
2026-09-10 06:03:28 [INFO] Scan complete: No valid setups detected.
2026-09-10 06:18:04 [INFO] --- MADBOT ENGINE CYCLE STARTED ---
2026-09-10 06:18:08 [INFO] Ledger resolution complete.
2026-09-10 06:18:08 [INFO] Running neural scan on CRYPTO...
2026-09-10 06:18:27 [INFO] Scan complete: No valid setups detected.
2026-09-10 06:33:04 [INFO] --- MADBOT ENGINE CYCLE STARTED ---
2026-09-10 06:33:08 [INFO] Ledger resolution complete.
2026-09-10 06:33:08 [INFO] Running neural scan on CRYPTO...
2026-09-10 06:33:25 [INFO] Scan complete: No valid setups detected.
2026-09-10 06:48:04 [INFO] --- MADBOT ENGINE CYCLE STARTED ---
2026-09-10 06:48:08 [INFO] Ledger resolution complete.
2026-09-10 06:48:08 [INFO] Running neural scan on CRYPTO...
2026-09-10 06:48:28 [INFO] Scan complete: No valid setups detected.
2026-09-10 07:03:04 [INFO] --- MADBOT ENGINE CYCLE STARTED ---
2026-09-10 07:03:08 [INFO] Ledger resolution complete.
2026-09-10 07:03:08 [INFO] Running neural scan on CRYPTO...
2026-09-10 07:03:25 [INFO] Scan complete: No valid setups detected.
2026-09-10 07:18:05 [INFO] --- MADBOT ENGINE CYCLE STARTED ---
2026-09-10 07:18:08 [INFO] Ledger resolution complete.
2026-09-10 07:18:08 [INFO] Running neural scan on CRYPTO...
2026-09-10 07:18:28 [INFO] Scan complete: No valid setups detected.
2026-09-10 07:33:05 [INFO] --- MADBOT ENGINE CYCLE STARTED ---
2026-09-10 07:33:08 [INFO] Ledger resolution complete.
2026-09-10 07:33:08 [INFO] Running neural scan on CRYPTO...
2026-09-10 07:33:25 [INFO] Scan complete: No valid setups detected.
2026-09-10 07:48:04 [INFO] --- MADBOT ENGINE CYCLE STARTED ---
2026-09-10 07:48:08 [INFO] Ledger resolution complete.
2026-09-10 07:48:08 [INFO] Running neural scan on CRYPTO...
2026-09-10 07:48:25 [INFO] Scan complete: No valid setups detected.
2026-09-10 08:03:04 [INFO] --- MADBOT ENGINE CYCLE STARTED ---
2026-09-10 08:03:07 [INFO] Ledger resolution complete.
2026-09-10 08:03:07 [INFO] Running neural scan on CRYPTO...
2026-09-10 08:03:24 [INFO] Scan complete: No valid setups detected.
2026-09-10 08:18:05 [INFO] --- MADBOT ENGINE CYCLE STARTED ---
2026-09-10 08:18:08 [INFO] Ledger resolution complete.
2026-09-10 08:18:08 [INFO] Running neural scan on CRYPTO...
2026-09-10 08:18:25 [INFO] Scan complete: No valid setups detected.
2026-09-10 08:33:05 [INFO] --- MADBOT ENGINE CYCLE STARTED ---
2026-09-10 08:33:08 [INFO] Ledger resolution complete.
2026-09-10 08:33:08 [INFO] Running neural scan on CRYPTO...
2026-09-10 08:33:25 [INFO] Scan complete: No valid setups detected.
2026-09-10 08:48:04 [INFO] --- MADBOT ENGINE CYCLE STARTED ---
2026-09-10 08:48:07 [INFO] Ledger resolution complete.
2026-09-10 08:48:07 [INFO] Running neural scan on CRYPTO...
2026-09-10 08:48:24 [INFO] Scan complete: No valid setups detected.
2026-09-10 09:03:04 [INFO] --- MADBOT ENGINE CYCLE STARTED ---
2026-09-10 09:03:08 [INFO] Ledger resolution complete.
2026-09-10 09:03:08 [INFO] Running neural scan on CRYPTO...
2026-09-10 09:03:24 [INFO] Scan complete: No valid setups detected.
2026-09-10 09:18:05 [INFO] --- MADBOT ENGINE CYCLE STARTED ---
2026-09-10 09:18:08 [INFO] Ledger resolution complete.
2026-09-10 09:18:08 [INFO] Running neural scan on CRYPTO...
2026-09-10 09:18:25 [INFO] Scan complete: No valid setups detected.
2026-09-10 09:33:05 [INFO] --- MADBOT ENGINE CYCLE STARTED ---
2026-09-10 09:33:08 [INFO] Ledger resolution complete.
2026-09-10 09:33:08 [INFO] Running neural scan on CRYPTO...
2026-09-10 09:33:25 [INFO] Scan complete: No valid setups detected.
2026-09-10 09:48:06 [INFO] --- MADBOT ENGINE CYCLE STARTED ---
2026-09-10 09:48:13 [INFO] Ledger resolution complete.
2026-09-10 09:48:13 [INFO] Running neural scan on CRYPTO...
2026-09-10 09:48:30 [INFO] Scan complete: No valid setups detected.
2026-09-10 10:03:05 [INFO] --- MADBOT ENGINE CYCLE STARTED ---
2026-09-10 10:03:08 [INFO] Ledger resolution complete.
2026-09-10 10:03:08 [INFO] Running neural scan on CRYPTO...
2026-09-10 10:03:26 [INFO] Scan complete: 1 setups found.
2026-09-10 10:03:26 [INFO] Skipping TRX — active systemic position already exists.
2026-09-10 10:03:26 [INFO] --- MADBOT ENGINE CYCLE FINISHED ---
2026-09-10 10:18:04 [INFO] --- MADBOT ENGINE CYCLE STARTED ---
2026-09-10 10:18:08 [INFO] Ledger resolution complete.
2026-09-10 10:18:08 [INFO] Running neural scan on CRYPTO...
2026-09-10 10:18:24 [INFO] Scan complete: 1 setups found.
2026-09-10 10:18:24 [INFO] Skipping TRX — active systemic position already exists.
2026-09-10 10:18:24 [INFO] --- MADBOT ENGINE CYCLE FINISHED ---
2026-09-10 10:33:05 [INFO] --- MADBOT ENGINE CYCLE STARTED ---
2026-09-10 10:33:09 [INFO] Ledger resolution complete.
2026-09-10 10:33:09 [INFO] Running neural scan on CRYPTO...
2026-09-10 10:33:25 [INFO] Scan complete: 2 setups found.
2026-09-10 10:33:25 [INFO] Skipping ATOM — active systemic position already exists.
2026-09-10 10:33:25 [INFO] --- MADBOT ENGINE CYCLE FINISHED ---
2026-09-10 10:48:05 [INFO] --- MADBOT ENGINE CYCLE STARTED ---
2026-09-10 10:48:09 [INFO] Ledger resolution complete.
2026-09-10 10:48:09 [INFO] Running neural scan on CRYPTO...
2026-09-10 10:48:25 [INFO] Scan complete: 2 setups found.
2026-09-10 10:48:25 [INFO] Skipping ATOM — active systemic position already exists.
2026-09-10 10:48:25 [INFO] --- MADBOT ENGINE CYCLE FINISHED ---
2026-09-10 11:03:05 [INFO] --- MADBOT ENGINE CYCLE STARTED ---
2026-09-10 11:03:08 [INFO] Ledger resolution complete.
2026-09-10 11:03:08 [INFO] Running neural scan on CRYPTO...
2026-09-10 11:03:22 [INFO] Scan complete: No valid setups detected.
2026-09-10 11:18:05 [INFO] --- MADBOT ENGINE CYCLE STARTED ---
2026-09-10 11:18:13 [INFO] Ledger resolution complete.
2026-09-10 11:18:13 [INFO] Running neural scan on CRYPTO...
2026-09-10 11:18:33 [INFO] Scan complete: 2 setups found.
2026-09-10 11:18:34 [INFO] SUCCESS: Systemic trade logged for NEAR.
2026-09-10 11:18:34 [INFO] Skipping TRX — active systemic position already exists.
2026-09-10 11:18:34 [INFO] --- MADBOT ENGINE CYCLE FINISHED ---
2026-09-10 11:33:03 [INFO] --- MADBOT ENGINE CYCLE STARTED ---
2026-09-10 11:33:06 [INFO] Ledger resolution complete.
2026-09-10 11:33:06 [INFO] Running neural scan on CRYPTO...
2026-09-10 11:33:23 [INFO] Scan complete: 2 setups found.
2026-09-10 11:33:23 [INFO] Skipping NEAR — active systemic position already exists.
2026-09-10 11:33:23 [INFO] Skipping TRX — active systemic position already exists.
2026-09-10 11:33:23 [INFO] --- MADBOT ENGINE CYCLE FINISHED ---
2026-09-10 11:48:03 [INFO] --- MADBOT ENGINE CYCLE STARTED ---
2026-09-10 11:48:06 [INFO] Ledger resolution complete.
2026-09-10 11:48:06 [INFO] Running neural scan on CRYPTO...
2026-09-10 11:48:22 [INFO] Scan complete: 2 setups found.
2026-09-10 11:48:23 [INFO] Skipping NEAR — active systemic position already exists.
2026-09-10 11:48:23 [INFO] Skipping TRX — active systemic position already exists.
2026-09-10 11:48:23 [INFO] --- MADBOT ENGINE CYCLE FINISHED ---
2026-09-10 12:03:03 [INFO] --- MADBOT ENGINE CYCLE STARTED ---
2026-09-10 12:03:06 [INFO] Ledger resolution complete.
2026-09-10 12:03:06 [INFO] Running neural scan on CRYPTO...
2026-09-10 12:03:26 [INFO] Scan complete: 2 setups found.
2026-09-10 12:03:26 [INFO] Skipping TRX — active systemic position already exists.
2026-09-10 12:03:27 [INFO] SUCCESS: Systemic trade logged for ATOM.
2026-09-10 12:03:27 [INFO] --- MADBOT ENGINE CYCLE FINISHED ---
2026-09-10 12:18:03 [INFO] --- MADBOT ENGINE CYCLE STARTED ---
2026-09-10 12:18:06 [INFO] Ledger resolution complete.
2026-09-10 12:18:06 [INFO] Running neural scan on CRYPTO...
2026-09-10 12:18:23 [INFO] Scan complete: 2 setups found.
2026-09-10 12:18:23 [INFO] Skipping TRX — active systemic position already exists.
2026-09-10 12:18:23 [INFO] Skipping ATOM — active systemic position already exists.
2026-09-10 12:18:23 [INFO] --- MADBOT ENGINE CYCLE FINISHED ---
2026-09-10 12:33:03 [INFO] --- MADBOT ENGINE CYCLE STARTED ---
2026-09-10 12:33:06 [INFO] Ledger resolution complete.
2026-09-10 12:33:06 [INFO] Running neural scan on CRYPTO...
2026-09-10 12:33:23 [INFO] Scan complete: 2 setups found.
2026-09-10 12:33:23 [INFO] Skipping TRX — active systemic position already exists.
2026-09-10 12:33:23 [INFO] Skipping ATOM — active systemic position already exists.
2026-09-10 12:33:23 [INFO] --- MADBOT ENGINE CYCLE FINISHED ---
2026-09-10 12:48:04 [INFO] --- MADBOT ENGINE CYCLE STARTED ---
2026-09-10 12:48:07 [INFO] Ledger resolution complete.
2026-09-10 12:48:07 [INFO] Running neural scan on CRYPTO...
2026-09-10 12:48:25 [INFO] Scan complete: 2 setups found.
2026-09-10 12:48:25 [INFO] Skipping TRX — active systemic position already exists.
2026-09-10 12:48:25 [INFO] Skipping ATOM — active systemic position already exists.
2026-09-10 12:48:25 [INFO] --- MADBOT ENGINE CYCLE FINISHED ---
2026-09-10 13:03:04 [INFO] --- MADBOT ENGINE CYCLE STARTED ---
2026-09-10 13:03:07 [INFO] Ledger resolution complete.
2026-09-10 13:03:07 [INFO] Running neural scan on CRYPTO...
2026-09-10 13:03:24 [INFO] Scan complete: 1 setups found.
2026-09-10 13:03:24 [INFO] Skipping TRX — active systemic position already exists.
2026-09-10 13:03:24 [INFO] --- MADBOT ENGINE CYCLE FINISHED ---
2026-09-10 13:18:04 [INFO] --- MADBOT ENGINE CYCLE STARTED ---
2026-09-10 13:18:07 [INFO] Ledger resolution complete.
2026-09-10 13:18:07 [INFO] Running neural scan on CRYPTO...
2026-09-10 13:18:24 [INFO] Scan complete: 1 setups found.
2026-09-10 13:18:24 [INFO] Skipping TRX — active systemic position already exists.
2026-09-10 13:18:24 [INFO] --- MADBOT ENGINE CYCLE FINISHED ---
2026-09-10 13:33:03 [INFO] --- MADBOT ENGINE CYCLE STARTED ---
2026-09-10 13:33:08 [INFO] Ledger resolution complete.
2026-09-10 13:33:08 [INFO] Running neural scan on CRYPTO...
2026-09-10 13:33:24 [INFO] Scan complete: 1 setups found.
2026-09-10 13:33:24 [INFO] Skipping TRX — active systemic position already exists.
2026-09-10 13:33:24 [INFO] --- MADBOT ENGINE CYCLE FINISHED ---
2026-09-10 13:48:04 [INFO] --- MADBOT ENGINE CYCLE STARTED ---
2026-09-10 13:48:08 [INFO] Ledger resolution complete.
2026-09-10 13:48:08 [INFO] Running neural scan on CRYPTO...
2026-09-10 13:48:24 [INFO] Scan complete: No valid setups detected.
2026-09-10 14:03:03 [INFO] --- MADBOT ENGINE CYCLE STARTED ---
2026-09-10 14:03:08 [INFO] Ledger resolution complete.
2026-09-10 14:03:08 [INFO] Running neural scan on CRYPTO...
2026-09-10 14:03:25 [INFO] Scan complete: No valid setups detected.
2026-09-10 14:18:04 [INFO] --- MADBOT ENGINE CYCLE STARTED ---
2026-09-10 14:18:07 [INFO] Ledger resolution complete.
2026-09-10 14:18:07 [INFO] Running neural scan on CRYPTO...
2026-09-10 14:18:25 [INFO] Scan complete: No valid setups detected.
2026-09-10 14:33:03 [INFO] --- MADBOT ENGINE CYCLE STARTED ---
2026-09-10 14:33:08 [INFO] Ledger resolution complete.
2026-09-10 14:33:08 [INFO] Running neural scan on CRYPTO...
2026-09-10 14:33:24 [INFO] Scan complete: No valid setups detected.
2026-09-10 14:48:04 [INFO] --- MADBOT ENGINE CYCLE STARTED ---
2026-09-10 14:48:07 [INFO] Ledger resolution complete.
2026-09-10 14:48:07 [INFO] Running neural scan on CRYPTO...
2026-09-10 14:48:24 [INFO] Scan complete: No valid setups detected.
2026-09-10 15:03:03 [INFO] --- MADBOT ENGINE CYCLE STARTED ---
2026-09-10 15:03:06 [INFO] Ledger resolution complete.
2026-09-10 15:03:06 [INFO] Running neural scan on CRYPTO...
2026-09-10 15:03:24 [INFO] Scan complete: No valid setups detected.
2026-09-10 15:18:03 [INFO] --- MADBOT ENGINE CYCLE STARTED ---
2026-09-10 15:18:06 [INFO] Ledger resolution complete.
2026-09-10 15:18:06 [INFO] Running neural scan on CRYPTO...
2026-09-10 15:18:23 [INFO] Scan complete: No valid setups detected.
2026-09-10 15:33:08 [INFO] --- MADBOT ENGINE CYCLE STARTED ---
2026-09-10 15:33:15 [INFO] Ledger resolution complete.
2026-09-10 15:33:15 [INFO] Running neural scan on CRYPTO...
2026-09-10 15:33:34 [INFO] Scan complete: No valid setups detected.
2026-09-10 15:48:04 [INFO] --- MADBOT ENGINE CYCLE STARTED ---
2026-09-10 15:48:07 [INFO] Ledger resolution complete.
2026-09-10 15:48:07 [INFO] Running neural scan on CRYPTO...
2026-09-10 15:48:24 [INFO] Scan complete: No valid setups detected.
2026-09-10 16:03:04 [INFO] --- MADBOT ENGINE CYCLE STARTED ---
2026-09-10 16:03:07 [INFO] Ledger resolution complete.
2026-09-10 16:03:07 [INFO] Running neural scan on CRYPTO...
2026-09-10 16:03:25 [INFO] Scan complete: No valid setups detected.
2026-09-10 16:18:05 [INFO] --- MADBOT ENGINE CYCLE STARTED ---
2026-09-10 16:18:09 [INFO] Ledger resolution complete.
2026-09-10 16:18:09 [INFO] Running neural scan on CRYPTO...
2026-09-10 16:18:25 [INFO] Scan complete: No valid setups detected.
2026-09-10 16:33:05 [INFO] --- MADBOT ENGINE CYCLE STARTED ---
2026-09-10 16:33:09 [INFO] Ledger resolution complete.
2026-09-10 16:33:09 [INFO] Running neural scan on CRYPTO...
2026-09-10 16:33:25 [INFO] Scan complete: No valid setups detected.
2026-09-10 16:48:04 [INFO] --- MADBOT ENGINE CYCLE STARTED ---
2026-09-10 16:48:08 [INFO] Ledger resolution complete.
2026-09-10 16:48:08 [INFO] Running neural scan on CRYPTO...
2026-09-10 16:48:24 [INFO] Scan complete: No valid setups detected.
2026-09-10 17:03:04 [INFO] --- MADBOT ENGINE CYCLE STARTED ---
2026-09-10 17:03:14 [INFO] Ledger resolution complete.
2026-09-10 17:03:14 [INFO] Running neural scan on CRYPTO...
2026-09-10 17:03:34 [INFO] Scan complete: 1 setups found.
2026-09-10 17:03:34 [INFO] Skipping TRX — active systemic position already exists.
2026-09-10 17:03:34 [INFO] --- MADBOT ENGINE CYCLE FINISHED ---
2026-09-10 17:18:04 [INFO] --- MADBOT ENGINE CYCLE STARTED ---
2026-09-10 17:18:08 [INFO] Ledger resolution complete.
2026-09-10 17:18:08 [INFO] Running neural scan on CRYPTO...
2026-09-10 17:18:25 [INFO] Scan complete: No valid setups detected.
2026-09-10 17:33:04 [INFO] --- MADBOT ENGINE CYCLE STARTED ---
2026-09-10 17:33:08 [INFO] Ledger resolution complete.
2026-09-10 17:33:08 [INFO] Running neural scan on CRYPTO...
2026-09-10 17:33:24 [INFO] Scan complete: No valid setups detected.
2026-09-10 17:48:04 [INFO] --- MADBOT ENGINE CYCLE STARTED ---
2026-09-10 17:48:07 [INFO] Ledger resolution complete.
2026-09-10 17:48:07 [INFO] Running neural scan on CRYPTO...
2026-09-10 17:48:24 [INFO] Scan complete: No valid setups detected.
2026-09-10 18:03:04 [INFO] --- MADBOT ENGINE CYCLE STARTED ---
2026-09-10 18:03:07 [INFO] Ledger resolution complete.
2026-09-10 18:03:07 [INFO] Running neural scan on CRYPTO...
2026-09-10 18:03:25 [INFO] Scan complete: No valid setups detected.
2026-09-10 18:18:04 [INFO] --- MADBOT ENGINE CYCLE STARTED ---
2026-09-10 18:18:08 [INFO] Ledger resolution complete.
2026-09-10 18:18:08 [INFO] Running neural scan on CRYPTO...
2026-09-10 18:18:29 [INFO] Scan complete: No valid setups detected.
2026-09-10 18:33:05 [INFO] --- MADBOT ENGINE CYCLE STARTED ---
2026-09-10 18:33:09 [INFO] Ledger resolution complete.
2026-09-10 18:33:09 [INFO] Running neural scan on CRYPTO...
2026-09-10 18:33:27 [INFO] Scan complete: No valid setups detected.
2026-09-10 18:48:07 [INFO] --- MADBOT ENGINE CYCLE STARTED ---
2026-09-10 18:48:11 [INFO] Ledger resolution complete.
2026-09-10 18:48:11 [INFO] Running neural scan on CRYPTO...
2026-09-10 18:48:28 [INFO] Scan complete: No valid setups detected.
2026-09-10 19:03:04 [INFO] --- MADBOT ENGINE CYCLE STARTED ---
2026-09-10 19:03:08 [INFO] Ledger resolution complete.
2026-09-10 19:03:08 [INFO] Running neural scan on CRYPTO...
2026-09-10 19:03:26 [INFO] Scan complete: No valid setups detected.
2026-09-10 19:18:04 [INFO] --- MADBOT ENGINE CYCLE STARTED ---
2026-09-10 19:18:07 [INFO] Ledger resolution complete.
2026-09-10 19:18:07 [INFO] Running neural scan on CRYPTO...
2026-09-10 19:18:25 [INFO] Scan complete: No valid setups detected.
2026-09-10 19:33:05 [INFO] --- MADBOT ENGINE CYCLE STARTED ---
2026-09-10 19:33:08 [INFO] Ledger resolution complete.
2026-09-10 19:33:08 [INFO] Running neural scan on CRYPTO...
2026-09-10 19:33:28 [INFO] Scan complete: No valid setups detected.
2026-09-10 19:48:05 [INFO] --- MADBOT ENGINE CYCLE STARTED ---
2026-09-10 19:48:05 [INFO] Ledger resolution complete.
2026-09-10 19:48:05 [INFO] Running neural scan on CRYPTO...
2026-09-10 19:48:25 [INFO] Scan complete: No valid setups detected.
2026-09-10 20:03:05 [INFO] --- MADBOT ENGINE CYCLE STARTED ---
2026-09-10 20:03:05 [INFO] Ledger resolution complete.
2026-09-10 20:03:05 [INFO] Running neural scan on CRYPTO...
2026-09-10 20:03:26 [INFO] Scan complete: No valid setups detected.
2026-09-10 20:18:07 [INFO] --- MADBOT ENGINE CYCLE STARTED ---
2026-09-10 20:18:11 [INFO] Ledger resolution complete.
2026-09-10 20:18:11 [INFO] Running neural scan on CRYPTO...
2026-09-10 20:18:28 [INFO] Scan complete: No valid setups detected.
2026-09-10 20:33:08 [INFO] --- MADBOT ENGINE CYCLE STARTED ---
2026-09-10 20:33:13 [INFO] Ledger resolution complete.
2026-09-10 20:33:13 [INFO] Running neural scan on CRYPTO...
2026-09-10 20:33:30 [INFO] Scan complete: No valid setups detected.
2026-09-10 20:48:05 [INFO] --- MADBOT ENGINE CYCLE STARTED ---
2026-09-10 20:48:05 [INFO] Ledger resolution complete.
2026-09-10 20:48:05 [INFO] Running neural scan on CRYPTO...
2026-09-10 20:48:25 [INFO] Scan complete: No valid setups detected.
2026-09-10 21:03:05 [INFO] --- MADBOT ENGINE CYCLE STARTED ---
2026-09-10 21:03:08 [INFO] Ledger resolution complete.
2026-09-10 21:03:08 [INFO] Running neural scan on CRYPTO...
2026-09-10 21:03:25 [INFO] Scan complete: No valid setups detected.
2026-09-10 21:18:05 [INFO] --- MADBOT ENGINE CYCLE STARTED ---
2026-09-10 21:18:08 [INFO] Ledger resolution complete.
2026-09-10 21:18:08 [INFO] Running neural scan on CRYPTO...
2026-09-10 21:18:29 [INFO] Scan complete: No valid setups detected.
2026-09-10 21:33:04 [INFO] --- MADBOT ENGINE CYCLE STARTED ---
2026-09-10 21:33:08 [INFO] Ledger resolution complete.
2026-09-10 21:33:08 [INFO] Running neural scan on CRYPTO...
2026-09-10 21:33:24 [INFO] Scan complete: No valid setups detected.
2026-09-10 21:48:04 [INFO] --- MADBOT ENGINE CYCLE STARTED ---
2026-09-10 21:48:08 [INFO] Ledger resolution complete.
2026-09-10 21:48:08 [INFO] Running neural scan on CRYPTO...
2026-09-10 21:48:24 [INFO] Scan complete: No valid setups detected.
2026-09-10 22:03:04 [INFO] --- MADBOT ENGINE CYCLE STARTED ---
2026-09-10 22:03:08 [INFO] Ledger resolution complete.
2026-09-10 22:03:08 [INFO] Running neural scan on CRYPTO...
2026-09-10 22:03:25 [INFO] Scan complete: No valid setups detected.
2026-09-10 22:18:04 [INFO] --- MADBOT ENGINE CYCLE STARTED ---
2026-09-10 22:18:08 [INFO] Ledger resolution complete.
2026-09-10 22:18:08 [INFO] Running neural scan on CRYPTO...
2026-09-10 22:18:25 [INFO] Scan complete: No valid setups detected.
2026-09-10 22:33:04 [INFO] --- MADBOT ENGINE CYCLE STARTED ---
2026-09-10 22:33:07 [INFO] Ledger resolution complete.
2026-09-10 22:33:07 [INFO] Running neural scan on CRYPTO...
2026-09-10 22:33:26 [INFO] Scan complete: No valid setups detected.
2026-09-10 22:48:04 [INFO] --- MADBOT ENGINE CYCLE STARTED ---
2026-09-10 22:48:07 [INFO] Ledger resolution complete.
2026-09-10 22:48:07 [INFO] Running neural scan on CRYPTO...
2026-09-10 22:48:26 [INFO] Scan complete: No valid setups detected.
2026-09-10 23:03:04 [INFO] --- MADBOT ENGINE CYCLE STARTED ---
2026-09-10 23:03:08 [INFO] Ledger resolution complete.
2026-09-10 23:03:08 [INFO] Running neural scan on CRYPTO...
2026-09-10 23:03:25 [INFO] Scan complete: No valid setups detected.
2026-09-10 23:18:04 [INFO] --- MADBOT ENGINE CYCLE STARTED ---
2026-09-10 23:18:08 [INFO] Ledger resolution complete.
2026-09-10 23:18:08 [INFO] Running neural scan on CRYPTO...
2026-09-10 23:18:30 [INFO] Scan complete: No valid setups detected.
2026-09-10 23:33:05 [INFO] --- MADBOT ENGINE CYCLE STARTED ---
2026-09-10 23:33:09 [INFO] Ledger resolution complete.
2026-09-10 23:33:09 [INFO] Running neural scan on CRYPTO...
2026-09-10 23:33:25 [INFO] Scan complete: No valid setups detected.
2026-09-10 23:48:04 [INFO] --- MADBOT ENGINE CYCLE STARTED ---
2026-09-10 23:48:09 [INFO] Ledger resolution complete.
2026-09-10 23:48:09 [INFO] Running neural scan on CRYPTO...
2026-09-10 23:48:25 [INFO] Scan complete: No valid setups detected.
2026-09-11 00:03:04 [INFO] --- MADBOT ENGINE CYCLE STARTED ---
2026-09-11 00:03:09 [INFO] Ledger resolution complete.
2026-09-11 00:03:09 [INFO] Running neural scan on CRYPTO...
2026-09-11 00:03:25 [INFO] Scan complete: No valid setups detected.
2026-09-11 00:18:05 [INFO] --- MADBOT ENGINE CYCLE STARTED ---
2026-09-11 00:18:09 [INFO] Ledger resolution complete.
2026-09-11 00:18:09 [INFO] Running neural scan on CRYPTO...
2026-09-11 00:18:25 [INFO] Scan complete: No valid setups detected.
2026-09-11 00:33:05 [INFO] --- MADBOT ENGINE CYCLE STARTED ---
2026-09-11 00:33:09 [INFO] Ledger resolution complete.
2026-09-11 00:33:09 [INFO] Running neural scan on CRYPTO...
2026-09-11 00:33:25 [INFO] Scan complete: No valid setups detected.
2026-09-11 00:48:05 [INFO] --- MADBOT ENGINE CYCLE STARTED ---
2026-09-11 00:48:09 [INFO] Ledger resolution complete.
2026-09-11 00:48:09 [INFO] Running neural scan on CRYPTO...
2026-09-11 00:48:25 [INFO] Scan complete: No valid setups detected.
2026-09-11 01:03:03 [INFO] --- MADBOT ENGINE CYCLE STARTED ---
2026-09-11 01:03:03 [INFO] Ledger resolution complete.
2026-09-11 01:03:03 [INFO] Running neural scan on CRYPTO...
2026-09-11 01:03:23 [INFO] Scan complete: No valid setups detected.
2026-09-11 08:52:56 [INFO] --- MADBOT ENGINE CYCLE STARTED ---
2026-09-11 08:53:02 [INFO] Ledger resolution complete.
2026-09-11 08:53:02 [INFO] Running neural scan on CRYPTO...
2026-09-11 08:53:24 [INFO] Scan complete: 4 setups found.
2026-09-11 08:53:24 [INFO] Skipping TRX — active systemic position already exists.
2026-09-11 08:53:25 [INFO] SUCCESS: Systemic trade logged for LTC.
2026-09-11 08:53:26 [INFO] SUCCESS: Systemic trade logged for DOT.
2026-09-11 08:53:27 [INFO] SUCCESS: Systemic trade logged for MARSCOIN.
2026-09-11 08:53:27 [INFO] --- MADBOT ENGINE CYCLE FINISHED ---
2026-09-11 08:56:08 [INFO] --- MADBOT ENGINE CYCLE STARTED ---
2026-09-11 08:56:08 [INFO] Ledger resolution complete.
2026-09-11 08:56:08 [INFO] Running neural scan on CRYPTO...
2026-09-11 16:22:40 [WARNING] Found a dead lock file > 45 mins old (446.5m). Forcing removal.
2026-09-11 16:33:04 [INFO] --- MADBOT ENGINE CYCLE STARTED ---
2026-09-11 16:33:04 [INFO] Ledger resolution complete.
2026-09-11 16:33:04 [INFO] Running neural scan on CRYPTO...
2026-09-11 16:33:24 [INFO] Scan complete: 5 setups found.
2026-09-11 16:33:25 [INFO] SUCCESS: Systemic trade logged for ETH.
2026-09-11 16:33:25 [INFO] SUCCESS: Systemic trade logged for RAY.
2026-09-11 16:33:26 [INFO] SUCCESS: Systemic trade logged for DOT.
2026-09-11 16:33:27 [WARNING] Did not log XAUT — see stdout for reason (lock timeout, or exposure cap reached).
2026-09-11 16:33:28 [WARNING] Did not log LINK — see stdout for reason (lock timeout, or exposure cap reached).
2026-09-11 16:33:28 [INFO] --- MADBOT ENGINE CYCLE FINISHED ---
2026-09-12 01:42:14 [INFO] --- MADBOT ENGINE CYCLE STARTED ---
2026-09-12 01:42:17 [INFO] Ledger resolution complete.
2026-09-12 01:42:17 [INFO] Running neural scan on CRYPTO...
2026-09-12 01:42:35 [INFO] Scan complete: No valid setups detected.
2026-09-12 01:48:04 [INFO] --- MADBOT ENGINE CYCLE STARTED ---
2026-09-12 01:48:04 [INFO] Ledger resolution complete.
2026-09-12 01:48:04 [INFO] Running neural scan on CRYPTO...
2026-09-12 01:48:23 [INFO] Scan complete: No valid setups detected.
2026-09-12 02:03:09 [INFO] --- MADBOT ENGINE CYCLE STARTED ---
2026-09-12 02:03:13 [INFO] Ledger resolution complete.
2026-09-12 02:03:13 [INFO] Running neural scan on CRYPTO...
2026-09-12 02:03:31 [INFO] Scan complete: 1 setups found.
2026-09-12 02:03:33 [INFO] SUCCESS: Systemic trade logged for DOGE.
2026-09-12 02:03:33 [INFO] --- MADBOT ENGINE CYCLE FINISHED ---
2026-09-12 02:18:05 [INFO] --- MADBOT ENGINE CYCLE STARTED ---
2026-09-12 02:18:09 [INFO] Ledger resolution complete.
2026-09-12 02:18:09 [INFO] Running neural scan on CRYPTO...
2026-09-12 02:18:28 [INFO] Scan complete: 1 setups found.
2026-09-12 02:18:28 [INFO] Skipping DOGE — active systemic position already exists.
2026-09-12 02:18:28 [INFO] --- MADBOT ENGINE CYCLE FINISHED ---
2026-09-12 02:33:04 [INFO] --- MADBOT ENGINE CYCLE STARTED ---
2026-09-12 02:33:07 [INFO] Ledger resolution complete.
2026-09-12 02:33:07 [INFO] Running neural scan on CRYPTO...
2026-09-12 02:33:26 [INFO] Scan complete: 1 setups found.
2026-09-12 02:33:27 [INFO] Skipping DOGE — active systemic position already exists.
2026-09-12 02:33:27 [INFO] --- MADBOT ENGINE CYCLE FINISHED ---
2026-09-12 02:48:04 [INFO] --- MADBOT ENGINE CYCLE STARTED ---
2026-09-12 02:48:07 [INFO] Ledger resolution complete.
2026-09-12 02:48:07 [INFO] Running neural scan on CRYPTO...
2026-09-12 02:48:26 [INFO] Scan complete: 1 setups found.
2026-09-12 02:48:26 [INFO] Skipping DOGE — active systemic position already exists.
2026-09-12 02:48:26 [INFO] --- MADBOT ENGINE CYCLE FINISHED ---
2026-09-12 03:03:04 [INFO] --- MADBOT ENGINE CYCLE STARTED ---
2026-09-12 03:03:08 [INFO] Ledger resolution complete.
2026-09-12 03:03:08 [INFO] Running neural scan on CRYPTO...
2026-09-12 03:03:24 [INFO] Scan complete: 2 setups found.
2026-09-12 03:03:25 [INFO] SUCCESS: Systemic trade logged for LTC.
2026-09-12 03:03:26 [INFO] SUCCESS: Systemic trade logged for ZEC.
2026-09-12 03:03:26 [INFO] --- MADBOT ENGINE CYCLE FINISHED ---
2026-09-12 03:18:05 [INFO] --- MADBOT ENGINE CYCLE STARTED ---
2026-09-12 03:18:08 [INFO] Ledger resolution complete.
2026-09-12 03:18:08 [INFO] Running neural scan on CRYPTO...
2026-09-12 03:18:28 [INFO] Scan complete: 2 setups found.
2026-09-12 03:18:28 [INFO] Skipping LTC — active systemic position already exists.
2026-09-12 03:18:28 [INFO] Skipping ZEC — active systemic position already exists.
2026-09-12 03:18:28 [INFO] --- MADBOT ENGINE CYCLE FINISHED ---
2026-09-12 03:33:05 [INFO] --- MADBOT ENGINE CYCLE STARTED ---
2026-09-12 03:33:09 [INFO] Ledger resolution complete.
2026-09-12 03:33:09 [INFO] Running neural scan on CRYPTO...
2026-09-12 03:33:27 [INFO] Scan complete: 2 setups found.
2026-09-12 03:33:27 [INFO] Skipping LTC — active systemic position already exists.
2026-09-12 03:33:27 [INFO] Skipping ZEC — active systemic position already exists.
2026-09-12 03:33:27 [INFO] --- MADBOT ENGINE CYCLE FINISHED ---
2026-09-12 03:48:05 [INFO] --- MADBOT ENGINE CYCLE STARTED ---
2026-09-12 03:48:08 [INFO] Ledger resolution complete.
2026-09-12 03:48:08 [INFO] Running neural scan on CRYPTO...
2026-09-12 03:48:29 [INFO] Scan complete: 2 setups found.
2026-09-12 03:48:29 [INFO] Skipping LTC — active systemic position already exists.
2026-09-12 03:48:29 [INFO] Skipping ZEC — active systemic position already exists.
2026-09-12 03:48:29 [INFO] --- MADBOT ENGINE CYCLE FINISHED ---
2026-09-12 04:03:05 [INFO] --- MADBOT ENGINE CYCLE STARTED ---
2026-09-12 04:03:09 [INFO] Ledger resolution complete.
2026-09-12 04:03:09 [INFO] Running neural scan on CRYPTO...
2026-09-12 04:03:28 [INFO] Scan complete: 2 setups found.
2026-09-12 04:03:29 [INFO] SUCCESS: Systemic trade logged for TRX.
2026-09-12 04:03:30 [WARNING] Did not log SOL — see stdout for reason (lock timeout, or exposure cap reached).
2026-09-12 04:03:30 [INFO] --- MADBOT ENGINE CYCLE FINISHED ---
2026-09-12 04:18:05 [INFO] --- MADBOT ENGINE CYCLE STARTED ---
2026-09-12 04:18:09 [INFO] Ledger resolution complete.
2026-09-12 04:18:09 [INFO] Running neural scan on CRYPTO...
2026-09-12 04:18:27 [INFO] Scan complete: 2 setups found.
2026-09-12 04:18:27 [INFO] Skipping TRX — active systemic position already exists.
2026-09-12 04:18:28 [WARNING] Did not log SOL — see stdout for reason (lock timeout, or exposure cap reached).
2026-09-12 04:18:28 [INFO] --- MADBOT ENGINE CYCLE FINISHED ---
2026-09-12 04:33:04 [INFO] --- MADBOT ENGINE CYCLE STARTED ---
2026-09-12 04:33:08 [INFO] Ledger resolution complete.
2026-09-12 04:33:08 [INFO] Running neural scan on CRYPTO...
2026-09-12 04:33:27 [INFO] Scan complete: 2 setups found.
2026-09-12 04:33:27 [INFO] Skipping TRX — active systemic position already exists.
2026-09-12 04:33:28 [WARNING] Did not log SOL — see stdout for reason (lock timeout, or exposure cap reached).
2026-09-12 04:33:28 [INFO] --- MADBOT ENGINE CYCLE FINISHED ---
2026-09-12 04:48:08 [INFO] --- MADBOT ENGINE CYCLE STARTED ---
2026-09-12 04:48:12 [INFO] Ledger resolution complete.
2026-09-12 04:48:12 [INFO] Running neural scan on CRYPTO...
2026-09-12 04:48:30 [INFO] Scan complete: 2 setups found.
2026-09-12 04:48:30 [INFO] Skipping TRX — active systemic position already exists.
2026-09-12 04:48:31 [WARNING] Did not log SOL — see stdout for reason (lock timeout, or exposure cap reached).
2026-09-12 04:48:31 [INFO] --- MADBOT ENGINE CYCLE FINISHED ---
2026-09-12 05:03:04 [INFO] --- MADBOT ENGINE CYCLE STARTED ---
2026-09-12 05:03:08 [INFO] Ledger resolution complete.
2026-09-12 05:03:08 [INFO] Running neural scan on CRYPTO...
2026-09-12 05:03:26 [INFO] Scan complete: No valid setups detected.
2026-09-12 05:18:04 [INFO] --- MADBOT ENGINE CYCLE STARTED ---
2026-09-12 05:18:08 [INFO] Ledger resolution complete.
2026-09-12 05:18:08 [INFO] Running neural scan on CRYPTO...
2026-09-12 05:18:27 [INFO] Scan complete: No valid setups detected.
2026-09-12 05:33:04 [INFO] --- MADBOT ENGINE CYCLE STARTED ---
2026-09-12 05:33:08 [INFO] Ledger resolution complete.
2026-09-12 05:33:08 [INFO] Running neural scan on CRYPTO...
2026-09-12 05:33:26 [INFO] Scan complete: No valid setups detected.
2026-09-12 05:48:04 [INFO] --- MADBOT ENGINE CYCLE STARTED ---
2026-09-12 05:48:08 [INFO] Ledger resolution complete.
2026-09-12 05:48:08 [INFO] Running neural scan on CRYPTO...
2026-09-12 05:48:26 [INFO] Scan complete: No valid setups detected.
2026-09-12 06:03:04 [INFO] --- MADBOT ENGINE CYCLE STARTED ---
2026-09-12 06:03:08 [INFO] Ledger resolution complete.
2026-09-12 06:03:08 [INFO] Running neural scan on CRYPTO...
2026-09-12 06:03:27 [INFO] Scan complete: No valid setups detected.
2026-09-12 06:18:04 [INFO] --- MADBOT ENGINE CYCLE STARTED ---
2026-09-12 06:18:08 [INFO] Ledger resolution complete.
2026-09-12 06:18:08 [INFO] Running neural scan on CRYPTO...
2026-09-12 06:18:27 [INFO] Scan complete: No valid setups detected.
2026-09-12 06:33:04 [INFO] --- MADBOT ENGINE CYCLE STARTED ---
2026-09-12 06:33:08 [INFO] Ledger resolution complete.
2026-09-12 06:33:08 [INFO] Running neural scan on CRYPTO...
2026-09-12 06:33:26 [INFO] Scan complete: No valid setups detected.
2026-09-12 06:48:04 [INFO] --- MADBOT ENGINE CYCLE STARTED ---
2026-09-12 06:48:08 [INFO] Ledger resolution complete.
2026-09-12 06:48:08 [INFO] Running neural scan on CRYPTO...
2026-09-12 06:48:26 [INFO] Scan complete: No valid setups detected.
2026-09-12 07:03:04 [INFO] --- MADBOT ENGINE CYCLE STARTED ---
2026-09-12 07:03:08 [INFO] Ledger resolution complete.
2026-09-12 07:03:08 [INFO] Running neural scan on CRYPTO...
2026-09-12 07:03:28 [INFO] Scan complete: 1 setups found.
2026-09-12 07:03:28 [INFO] Skipping RAY — active systemic position already exists.
2026-09-12 07:03:28 [INFO] --- MADBOT ENGINE CYCLE FINISHED ---
2026-09-12 07:18:04 [INFO] --- MADBOT ENGINE CYCLE STARTED ---
2026-09-12 07:18:08 [INFO] Ledger resolution complete.
2026-09-12 07:18:08 [INFO] Running neural scan on CRYPTO...
2026-09-12 07:18:26 [INFO] Scan complete: 1 setups found.
2026-09-12 07:18:27 [INFO] Skipping RAY — active systemic position already exists.
2026-09-12 07:18:27 [INFO] --- MADBOT ENGINE CYCLE FINISHED ---
2026-09-12 07:33:04 [INFO] --- MADBOT ENGINE CYCLE STARTED ---
2026-09-12 07:33:08 [INFO] Ledger resolution complete.
2026-09-12 07:33:08 [INFO] Running neural scan on CRYPTO...
2026-09-12 07:33:26 [INFO] Scan complete: 1 setups found.
2026-09-12 07:33:26 [INFO] Skipping RAY — active systemic position already exists.
2026-09-12 07:33:26 [INFO] --- MADBOT ENGINE CYCLE FINISHED ---
2026-09-12 07:48:04 [INFO] --- MADBOT ENGINE CYCLE STARTED ---
2026-09-12 07:48:07 [INFO] Ledger resolution complete.
2026-09-12 07:48:07 [INFO] Running neural scan on CRYPTO...
2026-09-12 07:48:28 [INFO] Scan complete: 1 setups found.
2026-09-12 07:48:28 [INFO] Skipping RAY — active systemic position already exists.
2026-09-12 07:48:28 [INFO] --- MADBOT ENGINE CYCLE FINISHED ---
2026-09-12 08:03:04 [INFO] --- MADBOT ENGINE CYCLE STARTED ---
2026-09-12 08:03:08 [INFO] Ledger resolution complete.
2026-09-12 08:03:08 [INFO] Running neural scan on CRYPTO...
2026-09-12 08:03:24 [INFO] Scan complete: No valid setups detected.
2026-09-12 08:18:04 [INFO] --- MADBOT ENGINE CYCLE STARTED ---
2026-09-12 08:18:08 [INFO] Ledger resolution complete.
2026-09-12 08:18:08 [INFO] Running neural scan on CRYPTO...
2026-09-12 08:18:27 [INFO] Scan complete: No valid setups detected.
2026-09-12 08:33:04 [INFO] --- MADBOT ENGINE CYCLE STARTED ---
2026-09-12 08:33:08 [INFO] Ledger resolution complete.
2026-09-12 08:33:08 [INFO] Running neural scan on CRYPTO...
2026-09-12 08:33:26 [INFO] Scan complete: No valid setups detected.
2026-09-12 08:48:04 [INFO] --- MADBOT ENGINE CYCLE STARTED ---
2026-09-12 08:48:08 [INFO] Ledger resolution complete.
2026-09-12 08:48:08 [INFO] Running neural scan on CRYPTO...
2026-09-12 08:48:28 [INFO] Scan complete: No valid setups detected.
2026-09-12 09:03:04 [INFO] --- MADBOT ENGINE CYCLE STARTED ---
2026-09-12 09:03:09 [INFO] Ledger resolution complete.
2026-09-12 09:03:09 [INFO] Running neural scan on CRYPTO...
2026-09-12 09:03:27 [INFO] Scan complete: No valid setups detected.
2026-09-12 09:18:04 [INFO] --- MADBOT ENGINE CYCLE STARTED ---
2026-09-12 09:18:08 [INFO] Ledger resolution complete.
2026-09-12 09:18:08 [INFO] Running neural scan on CRYPTO...
2026-09-12 09:18:25 [INFO] Scan complete: No valid setups detected.
2026-09-12 09:33:05 [INFO] --- MADBOT ENGINE CYCLE STARTED ---
2026-09-12 09:33:09 [INFO] Ledger resolution complete.
2026-09-12 09:33:09 [INFO] Running neural scan on CRYPTO...
2026-09-12 09:33:27 [INFO] Scan complete: No valid setups detected.
2026-09-12 09:48:06 [INFO] --- MADBOT ENGINE CYCLE STARTED ---
2026-09-12 09:48:10 [INFO] Ledger resolution complete.
2026-09-12 09:48:10 [INFO] Running neural scan on CRYPTO...
2026-09-12 09:48:27 [INFO] Scan complete: No valid setups detected.
2026-09-12 10:03:05 [INFO] --- MADBOT ENGINE CYCLE STARTED ---
2026-09-12 10:03:09 [INFO] Ledger resolution complete.
2026-09-12 10:03:09 [INFO] Running neural scan on CRYPTO...
2026-09-12 10:03:27 [INFO] Scan complete: 1 setups found.
2026-09-12 10:03:27 [INFO] Skipping TRX — active systemic position already exists.
2026-09-12 10:03:27 [INFO] --- MADBOT ENGINE CYCLE FINISHED ---
2026-09-12 10:18:05 [INFO] --- MADBOT ENGINE CYCLE STARTED ---
2026-09-12 10:18:09 [INFO] Ledger resolution complete.
2026-09-12 10:18:09 [INFO] Running neural scan on CRYPTO...
2026-09-12 10:18:25 [INFO] Scan complete: 1 setups found.
2026-09-12 10:18:25 [INFO] Skipping TRX — active systemic position already exists.
2026-09-12 10:18:25 [INFO] --- MADBOT ENGINE CYCLE FINISHED ---
2026-09-12 10:33:05 [INFO] --- MADBOT ENGINE CYCLE STARTED ---
2026-09-12 10:33:09 [INFO] Ledger resolution complete.
2026-09-12 10:33:09 [INFO] Running neural scan on CRYPTO...
2026-09-12 10:33:25 [INFO] Scan complete: 1 setups found.
2026-09-12 10:33:25 [INFO] Skipping TRX — active systemic position already exists.
2026-09-12 10:33:25 [INFO] --- MADBOT ENGINE CYCLE FINISHED ---
2026-09-12 10:48:05 [INFO] --- MADBOT ENGINE CYCLE STARTED ---
2026-09-12 10:48:09 [INFO] Ledger resolution complete.
2026-09-12 10:48:09 [INFO] Running neural scan on CRYPTO...
2026-09-12 10:48:26 [INFO] Scan complete: 1 setups found.
2026-09-12 10:48:26 [INFO] Skipping TRX — active systemic position already exists.
2026-09-12 10:48:26 [INFO] --- MADBOT ENGINE CYCLE FINISHED ---
2026-09-12 11:03:05 [INFO] --- MADBOT ENGINE CYCLE STARTED ---
2026-09-12 11:03:09 [INFO] Ledger resolution complete.
2026-09-12 11:03:09 [INFO] Running neural scan on CRYPTO...
2026-09-12 11:03:28 [INFO] Scan complete: 1 setups found.
2026-09-12 11:03:29 [WARNING] Did not log BNB — see stdout for reason (lock timeout, or exposure cap reached).
2026-09-12 11:03:29 [INFO] --- MADBOT ENGINE CYCLE FINISHED ---
2026-09-12 11:18:05 [INFO] --- MADBOT ENGINE CYCLE STARTED ---
2026-09-12 11:18:11 [INFO] Ledger resolution complete.
2026-09-12 11:18:11 [INFO] Running neural scan on CRYPTO...
2026-09-12 11:18:28 [INFO] Scan complete: 1 setups found.
2026-09-12 11:18:28 [WARNING] Did not log BNB — see stdout for reason (lock timeout, or exposure cap reached).
2026-09-12 11:18:28 [INFO] --- MADBOT ENGINE CYCLE FINISHED ---
2026-09-12 11:33:05 [INFO] --- MADBOT ENGINE CYCLE STARTED ---
2026-09-12 11:33:11 [INFO] Ledger resolution complete.
2026-09-12 11:33:11 [INFO] Running neural scan on CRYPTO...
2026-09-12 11:33:28 [INFO] Scan complete: 1 setups found.
2026-09-12 11:33:29 [WARNING] Did not log BNB — see stdout for reason (lock timeout, or exposure cap reached).
2026-09-12 11:33:29 [INFO] --- MADBOT ENGINE CYCLE FINISHED ---
2026-09-12 11:48:05 [INFO] --- MADBOT ENGINE CYCLE STARTED ---
2026-09-12 11:48:09 [INFO] Ledger resolution complete.
2026-09-12 11:48:09 [INFO] Running neural scan on CRYPTO...
2026-09-12 11:48:35 [INFO] Scan complete: 2 setups found.
2026-09-12 11:48:35 [INFO] Skipping TRX — active systemic position already exists.
2026-09-12 11:48:36 [WARNING] Did not log BNB — see stdout for reason (lock timeout, or exposure cap reached).
2026-09-12 11:48:36 [INFO] --- MADBOT ENGINE CYCLE FINISHED ---
2026-09-12 12:03:04 [INFO] --- MADBOT ENGINE CYCLE STARTED ---
2026-09-12 12:03:09 [INFO] Ledger resolution complete.
2026-09-12 12:03:09 [INFO] Running neural scan on CRYPTO...
2026-09-12 12:03:35 [INFO] Scan complete: 1 setups found.
2026-09-12 12:03:35 [INFO] Skipping RAY — active systemic position already exists.
2026-09-12 12:03:35 [INFO] --- MADBOT ENGINE CYCLE FINISHED ---
2026-09-12 12:18:04 [INFO] --- MADBOT ENGINE CYCLE STARTED ---
2026-09-12 12:18:09 [INFO] Ledger resolution complete.
2026-09-12 12:18:09 [INFO] Running neural scan on CRYPTO...
2026-09-12 12:18:34 [INFO] Scan complete: No valid setups detected.
2026-09-12 12:33:05 [INFO] --- MADBOT ENGINE CYCLE STARTED ---
2026-09-12 12:33:11 [INFO] Ledger resolution complete.
2026-09-12 12:33:11 [INFO] Running neural scan on CRYPTO...
2026-09-12 12:33:28 [INFO] Scan complete: 1 setups found.
2026-09-12 12:33:29 [INFO] Skipping TRX — active systemic position already exists.
2026-09-12 12:33:29 [INFO] --- MADBOT ENGINE CYCLE FINISHED ---
2026-09-12 12:48:05 [INFO] --- MADBOT ENGINE CYCLE STARTED ---
2026-09-12 12:48:09 [INFO] Ledger resolution complete.
2026-09-12 12:48:09 [INFO] Running neural scan on CRYPTO...
2026-09-12 12:48:34 [INFO] Scan complete: No valid setups detected.
2026-09-12 13:03:06 [INFO] --- MADBOT ENGINE CYCLE STARTED ---
2026-09-12 13:03:10 [INFO] Ledger resolution complete.
2026-09-12 13:03:10 [INFO] Running neural scan on CRYPTO...
2026-09-12 13:03:36 [INFO] Scan complete: 1 setups found.
2026-09-12 13:03:37 [INFO] SUCCESS: Systemic trade logged for TRX.
2026-09-12 13:03:37 [INFO] --- MADBOT ENGINE CYCLE FINISHED ---
2026-09-12 13:18:06 [INFO] --- MADBOT ENGINE CYCLE STARTED ---
2026-09-12 13:18:10 [INFO] Ledger resolution complete.
2026-09-12 13:18:10 [INFO] Running neural scan on CRYPTO...
2026-09-12 13:18:36 [INFO] Scan complete: 1 setups found.
2026-09-12 13:18:36 [INFO] Skipping TRX — active systemic position already exists.
2026-09-12 13:18:36 [INFO] --- MADBOT ENGINE CYCLE FINISHED ---
2026-09-12 13:33:05 [INFO] --- MADBOT ENGINE CYCLE STARTED ---
2026-09-12 13:33:10 [INFO] Ledger resolution complete.
2026-09-12 13:33:10 [INFO] Running neural scan on CRYPTO...
2026-09-12 13:33:35 [INFO] Scan complete: 1 setups found.
2026-09-12 13:33:35 [INFO] Skipping TRX — active systemic position already exists.
2026-09-12 13:33:35 [INFO] --- MADBOT ENGINE CYCLE FINISHED ---
2026-09-12 13:48:06 [INFO] --- MADBOT ENGINE CYCLE STARTED ---
2026-09-12 13:48:10 [INFO] Ledger resolution complete.
2026-09-12 13:48:10 [INFO] Running neural scan on CRYPTO...
2026-09-12 13:48:35 [INFO] Scan complete: 1 setups found.
2026-09-12 13:48:35 [INFO] Skipping TRX — active systemic position already exists.
2026-09-12 13:48:35 [INFO] --- MADBOT ENGINE CYCLE FINISHED ---
2026-09-12 14:03:06 [INFO] --- MADBOT ENGINE CYCLE STARTED ---
2026-09-12 14:03:12 [INFO] Ledger resolution complete.
2026-09-12 14:03:12 [INFO] Running neural scan on CRYPTO...
2026-09-12 14:03:31 [INFO] Scan complete: 1 setups found.
2026-09-12 14:03:31 [INFO] Skipping TRX — active systemic position already exists.
2026-09-12 14:03:31 [INFO] --- MADBOT ENGINE CYCLE FINISHED ---
2026-09-12 14:18:06 [INFO] --- MADBOT ENGINE CYCLE STARTED ---
2026-09-12 14:18:10 [INFO] Ledger resolution complete.
2026-09-12 14:18:10 [INFO] Running neural scan on CRYPTO...
2026-09-12 14:18:27 [INFO] Scan complete: 1 setups found.
2026-09-12 14:18:27 [INFO] Skipping TRX — active systemic position already exists.
2026-09-12 14:18:27 [INFO] --- MADBOT ENGINE CYCLE FINISHED ---
2026-09-12 14:33:05 [INFO] --- MADBOT ENGINE CYCLE STARTED ---
2026-09-12 14:33:09 [INFO] Ledger resolution complete.
2026-09-12 14:33:09 [INFO] Running neural scan on CRYPTO...
2026-09-12 14:33:26 [INFO] Scan complete: 1 setups found.
2026-09-12 14:33:26 [INFO] Skipping TRX — active systemic position already exists.
2026-09-12 14:33:26 [INFO] --- MADBOT ENGINE CYCLE FINISHED ---
2026-09-12 14:48:05 [INFO] --- MADBOT ENGINE CYCLE STARTED ---
2026-09-12 14:48:09 [INFO] Ledger resolution complete.
2026-09-12 14:48:09 [INFO] Running neural scan on CRYPTO...
2026-09-12 14:48:26 [INFO] Scan complete: 1 setups found.
2026-09-12 14:48:26 [INFO] Skipping TRX — active systemic position already exists.
2026-09-12 14:48:26 [INFO] --- MADBOT ENGINE CYCLE FINISHED ---
2026-09-12 15:03:05 [INFO] --- MADBOT ENGINE CYCLE STARTED ---
2026-09-12 15:03:09 [INFO] Ledger resolution complete.
2026-09-12 15:03:09 [INFO] Running neural scan on CRYPTO...
2026-09-12 15:03:27 [INFO] Scan complete: 1 setups found.
2026-09-12 15:03:28 [INFO] SUCCESS: Systemic trade logged for UNI.
2026-09-12 15:03:28 [INFO] --- MADBOT ENGINE CYCLE FINISHED ---
2026-09-14 01:34:31 [INFO] --- MADBOT ENGINE CYCLE STARTED ---
2026-09-14 01:34:38 [INFO] Ledger resolution complete.
2026-09-14 01:34:38 [INFO] Running neural scan on CRYPTO...
2026-09-14 01:35:06 [INFO] Scan complete: 5 setups found.
2026-09-14 01:35:08 [INFO] SUCCESS: Systemic trade logged for CVC.
2026-09-14 01:35:09 [INFO] SUCCESS: Systemic trade logged for REZ.
2026-09-14 01:35:11 [INFO] SUCCESS: Systemic trade logged for ADA.
2026-09-14 01:35:12 [WARNING] Did not log ATOM — see stdout for reason (lock timeout, or exposure cap reached).
2026-09-14 01:35:13 [WARNING] Did not log LINK — see stdout for reason (lock timeout, or exposure cap reached).
2026-09-14 01:35:13 [INFO] --- MADBOT ENGINE CYCLE FINISHED ---
2026-09-14 01:39:34 [INFO] --- MADBOT ENGINE CYCLE STARTED ---
2026-09-14 01:39:39 [INFO] Ledger resolution complete.
2026-09-14 01:39:39 [INFO] Running neural scan on CRYPTO...
2026-09-14 01:40:06 [INFO] Scan complete: 5 setups found.
2026-09-14 01:40:06 [INFO] Skipping CVC — active systemic position already exists.
2026-09-14 01:40:06 [INFO] Skipping REZ — active systemic position already exists.
2026-09-14 01:40:06 [INFO] Skipping ADA — active systemic position already exists.
2026-09-14 01:40:07 [WARNING] Did not log ATOM — see stdout for reason (lock timeout, or exposure cap reached).
2026-09-14 01:40:09 [WARNING] Did not log LINK — see stdout for reason (lock timeout, or exposure cap reached).
2026-09-14 01:40:09 [INFO] --- MADBOT ENGINE CYCLE FINISHED ---
2026-09-14 01:48:10 [INFO] --- MADBOT ENGINE CYCLE STARTED ---
2026-09-14 01:48:14 [INFO] Ledger resolution complete.
2026-09-14 01:48:14 [INFO] Running neural scan on CRYPTO...
2026-09-14 01:48:47 [INFO] Scan complete: 5 setups found.
2026-09-14 01:48:47 [INFO] Skipping CVC — active systemic position already exists.
2026-09-14 01:48:47 [INFO] Skipping REZ — active systemic position already exists.
2026-09-14 01:48:48 [WARNING] Did not log ATOM — see stdout for reason (lock timeout, or exposure cap reached).
2026-09-14 01:48:48 [INFO] Skipping ADA — active systemic position already exists.
2026-09-14 01:48:50 [WARNING] Did not log LINK — see stdout for reason (lock timeout, or exposure cap reached).
2026-09-14 01:48:50 [INFO] --- MADBOT ENGINE CYCLE FINISHED ---
2026-09-14 02:03:07 [INFO] --- MADBOT ENGINE CYCLE STARTED ---
2026-09-14 02:03:10 [INFO] Ledger resolution complete.
2026-09-14 02:03:10 [INFO] Running neural scan on CRYPTO...
2026-09-14 02:03:29 [INFO] Scan complete: 4 setups found.
2026-09-14 02:03:29 [INFO] SUCCESS: Systemic trade logged for LTC.
2026-09-14 02:03:30 [WARNING] Did not log FIL — see stdout for reason (lock timeout, or exposure cap reached).
2026-09-14 02:03:30 [INFO] Skipping ADA — active systemic position already exists.
2026-09-14 02:03:30 [INFO] Skipping REZ — active systemic position already exists.
2026-09-14 02:03:30 [INFO] --- MADBOT ENGINE CYCLE FINISHED ---
2026-09-14 02:18:03 [INFO] --- MADBOT ENGINE CYCLE STARTED ---
2026-09-14 02:18:07 [INFO] Ledger resolution complete.
2026-09-14 02:18:07 [INFO] Running neural scan on CRYPTO...
2026-09-14 02:18:27 [INFO] Scan complete: 4 setups found.
2026-09-14 02:18:27 [INFO] Skipping LTC — active systemic position already exists.
2026-09-14 02:18:28 [WARNING] Did not log FIL — see stdout for reason (lock timeout, or exposure cap reached).
2026-09-14 02:18:28 [INFO] Skipping ADA — active systemic position already exists.
2026-09-14 02:18:28 [INFO] Skipping REZ — active systemic position already exists.
2026-09-14 02:18:28 [INFO] --- MADBOT ENGINE CYCLE FINISHED ---
2026-09-14 02:33:03 [INFO] --- MADBOT ENGINE CYCLE STARTED ---
2026-09-14 02:33:07 [INFO] Ledger resolution complete.
2026-09-14 02:33:07 [INFO] Running neural scan on CRYPTO...
2026-09-14 02:33:28 [INFO] Scan complete: 4 setups found.
2026-09-14 02:33:28 [INFO] Skipping LTC — active systemic position already exists.
2026-09-14 02:33:29 [WARNING] Did not log FIL — see stdout for reason (lock timeout, or exposure cap reached).
2026-09-14 02:33:29 [INFO] Skipping ADA — active systemic position already exists.
2026-09-14 02:33:29 [INFO] Skipping REZ — active systemic position already exists.
2026-09-14 02:33:29 [INFO] --- MADBOT ENGINE CYCLE FINISHED ---
2026-09-14 02:48:04 [INFO] --- MADBOT ENGINE CYCLE STARTED ---
2026-09-14 02:48:08 [INFO] Ledger resolution complete.
2026-09-14 02:48:08 [INFO] Running neural scan on CRYPTO...
2026-09-14 02:48:29 [INFO] Scan complete: 4 setups found.
2026-09-14 02:48:30 [INFO] Skipping LTC — active systemic position already exists.
2026-09-14 02:48:31 [WARNING] Did not log FIL — see stdout for reason (lock timeout, or exposure cap reached).
2026-09-14 02:48:31 [INFO] Skipping ADA — active systemic position already exists.
2026-09-14 02:48:31 [INFO] Skipping REZ — active systemic position already exists.
2026-09-14 02:48:31 [INFO] --- MADBOT ENGINE CYCLE FINISHED ---
2026-09-14 03:03:04 [INFO] --- MADBOT ENGINE CYCLE STARTED ---
2026-09-14 03:03:07 [INFO] Ledger resolution complete.
2026-09-14 03:03:07 [INFO] Running neural scan on CRYPTO...
2026-09-14 03:03:30 [INFO] Scan complete: 1 setups found.
2026-09-14 03:03:30 [INFO] Skipping REZ — active systemic position already exists.
2026-09-14 03:03:30 [INFO] --- MADBOT ENGINE CYCLE FINISHED ---
2026-09-14 03:18:04 [INFO] --- MADBOT ENGINE CYCLE STARTED ---
2026-09-14 03:18:07 [INFO] Ledger resolution complete.
2026-09-14 03:18:07 [INFO] Running neural scan on CRYPTO...
2026-09-14 03:18:26 [INFO] Scan complete: 1 setups found.
2026-09-14 03:18:26 [INFO] Skipping REZ — active systemic position already exists.
2026-09-14 03:18:26 [INFO] --- MADBOT ENGINE CYCLE FINISHED ---
2026-09-14 03:33:04 [INFO] --- MADBOT ENGINE CYCLE STARTED ---
2026-09-14 03:33:07 [INFO] Ledger resolution complete.
2026-09-14 03:33:07 [INFO] Running neural scan on CRYPTO...
2026-09-14 03:33:26 [INFO] Scan complete: 1 setups found.
2026-09-14 03:33:26 [INFO] Skipping REZ — active systemic position already exists.
2026-09-14 03:33:26 [INFO] --- MADBOT ENGINE CYCLE FINISHED ---
2026-09-14 03:48:04 [INFO] --- MADBOT ENGINE CYCLE STARTED ---
2026-09-14 03:48:08 [INFO] Ledger resolution complete.
2026-09-14 03:48:08 [INFO] Running neural scan on CRYPTO...
2026-09-14 03:48:27 [INFO] Scan complete: 1 setups found.
2026-09-14 03:48:27 [INFO] Skipping REZ — active systemic position already exists.
2026-09-14 03:48:27 [INFO] --- MADBOT ENGINE CYCLE FINISHED ---
2026-09-14 04:03:03 [INFO] --- MADBOT ENGINE CYCLE STARTED ---
2026-09-14 04:03:07 [INFO] Ledger resolution complete.
2026-09-14 04:03:07 [INFO] Running neural scan on CRYPTO...
2026-09-14 04:03:25 [INFO] Scan complete: 3 setups found.
2026-09-14 04:03:25 [INFO] Skipping CVC — active systemic position already exists.
2026-09-14 04:03:26 [WARNING] Did not log AVAX — see stdout for reason (lock timeout, or exposure cap reached).
2026-09-14 04:03:27 [WARNING] Did not log OP — see stdout for reason (lock timeout, or exposure cap reached).
2026-09-14 04:03:27 [INFO] --- MADBOT ENGINE CYCLE FINISHED ---
2026-09-14 04:18:04 [INFO] --- MADBOT ENGINE CYCLE STARTED ---
2026-09-14 04:18:07 [INFO] Ledger resolution complete.
2026-09-14 04:18:07 [INFO] Running neural scan on CRYPTO...
2026-09-14 04:18:30 [INFO] Scan complete: 3 setups found.
2026-09-14 04:18:30 [INFO] Skipping CVC — active systemic position already exists.
2026-09-14 04:18:31 [WARNING] Did not log AVAX — see stdout for reason (lock timeout, or exposure cap reached).
2026-09-14 04:18:32 [WARNING] Did not log OP — see stdout for reason (lock timeout, or exposure cap reached).
2026-09-14 04:18:32 [INFO] --- MADBOT ENGINE CYCLE FINISHED ---
2026-09-14 04:33:03 [INFO] --- MADBOT ENGINE CYCLE STARTED ---
2026-09-14 04:33:07 [INFO] Ledger resolution complete.
2026-09-14 04:33:07 [INFO] Running neural scan on CRYPTO...
2026-09-14 04:33:28 [INFO] Scan complete: 3 setups found.
2026-09-14 04:33:28 [INFO] Skipping CVC — active systemic position already exists.
2026-09-14 04:33:29 [WARNING] Did not log AVAX — see stdout for reason (lock timeout, or exposure cap reached).
2026-09-14 04:33:30 [WARNING] Did not log OP — see stdout for reason (lock timeout, or exposure cap reached).
2026-09-14 04:33:30 [INFO] --- MADBOT ENGINE CYCLE FINISHED ---
2026-09-14 04:48:04 [INFO] --- MADBOT ENGINE CYCLE STARTED ---
2026-09-14 04:48:07 [INFO] Ledger resolution complete.
2026-09-14 04:48:07 [INFO] Running neural scan on CRYPTO...
2026-09-14 04:48:26 [INFO] Scan complete: 3 setups found.
2026-09-14 04:48:26 [INFO] Skipping CVC — active systemic position already exists.
2026-09-14 04:48:27 [WARNING] Did not log AVAX — see stdout for reason (lock timeout, or exposure cap reached).
2026-09-14 04:48:28 [WARNING] Did not log OP — see stdout for reason (lock timeout, or exposure cap reached).
2026-09-14 04:48:28 [INFO] --- MADBOT ENGINE CYCLE FINISHED ---
2026-09-14 05:03:04 [INFO] --- MADBOT ENGINE CYCLE STARTED ---
2026-09-14 05:03:08 [INFO] Ledger resolution complete.
2026-09-14 05:03:08 [INFO] Running neural scan on CRYPTO...
2026-09-14 05:03:26 [INFO] Scan complete: No valid setups detected.
2026-09-14 05:18:04 [INFO] --- MADBOT ENGINE CYCLE STARTED ---
2026-09-14 05:18:07 [INFO] Ledger resolution complete.
2026-09-14 05:18:07 [INFO] Running neural scan on CRYPTO...
2026-09-14 05:18:25 [INFO] Scan complete: No valid setups detected.
2026-09-14 05:33:04 [INFO] --- MADBOT ENGINE CYCLE STARTED ---
2026-09-14 05:33:07 [INFO] Ledger resolution complete.
2026-09-14 05:33:07 [INFO] Running neural scan on CRYPTO...
2026-09-14 05:33:29 [INFO] Scan complete: No valid setups detected.
2026-09-14 05:48:04 [INFO] --- MADBOT ENGINE CYCLE STARTED ---
2026-09-14 05:48:07 [INFO] Ledger resolution complete.
2026-09-14 05:48:07 [INFO] Running neural scan on CRYPTO...
2026-09-14 05:48:25 [INFO] Scan complete: No valid setups detected.
2026-09-14 06:03:03 [INFO] --- MADBOT ENGINE CYCLE STARTED ---
2026-09-14 06:03:07 [INFO] Ledger resolution complete.
2026-09-14 06:03:07 [INFO] Running neural scan on CRYPTO...
2026-09-14 06:03:25 [INFO] Scan complete: No valid setups detected.
2026-09-14 06:18:04 [INFO] --- MADBOT ENGINE CYCLE STARTED ---
2026-09-14 06:18:07 [INFO] Ledger resolution complete.
2026-09-14 06:18:07 [INFO] Running neural scan on CRYPTO...
2026-09-14 06:18:26 [INFO] Scan complete: No valid setups detected.
2026-09-14 06:33:04 [INFO] --- MADBOT ENGINE CYCLE STARTED ---
2026-09-14 06:33:07 [INFO] Ledger resolution complete.
2026-09-14 06:33:07 [INFO] Running neural scan on CRYPTO...
2026-09-14 06:33:25 [INFO] Scan complete: No valid setups detected.
2026-09-14 06:48:04 [INFO] --- MADBOT ENGINE CYCLE STARTED ---
2026-09-14 06:48:08 [INFO] Ledger resolution complete.
2026-09-14 06:48:08 [INFO] Running neural scan on CRYPTO...
2026-09-14 06:48:26 [INFO] Scan complete: No valid setups detected.
2026-09-14 07:03:04 [INFO] --- MADBOT ENGINE CYCLE STARTED ---
2026-09-14 07:03:07 [INFO] Ledger resolution complete.
2026-09-14 07:03:07 [INFO] Running neural scan on CRYPTO...
2026-09-14 07:03:29 [INFO] Scan complete: No valid setups detected.
2026-09-14 07:18:04 [INFO] --- MADBOT ENGINE CYCLE STARTED ---
2026-09-14 07:18:07 [INFO] Ledger resolution complete.
2026-09-14 07:18:07 [INFO] Running neural scan on CRYPTO...
2026-09-14 07:18:25 [INFO] Scan complete: No valid setups detected.
2026-09-14 07:33:03 [INFO] --- MADBOT ENGINE CYCLE STARTED ---
2026-09-14 07:33:06 [INFO] Ledger resolution complete.
2026-09-14 07:33:06 [INFO] Running neural scan on CRYPTO...
2026-09-14 07:33:25 [INFO] Scan complete: No valid setups detected.
2026-09-14 07:48:03 [INFO] --- MADBOT ENGINE CYCLE STARTED ---
2026-09-14 07:48:06 [INFO] Ledger resolution complete.
2026-09-14 07:48:06 [INFO] Running neural scan on CRYPTO...
2026-09-14 07:48:27 [INFO] Scan complete: No valid setups detected.
2026-09-14 08:03:03 [INFO] --- MADBOT ENGINE CYCLE STARTED ---
2026-09-14 08:03:10 [INFO] Ledger resolution complete.
2026-09-14 08:03:10 [INFO] Running neural scan on CRYPTO...
2026-09-14 08:03:28 [INFO] Scan complete: 1 setups found.
2026-09-14 08:03:29 [INFO] SUCCESS: Systemic trade logged for VTHO.
2026-09-14 08:03:29 [INFO] --- MADBOT ENGINE CYCLE FINISHED ---
2026-09-14 08:18:04 [INFO] --- MADBOT ENGINE CYCLE STARTED ---
2026-09-14 08:18:07 [INFO] Ledger resolution complete.
2026-09-14 08:18:07 [INFO] Running neural scan on CRYPTO...
2026-09-14 08:18:25 [INFO] Scan complete: 1 setups found.
2026-09-14 08:18:25 [INFO] Skipping VTHO — active systemic position already exists.
2026-09-14 08:18:25 [INFO] --- MADBOT ENGINE CYCLE FINISHED ---
2026-09-14 08:33:04 [INFO] --- MADBOT ENGINE CYCLE STARTED ---
2026-09-14 08:33:07 [INFO] Ledger resolution complete.
2026-09-14 08:33:07 [INFO] Running neural scan on CRYPTO...
2026-09-14 08:33:29 [INFO] Scan complete: 1 setups found.
2026-09-14 08:33:29 [INFO] Skipping VTHO — active systemic position already exists.
2026-09-14 08:33:29 [INFO] --- MADBOT ENGINE CYCLE FINISHED ---
2026-09-14 08:48:04 [INFO] --- MADBOT ENGINE CYCLE STARTED ---
2026-09-14 08:48:08 [INFO] Ledger resolution complete.
2026-09-14 08:48:08 [INFO] Running neural scan on CRYPTO...
2026-09-14 08:48:26 [INFO] Scan complete: 1 setups found.
2026-09-14 08:48:26 [INFO] Skipping VTHO — active systemic position already exists.
2026-09-14 08:48:26 [INFO] --- MADBOT ENGINE CYCLE FINISHED ---
2026-09-14 09:03:04 [INFO] --- MADBOT ENGINE CYCLE STARTED ---
2026-09-14 09:03:15 [INFO] Ledger resolution complete.
2026-09-14 09:03:15 [INFO] Running neural scan on CRYPTO...
2026-09-14 09:03:34 [INFO] Scan complete: 5 setups found.
2026-09-14 09:03:34 [INFO] SUCCESS: Systemic trade logged for BNB.
2026-09-14 09:03:35 [INFO] SUCCESS: Systemic trade logged for BTC.
2026-09-14 09:03:36 [WARNING] Did not log XRP — see stdout for reason (lock timeout, or exposure cap reached).
2026-09-14 09:03:37 [WARNING] Did not log FIL — see stdout for reason (lock timeout, or exposure cap reached).
2026-09-14 09:03:38 [WARNING] Did not log LTC — see stdout for reason (lock timeout, or exposure cap reached).
2026-09-14 09:03:38 [INFO] --- MADBOT ENGINE CYCLE FINISHED ---
2026-09-14 09:18:04 [INFO] --- MADBOT ENGINE CYCLE STARTED ---
2026-09-14 09:18:07 [INFO] Ledger resolution complete.
2026-09-14 09:18:07 [INFO] Running neural scan on CRYPTO...
2026-09-14 09:18:25 [INFO] Scan complete: 5 setups found.
2026-09-14 09:18:25 [INFO] Skipping BNB — active systemic position already exists.
2026-09-14 09:18:25 [INFO] Skipping BTC — active systemic position already exists.
2026-09-14 09:18:26 [WARNING] Did not log XRP — see stdout for reason (lock timeout, or exposure cap reached).
2026-09-14 09:18:27 [WARNING] Did not log FIL — see stdout for reason (lock timeout, or exposure cap reached).
2026-09-14 09:18:28 [WARNING] Did not log LTC — see stdout for reason (lock timeout, or exposure cap reached).
2026-09-14 09:18:28 [INFO] --- MADBOT ENGINE CYCLE FINISHED ---
2026-09-14 09:33:03 [INFO] --- MADBOT ENGINE CYCLE STARTED ---
2026-09-14 09:33:07 [INFO] Ledger resolution complete.
2026-09-14 09:33:07 [INFO] Running neural scan on CRYPTO...
2026-09-14 09:33:24 [INFO] Scan complete: 5 setups found.
2026-09-14 09:33:24 [INFO] Skipping BNB — active systemic position already exists.
2026-09-14 09:33:24 [INFO] Skipping BTC — active systemic position already exists.
2026-09-14 09:33:25 [WARNING] Did not log XRP — see stdout for reason (lock timeout, or exposure cap reached).
2026-09-14 09:33:26 [WARNING] Did not log FIL — see stdout for reason (lock timeout, or exposure cap reached).
2026-09-14 09:33:27 [WARNING] Did not log LTC — see stdout for reason (lock timeout, or exposure cap reached).
2026-09-14 09:33:27 [INFO] --- MADBOT ENGINE CYCLE FINISHED ---
2026-09-14 09:48:04 [INFO] --- MADBOT ENGINE CYCLE STARTED ---
2026-09-14 09:48:08 [INFO] Ledger resolution complete.
2026-09-14 09:48:08 [INFO] Running neural scan on CRYPTO...
2026-09-14 09:48:26 [INFO] Scan complete: 5 setups found.
2026-09-14 09:48:26 [INFO] Skipping BNB — active systemic position already exists.
2026-09-14 09:48:26 [INFO] Skipping BTC — active systemic position already exists.
2026-09-14 09:48:27 [WARNING] Did not log XRP — see stdout for reason (lock timeout, or exposure cap reached).
2026-09-14 09:48:28 [WARNING] Did not log FIL — see stdout for reason (lock timeout, or exposure cap reached).
2026-09-14 09:48:29 [WARNING] Did not log LTC — see stdout for reason (lock timeout, or exposure cap reached).
2026-09-14 09:48:29 [INFO] --- MADBOT ENGINE CYCLE FINISHED ---
2026-09-14 10:03:04 [INFO] --- MADBOT ENGINE CYCLE STARTED ---
2026-09-14 10:03:08 [INFO] Ledger resolution complete.
2026-09-14 10:03:08 [INFO] Running neural scan on CRYPTO...
2026-09-14 10:03:26 [INFO] Scan complete: 4 setups found.
2026-09-14 10:03:26 [INFO] Skipping BNB — active systemic position already exists.
2026-09-14 10:03:26 [INFO] Skipping BTC — active systemic position already exists.
2026-09-14 10:03:27 [INFO] SUCCESS: Systemic trade logged for XRP.
2026-09-14 10:03:27 [WARNING] Did not log ETH — see stdout for reason (lock timeout, or exposure cap reached).
2026-09-14 10:03:27 [INFO] --- MADBOT ENGINE CYCLE FINISHED ---
2026-09-14 10:18:04 [INFO] --- MADBOT ENGINE CYCLE STARTED ---
2026-09-14 10:18:07 [INFO] Ledger resolution complete.
2026-09-14 10:18:07 [INFO] Running neural scan on CRYPTO...
2026-09-14 10:18:26 [INFO] Scan complete: 4 setups found.
2026-09-14 10:18:26 [INFO] Skipping BNB — active systemic position already exists.
2026-09-14 10:18:26 [INFO] Skipping BTC — active systemic position already exists.
2026-09-14 10:18:26 [INFO] Skipping XRP — active systemic position already exists.
2026-09-14 10:18:27 [WARNING] Did not log ETH — see stdout for reason (lock timeout, or exposure cap reached).
2026-09-14 10:18:27 [INFO] --- MADBOT ENGINE CYCLE FINISHED ---
2026-09-14 10:33:03 [INFO] --- MADBOT ENGINE CYCLE STARTED ---
2026-09-14 10:33:07 [INFO] Ledger resolution complete.
2026-09-14 10:33:07 [INFO] Running neural scan on CRYPTO...
2026-09-14 10:33:27 [INFO] Scan complete: 4 setups found.
2026-09-14 10:33:27 [INFO] Skipping BNB — active systemic position already exists.
2026-09-14 10:33:27 [INFO] Skipping BTC — active systemic position already exists.
2026-09-14 10:33:27 [INFO] Skipping XRP — active systemic position already exists.
2026-09-14 10:33:28 [WARNING] Did not log ETH — see stdout for reason (lock timeout, or exposure cap reached).
2026-09-14 10:33:28 [INFO] --- MADBOT ENGINE CYCLE FINISHED ---
2026-09-14 10:48:03 [INFO] --- MADBOT ENGINE CYCLE STARTED ---
2026-09-14 10:48:07 [INFO] Ledger resolution complete.
2026-09-14 10:48:07 [INFO] Running neural scan on CRYPTO...
2026-09-14 10:48:25 [INFO] Scan complete: 4 setups found.
2026-09-14 10:48:25 [INFO] Skipping BNB — active systemic position already exists.
2026-09-14 10:48:25 [INFO] Skipping BTC — active systemic position already exists.
2026-09-14 10:48:25 [INFO] Skipping XRP — active systemic position already exists.
2026-09-14 10:48:26 [WARNING] Did not log ETH — see stdout for reason (lock timeout, or exposure cap reached).
2026-09-14 10:48:26 [INFO] --- MADBOT ENGINE CYCLE FINISHED ---
2026-09-14 11:03:04 [INFO] --- MADBOT ENGINE CYCLE STARTED ---
2026-09-14 11:03:08 [INFO] Ledger resolution complete.
2026-09-14 11:03:08 [INFO] Running neural scan on CRYPTO...
2026-09-14 11:03:34 [INFO] Scan complete: 4 setups found.
2026-09-14 11:03:35 [INFO] SUCCESS: Systemic trade logged for NEAR.
2026-09-14 11:03:35 [INFO] Skipping REZ — active systemic position already exists.
2026-09-14 11:03:35 [INFO] Skipping XRP — active systemic position already exists.
2026-09-14 11:03:37 [INFO] SUCCESS: Systemic trade logged for ETH.
2026-09-14 11:03:37 [INFO] --- MADBOT ENGINE CYCLE FINISHED ---
2026-09-14 11:18:04 [INFO] --- MADBOT ENGINE CYCLE STARTED ---
2026-09-14 11:18:08 [INFO] Ledger resolution complete.
2026-09-14 11:18:08 [INFO] Running neural scan on CRYPTO...
2026-09-14 11:18:26 [INFO] Scan complete: 5 setups found.
2026-09-14 11:18:26 [INFO] Skipping XRP — active systemic position already exists.
2026-09-14 11:18:26 [INFO] Skipping NEAR — active systemic position already exists.
2026-09-14 11:18:27 [WARNING] Did not log UNI — see stdout for reason (lock timeout, or exposure cap reached).
2026-09-14 11:18:27 [INFO] Skipping ETH — active systemic position already exists.
2026-09-14 11:18:27 [WARNING] Did not log BNB — see stdout for reason (lock timeout, or exposure cap reached).
2026-09-14 11:18:27 [INFO] --- MADBOT ENGINE CYCLE FINISHED ---
2026-09-14 11:33:03 [INFO] --- MADBOT ENGINE CYCLE STARTED ---
2026-09-14 11:33:07 [INFO] Ledger resolution complete.
2026-09-14 11:33:07 [INFO] Running neural scan on CRYPTO...
2026-09-14 11:33:27 [INFO] Scan complete: 5 setups found.
2026-09-14 11:33:27 [INFO] Skipping XRP — active systemic position already exists.
2026-09-14 11:33:27 [INFO] Skipping NEAR — active systemic position already exists.
2026-09-14 11:33:28 [WARNING] Did not log UNI — see stdout for reason (lock timeout, or exposure cap reached).
2026-09-14 11:33:28 [INFO] Skipping ETH — active systemic position already exists.
2026-09-14 11:33:29 [WARNING] Did not log BNB — see stdout for reason (lock timeout, or exposure cap reached).
2026-09-14 11:33:29 [INFO] --- MADBOT ENGINE CYCLE FINISHED ---
2026-09-14 11:48:04 [INFO] --- MADBOT ENGINE CYCLE STARTED ---
2026-09-14 11:48:08 [INFO] Ledger resolution complete.
2026-09-14 11:48:08 [INFO] Running neural scan on CRYPTO...
2026-09-14 11:48:25 [INFO] Scan complete: 5 setups found.
2026-09-14 11:48:25 [INFO] Skipping XRP — active systemic position already exists.
2026-09-14 11:48:25 [INFO] Skipping NEAR — active systemic position already exists.
2026-09-14 11:48:26 [WARNING] Did not log UNI — see stdout for reason (lock timeout, or exposure cap reached).
2026-09-14 11:48:26 [INFO] Skipping ETH — active systemic position already exists.
2026-09-14 11:48:27 [WARNING] Did not log BNB — see stdout for reason (lock timeout, or exposure cap reached).
2026-09-14 11:48:27 [INFO] --- MADBOT ENGINE CYCLE FINISHED ---
2026-09-14 12:03:04 [INFO] --- MADBOT ENGINE CYCLE STARTED ---
2026-09-14 12:03:08 [INFO] Ledger resolution complete.
2026-09-14 12:03:08 [INFO] Running neural scan on CRYPTO...
2026-09-14 12:03:34 [INFO] Scan complete: 5 setups found.
2026-09-14 12:03:35 [WARNING] Did not log BTC — see stdout for reason (lock timeout, or exposure cap reached).
2026-09-14 12:03:35 [INFO] Skipping NEAR — active systemic position already exists.
2026-09-14 12:03:36 [WARNING] Did not log SOL — see stdout for reason (lock timeout, or exposure cap reached).
2026-09-14 12:03:38 [WARNING] Did not log BNB — see stdout for reason (lock timeout, or exposure cap reached).
2026-09-14 12:03:38 [INFO] Skipping ETH — active systemic position already exists.
2026-09-14 12:03:38 [INFO] --- MADBOT ENGINE CYCLE FINISHED ---
2026-09-14 12:18:04 [INFO] --- MADBOT ENGINE CYCLE STARTED ---
2026-09-14 12:18:08 [INFO] Ledger resolution complete.
2026-09-14 12:18:08 [INFO] Running neural scan on CRYPTO...
2026-09-14 12:18:34 [INFO] Scan complete: 5 setups found.
2026-09-14 12:18:35 [WARNING] Did not log BTC — see stdout for reason (lock timeout, or exposure cap reached).
2026-09-14 12:18:35 [INFO] Skipping NEAR — active systemic position already exists.
2026-09-14 12:18:36 [WARNING] Did not log SOL — see stdout for reason (lock timeout, or exposure cap reached).
2026-09-14 12:18:38 [WARNING] Did not log BNB — see stdout for reason (lock timeout, or exposure cap reached).
2026-09-14 12:18:38 [INFO] Skipping ETH — active systemic position already exists.
2026-09-14 12:18:38 [INFO] --- MADBOT ENGINE CYCLE FINISHED ---
2026-09-14 12:33:04 [INFO] --- MADBOT ENGINE CYCLE STARTED ---
2026-09-14 12:33:09 [INFO] Ledger resolution complete.
2026-09-14 12:33:09 [INFO] Running neural scan on CRYPTO...
2026-09-14 12:33:28 [INFO] Scan complete: 4 setups found.
2026-09-14 12:33:29 [WARNING] Did not log BTC — see stdout for reason (lock timeout, or exposure cap reached).
2026-09-14 12:33:29 [INFO] Skipping XRP — active systemic position already exists.
2026-09-14 12:33:29 [INFO] Skipping NEAR — active systemic position already exists.
2026-09-14 12:33:30 [WARNING] Did not log ZEC — see stdout for reason (lock timeout, or exposure cap reached).
2026-09-14 12:33:30 [INFO] --- MADBOT ENGINE CYCLE FINISHED ---
2026-09-14 12:48:04 [INFO] --- MADBOT ENGINE CYCLE STARTED ---
2026-09-14 12:48:09 [INFO] Ledger resolution complete.
2026-09-14 12:48:09 [INFO] Running neural scan on CRYPTO...
2026-09-14 12:48:35 [INFO] Scan complete: 5 setups found.
2026-09-14 12:48:36 [WARNING] Did not log BTC — see stdout for reason (lock timeout, or exposure cap reached).
2026-09-14 12:48:36 [INFO] Skipping NEAR — active systemic position already exists.
2026-09-14 12:48:38 [WARNING] Did not log SOL — see stdout for reason (lock timeout, or exposure cap reached).
2026-09-14 12:48:39 [WARNING] Did not log BNB — see stdout for reason (lock timeout, or exposure cap reached).
2026-09-14 12:48:39 [INFO] Skipping ETH — active systemic position already exists.
2026-09-14 12:48:39 [INFO] --- MADBOT ENGINE CYCLE FINISHED ---
2026-09-14 13:03:04 [INFO] --- MADBOT ENGINE CYCLE STARTED ---
2026-09-14 13:03:09 [INFO] Ledger resolution complete.
2026-09-14 13:03:09 [INFO] Running neural scan on CRYPTO...
2026-09-14 13:03:35 [INFO] Scan complete: 4 setups found.
2026-09-14 13:03:35 [INFO] Skipping XRP — active systemic position already exists.
2026-09-14 13:03:36 [WARNING] Did not log BTC — see stdout for reason (lock timeout, or exposure cap reached).
2026-09-14 13:03:36 [INFO] Skipping CVC — active systemic position already exists.
2026-09-14 13:03:38 [WARNING] Did not log PEPE — see stdout for reason (lock timeout, or exposure cap reached).
2026-09-14 13:03:38 [INFO] --- MADBOT ENGINE CYCLE FINISHED ---
2026-09-14 13:18:04 [INFO] --- MADBOT ENGINE CYCLE STARTED ---
2026-09-14 13:18:08 [INFO] Ledger resolution complete.
2026-09-14 13:18:08 [INFO] Running neural scan on CRYPTO...
2026-09-14 13:18:27 [INFO] Scan complete: 5 setups found.
2026-09-14 13:18:27 [INFO] Skipping XRP — active systemic position already exists.
2026-09-14 13:18:28 [WARNING] Did not log ZEC — see stdout for reason (lock timeout, or exposure cap reached).
2026-09-14 13:18:28 [INFO] Skipping NEAR — active systemic position already exists.
2026-09-14 13:18:29 [WARNING] Did not log BTC — see stdout for reason (lock timeout, or exposure cap reached).
2026-09-14 13:18:29 [INFO] Skipping CVC — active systemic position already exists.
2026-09-14 13:18:29 [INFO] --- MADBOT ENGINE CYCLE FINISHED ---
2026-09-14 13:33:04 [INFO] --- MADBOT ENGINE CYCLE STARTED ---
2026-09-14 13:33:07 [INFO] Ledger resolution complete.
2026-09-14 13:33:07 [INFO] Running neural scan on CRYPTO...
2026-09-14 13:33:25 [INFO] Scan complete: 5 setups found.
2026-09-14 13:33:25 [INFO] Skipping XRP — active systemic position already exists.
2026-09-14 13:33:26 [WARNING] Did not log ZEC — see stdout for reason (lock timeout, or exposure cap reached).
2026-09-14 13:33:26 [INFO] Skipping NEAR — active systemic position already exists.
2026-09-14 13:33:27 [WARNING] Did not log BTC — see stdout for reason (lock timeout, or exposure cap reached).
2026-09-14 13:33:27 [INFO] Skipping CVC — active systemic position already exists.
2026-09-14 13:33:27 [INFO] --- MADBOT ENGINE CYCLE FINISHED ---
2026-09-14 13:48:04 [INFO] --- MADBOT ENGINE CYCLE STARTED ---
2026-09-14 13:48:08 [INFO] Ledger resolution complete.
2026-09-14 13:48:08 [INFO] Running neural scan on CRYPTO...
2026-09-14 13:48:26 [INFO] Scan complete: 5 setups found.
2026-09-14 13:48:26 [INFO] Skipping XRP — active systemic position already exists.
2026-09-14 13:48:27 [WARNING] Did not log ZEC — see stdout for reason (lock timeout, or exposure cap reached).
2026-09-14 13:48:27 [INFO] Skipping NEAR — active systemic position already exists.
2026-09-14 13:48:28 [WARNING] Did not log BTC — see stdout for reason (lock timeout, or exposure cap reached).
2026-09-14 13:48:28 [INFO] Skipping CVC — active systemic position already exists.
2026-09-14 13:48:28 [INFO] --- MADBOT ENGINE CYCLE FINISHED ---
2026-09-14 14:03:08 [INFO] --- MADBOT ENGINE CYCLE STARTED ---
2026-09-14 14:03:12 [INFO] Ledger resolution complete.
2026-09-14 14:03:12 [INFO] Running neural scan on CRYPTO...
2026-09-14 14:03:32 [INFO] Scan complete: 5 setups found.
2026-09-14 14:03:33 [INFO] SUCCESS: Systemic trade logged for NEAR.
2026-09-14 14:03:33 [INFO] Skipping XRP — active systemic position already exists.
2026-09-14 14:03:34 [WARNING] Did not log ZEC — see stdout for reason (lock timeout, or exposure cap reached).
2026-09-14 14:03:35 [WARNING] Did not log SOL — see stdout for reason (lock timeout, or exposure cap reached).
2026-09-14 14:03:35 [INFO] Skipping CVC — active systemic position already exists.
2026-09-14 14:03:35 [INFO] --- MADBOT ENGINE CYCLE FINISHED ---
2026-09-14 14:18:05 [INFO] --- MADBOT ENGINE CYCLE STARTED ---
2026-09-14 14:18:10 [INFO] Ledger resolution complete.
2026-09-14 14:18:10 [INFO] Running neural scan on CRYPTO...
2026-09-14 14:18:32 [INFO] Scan complete: 5 setups found.
2026-09-14 14:18:32 [INFO] Skipping NEAR — active systemic position already exists.
2026-09-14 14:18:32 [INFO] Skipping XRP — active systemic position already exists.
2026-09-14 14:18:33 [WARNING] Did not log ZEC — see stdout for reason (lock timeout, or exposure cap reached).
2026-09-14 14:18:34 [WARNING] Did not log SOL — see stdout for reason (lock timeout, or exposure cap reached).
2026-09-14 14:18:34 [INFO] Skipping CVC — active systemic position already exists.
2026-09-14 14:18:34 [INFO] --- MADBOT ENGINE CYCLE FINISHED ---
2026-09-14 14:33:05 [INFO] --- MADBOT ENGINE CYCLE STARTED ---
2026-09-14 14:33:09 [INFO] Ledger resolution complete.
2026-09-14 14:33:09 [INFO] Running neural scan on CRYPTO...
2026-09-14 14:33:35 [INFO] Scan complete: 5 setups found.
2026-09-14 14:33:37 [WARNING] Did not log BTC — see stdout for reason (lock timeout, or exposure cap reached).
2026-09-14 14:33:37 [INFO] Skipping SOL — active systemic position already exists.
2026-09-14 14:33:38 [WARNING] Did not log ETH — see stdout for reason (lock timeout, or exposure cap reached).
2026-09-14 14:33:38 [INFO] Skipping NEAR — active systemic position already exists.
2026-09-14 14:33:38 [INFO] Skipping CVC — active systemic position already exists.
2026-09-14 14:33:38 [INFO] --- MADBOT ENGINE CYCLE FINISHED ---
2026-09-14 14:48:04 [INFO] --- MADBOT ENGINE CYCLE STARTED ---
2026-09-14 14:48:08 [INFO] Ledger resolution complete.
2026-09-14 14:48:08 [INFO] Running neural scan on CRYPTO...
2026-09-14 14:48:27 [INFO] Scan complete: 5 setups found.
2026-09-14 14:48:27 [INFO] Skipping NEAR — active systemic position already exists.
2026-09-14 14:48:27 [INFO] Skipping XRP — active systemic position already exists.
2026-09-14 14:48:27 [INFO] Skipping ZEC — active systemic position already exists.
2026-09-14 14:48:27 [INFO] Skipping SOL — active systemic position already exists.
2026-09-14 14:48:27 [INFO] Skipping CVC — active systemic position already exists.
2026-09-14 14:48:27 [INFO] --- MADBOT ENGINE CYCLE FINISHED ---
2026-09-14 15:03:05 [INFO] --- MADBOT ENGINE CYCLE STARTED ---
2026-09-14 15:03:09 [INFO] Ledger resolution complete.
2026-09-14 15:03:09 [INFO] Running neural scan on CRYPTO...
2026-09-14 15:03:29 [INFO] Scan complete: 5 setups found.
2026-09-14 15:03:30 [WARNING] Did not log BTC — see stdout for reason (lock timeout, or exposure cap reached).
2026-09-14 15:03:31 [WARNING] Did not log ETH — see stdout for reason (lock timeout, or exposure cap reached).
2026-09-14 15:03:32 [WARNING] Did not log BNB — see stdout for reason (lock timeout, or exposure cap reached).
2026-09-14 15:03:32 [INFO] Skipping XRP — active systemic position already exists.
2026-09-14 15:03:32 [INFO] Skipping ZEC — active systemic position already exists.
2026-09-14 15:03:32 [INFO] --- MADBOT ENGINE CYCLE FINISHED ---
2026-09-14 15:18:04 [INFO] --- MADBOT ENGINE CYCLE STARTED ---
2026-09-14 15:18:09 [INFO] Ledger resolution complete.
2026-09-14 15:18:09 [INFO] Running neural scan on CRYPTO...
2026-09-14 15:18:35 [INFO] Scan complete: 5 setups found.
2026-09-14 15:18:37 [WARNING] Did not log BTC — see stdout for reason (lock timeout, or exposure cap reached).
2026-09-14 15:18:38 [WARNING] Did not log ETH — see stdout for reason (lock timeout, or exposure cap reached).
2026-09-14 15:18:38 [INFO] Skipping XRP — active systemic position already exists.
2026-09-14 15:18:38 [INFO] Skipping CVC — active systemic position already exists.
2026-09-14 15:18:39 [WARNING] Did not log ADA — see stdout for reason (lock timeout, or exposure cap reached).
2026-09-14 15:18:39 [INFO] --- MADBOT ENGINE CYCLE FINISHED ---
2026-09-14 15:33:03 [INFO] --- MADBOT ENGINE CYCLE STARTED ---
2026-09-14 15:33:07 [INFO] Ledger resolution complete.
2026-09-14 15:33:07 [INFO] Running neural scan on CRYPTO...
2026-09-14 15:33:27 [INFO] Scan complete: 5 setups found.
2026-09-14 15:33:28 [WARNING] Did not log BTC — see stdout for reason (lock timeout, or exposure cap reached).
2026-09-14 15:33:29 [WARNING] Did not log ETH — see stdout for reason (lock timeout, or exposure cap reached).
2026-09-14 15:33:30 [WARNING] Did not log BNB — see stdout for reason (lock timeout, or exposure cap reached).
2026-09-14 15:33:30 [INFO] Skipping XRP — active systemic position already exists.
2026-09-14 15:33:30 [INFO] Skipping ZEC — active systemic position already exists.
2026-09-14 15:33:30 [INFO] --- MADBOT ENGINE CYCLE FINISHED ---
2026-09-14 15:48:03 [INFO] --- MADBOT ENGINE CYCLE STARTED ---
2026-09-14 15:48:08 [INFO] Ledger resolution complete.
2026-09-14 15:48:08 [INFO] Running neural scan on CRYPTO...
2026-09-14 15:48:34 [INFO] Scan complete: 5 setups found.
2026-09-14 15:48:36 [WARNING] Did not log BTC — see stdout for reason (lock timeout, or exposure cap reached).
2026-09-14 15:48:37 [WARNING] Did not log ETH — see stdout for reason (lock timeout, or exposure cap reached).
2026-09-14 15:48:37 [INFO] Skipping XRP — active systemic position already exists.
2026-09-14 15:48:37 [INFO] Skipping CVC — active systemic position already exists.
2026-09-14 15:48:38 [WARNING] Did not log ADA — see stdout for reason (lock timeout, or exposure cap reached).
2026-09-14 15:48:38 [INFO] --- MADBOT ENGINE CYCLE FINISHED ---
2026-09-14 16:03:03 [INFO] --- MADBOT ENGINE CYCLE STARTED ---
2026-09-14 16:03:08 [INFO] Ledger resolution complete.
2026-09-14 16:03:08 [INFO] Running neural scan on CRYPTO...
2026-09-14 16:03:34 [INFO] Scan complete: 3 setups found.
2026-09-14 16:03:35 [WARNING] Did not log FIL — see stdout for reason (lock timeout, or exposure cap reached).
2026-09-14 16:03:37 [WARNING] Did not log BNB — see stdout for reason (lock timeout, or exposure cap reached).
2026-09-14 16:03:38 [WARNING] Did not log BTC — see stdout for reason (lock timeout, or exposure cap reached).
2026-09-14 16:03:38 [INFO] --- MADBOT ENGINE CYCLE FINISHED ---
2026-09-14 16:18:03 [INFO] --- MADBOT ENGINE CYCLE STARTED ---
2026-09-14 16:18:09 [INFO] Ledger resolution complete.
2026-09-14 16:18:09 [INFO] Running neural scan on CRYPTO...
2026-09-14 16:18:35 [INFO] Scan complete: 3 setups found.
2026-09-14 16:18:37 [WARNING] Did not log FIL — see stdout for reason (lock timeout, or exposure cap reached).
2026-09-14 16:18:38 [WARNING] Did not log BNB — see stdout for reason (lock timeout, or exposure cap reached).
2026-09-14 16:18:39 [WARNING] Did not log BTC — see stdout for reason (lock timeout, or exposure cap reached).
2026-09-14 16:18:39 [INFO] --- MADBOT ENGINE CYCLE FINISHED ---
2026-09-14 16:33:03 [INFO] --- MADBOT ENGINE CYCLE STARTED ---
2026-09-14 16:33:08 [INFO] Ledger resolution complete.
2026-09-14 16:33:08 [INFO] Running neural scan on CRYPTO...
2026-09-14 16:33:35 [INFO] Scan complete: 3 setups found.
2026-09-14 16:33:36 [WARNING] Did not log FIL — see stdout for reason (lock timeout, or exposure cap reached).
2026-09-14 16:33:37 [WARNING] Did not log BNB — see stdout for reason (lock timeout, or exposure cap reached).
2026-09-14 16:33:39 [WARNING] Did not log BTC — see stdout for reason (lock timeout, or exposure cap reached).
2026-09-14 16:33:39 [INFO] --- MADBOT ENGINE CYCLE FINISHED ---
2026-09-14 16:48:04 [INFO] --- MADBOT ENGINE CYCLE STARTED ---
2026-09-14 16:48:09 [INFO] Ledger resolution complete.
2026-09-14 16:48:09 [INFO] Running neural scan on CRYPTO...
2026-09-14 16:48:36 [INFO] Scan complete: 3 setups found.
2026-09-14 16:48:37 [WARNING] Did not log FIL — see stdout for reason (lock timeout, or exposure cap reached).
2026-09-14 16:48:39 [WARNING] Did not log BNB — see stdout for reason (lock timeout, or exposure cap reached).
2026-09-14 16:48:40 [WARNING] Did not log BTC — see stdout for reason (lock timeout, or exposure cap reached).
2026-09-14 16:48:40 [INFO] --- MADBOT ENGINE CYCLE FINISHED ---
2026-09-14 17:03:03 [INFO] --- MADBOT ENGINE CYCLE STARTED ---
2026-09-14 17:03:09 [INFO] Ledger resolution complete.
2026-09-14 17:03:09 [INFO] Running neural scan on CRYPTO...
2026-09-14 17:03:36 [INFO] Scan complete: 5 setups found.
2026-09-14 17:03:37 [WARNING] Did not log ETH — see stdout for reason (lock timeout, or exposure cap reached).
2026-09-14 17:03:37 [INFO] Skipping XRP — active systemic position already exists.
2026-09-14 17:03:39 [WARNING] Did not log BTC — see stdout for reason (lock timeout, or exposure cap reached).
2026-09-14 17:03:40 [WARNING] Did not log REZ — see stdout for reason (lock timeout, or exposure cap reached).
2026-09-14 17:03:42 [WARNING] Did not log PEPE — see stdout for reason (lock timeout, or exposure cap reached).
2026-09-14 17:03:42 [INFO] --- MADBOT ENGINE CYCLE FINISHED ---
2026-09-14 17:18:03 [INFO] --- MADBOT ENGINE CYCLE STARTED ---
2026-09-14 17:18:08 [INFO] Ledger resolution complete.
2026-09-14 17:18:08 [INFO] Running neural scan on CRYPTO...
2026-09-14 17:18:36 [INFO] Scan complete: 5 setups found.
2026-09-14 17:18:37 [WARNING] Did not log ETH — see stdout for reason (lock timeout, or exposure cap reached).
2026-09-14 17:18:37 [INFO] Skipping XRP — active systemic position already exists.
2026-09-14 17:18:38 [WARNING] Did not log BTC — see stdout for reason (lock timeout, or exposure cap reached).
2026-09-14 17:18:40 [WARNING] Did not log REZ — see stdout for reason (lock timeout, or exposure cap reached).
2026-09-14 17:18:41 [WARNING] Did not log PEPE — see stdout for reason (lock timeout, or exposure cap reached).
2026-09-14 17:18:41 [INFO] --- MADBOT ENGINE CYCLE FINISHED ---
2026-09-14 17:33:03 [INFO] --- MADBOT ENGINE CYCLE STARTED ---
2026-09-14 17:33:08 [INFO] Ledger resolution complete.
2026-09-14 17:33:08 [INFO] Running neural scan on CRYPTO...
2026-09-14 17:33:36 [INFO] Scan complete: 5 setups found.
2026-09-14 17:33:37 [WARNING] Did not log ETH — see stdout for reason (lock timeout, or exposure cap reached).
2026-09-14 17:33:37 [INFO] Skipping XRP — active systemic position already exists.
2026-09-14 17:33:38 [WARNING] Did not log BTC — see stdout for reason (lock timeout, or exposure cap reached).
2026-09-14 17:33:40 [WARNING] Did not log REZ — see stdout for reason (lock timeout, or exposure cap reached).
2026-09-14 17:33:41 [WARNING] Did not log PEPE — see stdout for reason (lock timeout, or exposure cap reached).
2026-09-14 17:33:41 [INFO] --- MADBOT ENGINE CYCLE FINISHED ---
2026-09-14 17:48:03 [INFO] --- MADBOT ENGINE CYCLE STARTED ---
2026-09-14 17:48:08 [INFO] Ledger resolution complete.
2026-09-14 17:48:08 [INFO] Running neural scan on CRYPTO...
2026-09-14 17:48:26 [INFO] Scan complete: 5 setups found.
2026-09-14 17:48:27 [WARNING] Did not log BTC — see stdout for reason (lock timeout, or exposure cap reached).
2026-09-14 17:48:28 [WARNING] Did not log ETH — see stdout for reason (lock timeout, or exposure cap reached).
2026-09-14 17:48:28 [INFO] Skipping XRP — active systemic position already exists.
2026-09-14 17:48:29 [WARNING] Did not log BNB — see stdout for reason (lock timeout, or exposure cap reached).
2026-09-14 17:48:29 [INFO] Skipping SOL — active systemic position already exists.
2026-09-14 17:48:29 [INFO] --- MADBOT ENGINE CYCLE FINISHED ---
2026-09-14 18:03:03 [INFO] --- MADBOT ENGINE CYCLE STARTED ---
2026-09-14 18:03:08 [INFO] Ledger resolution complete.
2026-09-14 18:03:08 [INFO] Running neural scan on CRYPTO...
2026-09-14 18:03:35 [INFO] Scan complete: 5 setups found.
2026-09-14 18:03:36 [WARNING] Did not log TRX — see stdout for reason (lock timeout, or exposure cap reached).
2026-09-14 18:03:38 [WARNING] Did not log BNB — see stdout for reason (lock timeout, or exposure cap reached).
2026-09-14 18:03:39 [WARNING] Did not log FIL — see stdout for reason (lock timeout, or exposure cap reached).
2026-09-14 18:03:40 [WARNING] Did not log BTC — see stdout for reason (lock timeout, or exposure cap reached).
2026-09-14 18:03:40 [INFO] Skipping XRP — active systemic position already exists.
2026-09-14 18:03:40 [INFO] --- MADBOT ENGINE CYCLE FINISHED ---
2026-09-14 18:18:03 [INFO] --- MADBOT ENGINE CYCLE STARTED ---
2026-09-14 18:18:08 [INFO] Ledger resolution complete.
2026-09-14 18:18:08 [INFO] Running neural scan on CRYPTO...
2026-09-14 18:18:35 [INFO] Scan complete: 5 setups found.
2026-09-14 18:18:36 [WARNING] Did not log TRX — see stdout for reason (lock timeout, or exposure cap reached).
2026-09-14 18:18:38 [WARNING] Did not log BNB — see stdout for reason (lock timeout, or exposure cap reached).
2026-09-14 18:18:39 [WARNING] Did not log FIL — see stdout for reason (lock timeout, or exposure cap reached).
2026-09-14 18:18:40 [WARNING] Did not log BTC — see stdout for reason (lock timeout, or exposure cap reached).
2026-09-14 18:18:40 [INFO] Skipping XRP — active systemic position already exists.
2026-09-14 18:18:40 [INFO] --- MADBOT ENGINE CYCLE FINISHED ---
2026-09-14 18:33:04 [INFO] --- MADBOT ENGINE CYCLE STARTED ---
2026-09-14 18:33:09 [INFO] Ledger resolution complete.
2026-09-14 18:33:09 [INFO] Running neural scan on CRYPTO...
2026-09-14 18:33:26 [INFO] Scan complete: 2 setups found.
2026-09-14 18:33:27 [INFO] SUCCESS: Systemic trade logged for XRP.
2026-09-14 18:33:28 [WARNING] Did not log ADA — see stdout for reason (lock timeout, or exposure cap reached).
2026-09-14 18:33:28 [INFO] --- MADBOT ENGINE CYCLE FINISHED ---
2026-09-14 18:48:04 [INFO] --- MADBOT ENGINE CYCLE STARTED ---
2026-09-14 18:48:09 [INFO] Ledger resolution complete.
2026-09-14 18:48:09 [INFO] Running neural scan on CRYPTO...
2026-09-14 18:48:37 [INFO] Scan complete: 5 setups found.
2026-09-14 18:48:38 [WARNING] Did not log TRX — see stdout for reason (lock timeout, or exposure cap reached).
2026-09-14 18:48:40 [WARNING] Did not log BNB — see stdout for reason (lock timeout, or exposure cap reached).
2026-09-14 18:48:41 [WARNING] Did not log FIL — see stdout for reason (lock timeout, or exposure cap reached).
2026-09-14 18:48:42 [WARNING] Did not log BTC — see stdout for reason (lock timeout, or exposure cap reached).
2026-09-14 18:48:42 [INFO] Skipping XRP — active systemic position already exists.
2026-09-14 18:48:42 [INFO] --- MADBOT ENGINE CYCLE FINISHED ---
2026-09-14 19:03:03 [INFO] --- MADBOT ENGINE CYCLE STARTED ---
2026-09-14 19:03:09 [INFO] Ledger resolution complete.
2026-09-14 19:03:09 [INFO] Running neural scan on CRYPTO...
2026-09-14 19:03:29 [INFO] Scan complete: 4 setups found.
2026-09-14 19:03:29 [INFO] Skipping XRP — active systemic position already exists.
2026-09-14 19:03:31 [INFO] SUCCESS: Systemic trade logged for AVAX.
2026-09-14 19:03:32 [WARNING] Did not log BNB — see stdout for reason (lock timeout, or exposure cap reached).
2026-09-14 19:03:33 [WARNING] Did not log ADA — see stdout for reason (lock timeout, or exposure cap reached).
2026-09-14 19:03:33 [INFO] --- MADBOT ENGINE CYCLE FINISHED ---
2026-09-14 19:18:04 [INFO] --- MADBOT ENGINE CYCLE STARTED ---
2026-09-14 19:18:09 [INFO] Ledger resolution complete.
2026-09-14 19:18:09 [INFO] Running neural scan on CRYPTO...
2026-09-14 19:18:26 [INFO] Scan complete: 4 setups found.
2026-09-14 19:18:26 [INFO] Skipping XRP — active systemic position already exists.
2026-09-14 19:18:26 [INFO] Skipping AVAX — active systemic position already exists.
2026-09-14 19:18:27 [WARNING] Did not log BNB — see stdout for reason (lock timeout, or exposure cap reached).
2026-09-14 19:18:28 [WARNING] Did not log ADA — see stdout for reason (lock timeout, or exposure cap reached).
2026-09-14 19:18:28 [INFO] --- MADBOT ENGINE CYCLE FINISHED ---
2026-09-14 19:33:03 [INFO] --- MADBOT ENGINE CYCLE STARTED ---
2026-09-14 19:33:09 [INFO] Ledger resolution complete.
2026-09-14 19:33:09 [INFO] Running neural scan on CRYPTO...
2026-09-14 19:33:28 [INFO] Scan complete: 4 setups found.
2026-09-14 19:33:28 [INFO] Skipping XRP — active systemic position already exists.
2026-09-14 19:33:28 [INFO] Skipping AVAX — active systemic position already exists.
2026-09-14 19:33:29 [WARNING] Did not log BNB — see stdout for reason (lock timeout, or exposure cap reached).
2026-09-14 19:33:30 [WARNING] Did not log ADA — see stdout for reason (lock timeout, or exposure cap reached).
2026-09-14 19:33:30 [INFO] --- MADBOT ENGINE CYCLE FINISHED ---
2026-09-14 19:48:04 [INFO] --- MADBOT ENGINE CYCLE STARTED ---
2026-09-14 19:48:08 [INFO] Ledger resolution complete.
2026-09-14 19:48:08 [INFO] Running neural scan on CRYPTO...
2026-09-14 19:48:26 [INFO] Scan complete: 4 setups found.
2026-09-14 19:48:26 [INFO] Skipping XRP — active systemic position already exists.
2026-09-14 19:48:26 [INFO] Skipping AVAX — active systemic position already exists.
2026-09-14 19:48:27 [WARNING] Did not log BNB — see stdout for reason (lock timeout, or exposure cap reached).
2026-09-14 19:48:28 [WARNING] Did not log ADA — see stdout for reason (lock timeout, or exposure cap reached).
2026-09-14 19:48:28 [INFO] --- MADBOT ENGINE CYCLE FINISHED ---
2026-09-14 20:03:03 [INFO] --- MADBOT ENGINE CYCLE STARTED ---
2026-09-14 20:03:08 [INFO] Ledger resolution complete.
2026-09-14 20:03:08 [INFO] Running neural scan on CRYPTO...
2026-09-14 20:03:35 [INFO] Scan complete: 3 setups found.
2026-09-14 20:03:36 [WARNING] Did not log ETH — see stdout for reason (lock timeout, or exposure cap reached).
2026-09-14 20:03:37 [WARNING] Did not log BTC — see stdout for reason (lock timeout, or exposure cap reached).
2026-09-14 20:03:39 [WARNING] Did not log REZ — see stdout for reason (lock timeout, or exposure cap reached).
2026-09-14 20:03:39 [INFO] --- MADBOT ENGINE CYCLE FINISHED ---
2026-09-14 20:18:03 [INFO] --- MADBOT ENGINE CYCLE STARTED ---
2026-09-14 20:18:08 [INFO] Ledger resolution complete.
2026-09-14 20:18:08 [INFO] Running neural scan on CRYPTO...
2026-09-14 20:18:27 [INFO] Scan complete: 5 setups found.
2026-09-14 20:18:28 [WARNING] Did not log TRX — see stdout for reason (lock timeout, or exposure cap reached).
2026-09-14 20:18:29 [WARNING] Did not log BTC — see stdout for reason (lock timeout, or exposure cap reached).
2026-09-14 20:18:29 [INFO] Skipping SOL — active systemic position already exists.
2026-09-14 20:18:30 [WARNING] Did not log TAO — see stdout for reason (lock timeout, or exposure cap reached).
2026-09-14 20:18:30 [INFO] Skipping ZEC — active systemic position already exists.
2026-09-14 20:18:30 [INFO] --- MADBOT ENGINE CYCLE FINISHED ---
2026-09-14 20:33:04 [INFO] --- MADBOT ENGINE CYCLE STARTED ---
2026-09-14 20:33:09 [INFO] Ledger resolution complete.
2026-09-14 20:33:09 [INFO] Running neural scan on CRYPTO...
2026-09-14 20:33:29 [INFO] Scan complete: 5 setups found.
2026-09-14 20:33:30 [WARNING] Did not log TRX — see stdout for reason (lock timeout, or exposure cap reached).
2026-09-14 20:33:31 [WARNING] Did not log BTC — see stdout for reason (lock timeout, or exposure cap reached).
2026-09-14 20:33:32 [WARNING] Did not log XLM — see stdout for reason (lock timeout, or exposure cap reached).
2026-09-14 20:33:32 [INFO] Skipping SOL — active systemic position already exists.
2026-09-14 20:33:33 [WARNING] Did not log TAO — see stdout for reason (lock timeout, or exposure cap reached).
2026-09-14 20:33:33 [INFO] --- MADBOT ENGINE CYCLE FINISHED ---
2026-09-14 20:48:05 [INFO] --- MADBOT ENGINE CYCLE STARTED ---
2026-09-14 20:48:09 [INFO] Ledger resolution complete.
2026-09-14 20:48:09 [INFO] Running neural scan on CRYPTO...
2026-09-14 20:48:29 [INFO] Scan complete: 5 setups found.
2026-09-14 20:48:30 [WARNING] Did not log TRX — see stdout for reason (lock timeout, or exposure cap reached).
2026-09-14 20:48:32 [WARNING] Did not log BTC — see stdout for reason (lock timeout, or exposure cap reached).
2026-09-14 20:48:33 [WARNING] Did not log XLM — see stdout for reason (lock timeout, or exposure cap reached).
2026-09-14 20:48:33 [INFO] Skipping SOL — active systemic position already exists.
2026-09-14 20:48:34 [WARNING] Did not log TAO — see stdout for reason (lock timeout, or exposure cap reached).
2026-09-14 20:48:34 [INFO] --- MADBOT ENGINE CYCLE FINISHED ---
2026-09-14 21:03:03 [INFO] --- MADBOT ENGINE CYCLE STARTED ---
2026-09-14 21:03:08 [INFO] Ledger resolution complete.
2026-09-14 21:03:08 [INFO] Running neural scan on CRYPTO...
2026-09-14 21:03:29 [INFO] Scan complete: 5 setups found.
2026-09-14 21:03:31 [WARNING] Did not log BTC — see stdout for reason (lock timeout, or exposure cap reached).
2026-09-14 21:03:32 [WARNING] Did not log TRX — see stdout for reason (lock timeout, or exposure cap reached).
2026-09-14 21:03:32 [INFO] Skipping ZEC — active systemic position already exists.
2026-09-14 21:03:32 [INFO] Skipping NEAR — active systemic position already exists.
2026-09-14 21:03:33 [WARNING] Did not log REZ — see stdout for reason (lock timeout, or exposure cap reached).
2026-09-14 21:03:33 [INFO] --- MADBOT ENGINE CYCLE FINISHED ---
2026-09-14 21:18:03 [INFO] --- MADBOT ENGINE CYCLE STARTED ---
2026-09-14 21:18:08 [INFO] Ledger resolution complete.
2026-09-14 21:18:08 [INFO] Running neural scan on CRYPTO...
2026-09-14 21:18:27 [INFO] Scan complete: 5 setups found.
2026-09-14 21:18:28 [WARNING] Did not log BTC — see stdout for reason (lock timeout, or exposure cap reached).
2026-09-14 21:18:29 [WARNING] Did not log TRX — see stdout for reason (lock timeout, or exposure cap reached).
2026-09-14 21:18:29 [INFO] Skipping ZEC — active systemic position already exists.
2026-09-14 21:18:29 [INFO] Skipping NEAR — active systemic position already exists.
2026-09-14 21:18:30 [WARNING] Did not log REZ — see stdout for reason (lock timeout, or exposure cap reached).
2026-09-14 21:18:30 [INFO] --- MADBOT ENGINE CYCLE FINISHED ---
2026-09-14 21:33:04 [INFO] --- MADBOT ENGINE CYCLE STARTED ---
2026-09-14 21:33:08 [INFO] Ledger resolution complete.
2026-09-14 21:33:08 [INFO] Running neural scan on CRYPTO...
2026-09-14 21:33:28 [INFO] Scan complete: 5 setups found.
2026-09-14 21:33:30 [WARNING] Did not log BTC — see stdout for reason (lock timeout, or exposure cap reached).
2026-09-14 21:33:31 [WARNING] Did not log TRX — see stdout for reason (lock timeout, or exposure cap reached).
2026-09-14 21:33:31 [INFO] Skipping ZEC — active systemic position already exists.
2026-09-14 21:33:31 [INFO] Skipping NEAR — active systemic position already exists.
2026-09-14 21:33:32 [WARNING] Did not log REZ — see stdout for reason (lock timeout, or exposure cap reached).
2026-09-14 21:33:32 [INFO] --- MADBOT ENGINE CYCLE FINISHED ---
2026-09-14 21:48:04 [INFO] --- MADBOT ENGINE CYCLE STARTED ---
2026-09-14 21:48:08 [INFO] Ledger resolution complete.
2026-09-14 21:48:08 [INFO] Running neural scan on CRYPTO...
2026-09-14 21:48:27 [INFO] Scan complete: 5 setups found.
2026-09-14 21:48:28 [WARNING] Did not log BTC — see stdout for reason (lock timeout, or exposure cap reached).
2026-09-14 21:48:29 [WARNING] Did not log TRX — see stdout for reason (lock timeout, or exposure cap reached).
2026-09-14 21:48:29 [INFO] Skipping ZEC — active systemic position already exists.
2026-09-14 21:48:29 [INFO] Skipping NEAR — active systemic position already exists.
2026-09-14 21:48:30 [WARNING] Did not log REZ — see stdout for reason (lock timeout, or exposure cap reached).
2026-09-14 21:48:30 [INFO] --- MADBOT ENGINE CYCLE FINISHED ---
2026-09-14 22:03:04 [INFO] --- MADBOT ENGINE CYCLE STARTED ---
2026-09-14 22:03:08 [INFO] Ledger resolution complete.
2026-09-14 22:03:08 [INFO] Running neural scan on CRYPTO...
2026-09-14 22:03:26 [INFO] Scan complete: 5 setups found.
2026-09-14 22:03:27 [WARNING] Did not log BTC — see stdout for reason (lock timeout, or exposure cap reached).
2026-09-14 22:03:27 [INFO] Skipping XRP — active systemic position already exists.
2026-09-14 22:03:28 [WARNING] Did not log TRX — see stdout for reason (lock timeout, or exposure cap reached).
2026-09-14 22:03:28 [INFO] Skipping ZEC — active systemic position already exists.
2026-09-14 22:03:29 [WARNING] Did not log OP — see stdout for reason (lock timeout, or exposure cap reached).
2026-09-14 22:03:29 [INFO] --- MADBOT ENGINE CYCLE FINISHED ---
2026-09-14 22:18:04 [INFO] --- MADBOT ENGINE CYCLE STARTED ---
2026-09-14 22:18:09 [INFO] Ledger resolution complete.
2026-09-14 22:18:09 [INFO] Running neural scan on CRYPTO...
2026-09-14 22:18:31 [INFO] Scan complete: 5 setups found.
2026-09-14 22:18:32 [WARNING] Did not log BTC — see stdout for reason (lock timeout, or exposure cap reached).
2026-09-14 22:18:32 [INFO] Skipping XRP — active systemic position already exists.
2026-09-14 22:18:33 [WARNING] Did not log TRX — see stdout for reason (lock timeout, or exposure cap reached).
2026-09-14 22:18:33 [INFO] Skipping ZEC — active systemic position already exists.
2026-09-14 22:18:34 [WARNING] Did not log OP — see stdout for reason (lock timeout, or exposure cap reached).
2026-09-14 22:18:34 [INFO] --- MADBOT ENGINE CYCLE FINISHED ---
2026-09-14 22:33:03 [INFO] --- MADBOT ENGINE CYCLE STARTED ---
2026-09-14 22:33:09 [INFO] Ledger resolution complete.
2026-09-14 22:33:09 [INFO] Running neural scan on CRYPTO...
2026-09-14 22:33:29 [INFO] Scan complete: 5 setups found.
2026-09-14 22:33:30 [WARNING] Did not log BTC — see stdout for reason (lock timeout, or exposure cap reached).
2026-09-14 22:33:30 [INFO] Skipping XRP — active systemic position already exists.
2026-09-14 22:33:31 [WARNING] Did not log TRX — see stdout for reason (lock timeout, or exposure cap reached).
2026-09-14 22:33:31 [INFO] Skipping ZEC — active systemic position already exists.
2026-09-14 22:33:32 [WARNING] Did not log OP — see stdout for reason (lock timeout, or exposure cap reached).
2026-09-14 22:33:32 [INFO] --- MADBOT ENGINE CYCLE FINISHED ---
2026-09-14 22:48:03 [INFO] --- MADBOT ENGINE CYCLE STARTED ---
2026-09-14 22:48:08 [INFO] Ledger resolution complete.
2026-09-14 22:48:08 [INFO] Running neural scan on CRYPTO...
2026-09-14 22:48:27 [INFO] Scan complete: 5 setups found.
2026-09-14 22:48:28 [WARNING] Did not log BTC — see stdout for reason (lock timeout, or exposure cap reached).
2026-09-14 22:48:28 [INFO] Skipping XRP — active systemic position already exists.
2026-09-14 22:48:29 [WARNING] Did not log TRX — see stdout for reason (lock timeout, or exposure cap reached).
2026-09-14 22:48:29 [INFO] Skipping ZEC — active systemic position already exists.
2026-09-14 22:48:30 [WARNING] Did not log OP — see stdout for reason (lock timeout, or exposure cap reached).
2026-09-14 22:48:30 [INFO] --- MADBOT ENGINE CYCLE FINISHED ---
2026-09-14 23:03:04 [INFO] --- MADBOT ENGINE CYCLE STARTED ---
2026-09-14 23:03:08 [INFO] Ledger resolution complete.
2026-09-14 23:03:08 [INFO] Running neural scan on CRYPTO...
2026-09-14 23:03:26 [INFO] Scan complete: 5 setups found.
2026-09-14 23:03:27 [WARNING] Did not log BNB — see stdout for reason (lock timeout, or exposure cap reached).
2026-09-14 23:03:28 [WARNING] Did not log ETH — see stdout for reason (lock timeout, or exposure cap reached).
2026-09-14 23:03:28 [INFO] Skipping XRP — active systemic position already exists.
2026-09-14 23:03:29 [WARNING] Did not log BTC — see stdout for reason (lock timeout, or exposure cap reached).
2026-09-14 23:03:30 [WARNING] Did not log XLM — see stdout for reason (lock timeout, or exposure cap reached).
2026-09-14 23:03:30 [INFO] --- MADBOT ENGINE CYCLE FINISHED ---
2026-09-14 23:18:04 [INFO] --- MADBOT ENGINE CYCLE STARTED ---
2026-09-14 23:18:08 [INFO] Ledger resolution complete.
2026-09-14 23:18:08 [INFO] Running neural scan on CRYPTO...
2026-09-14 23:18:26 [INFO] Scan complete: 5 setups found.
2026-09-14 23:18:27 [WARNING] Did not log BNB — see stdout for reason (lock timeout, or exposure cap reached).
2026-09-14 23:18:28 [WARNING] Did not log ETH — see stdout for reason (lock timeout, or exposure cap reached).
2026-09-14 23:18:28 [INFO] Skipping XRP — active systemic position already exists.
2026-09-14 23:18:28 [WARNING] Did not log BTC — see stdout for reason (lock timeout, or exposure cap reached).
2026-09-14 23:18:29 [WARNING] Did not log XLM — see stdout for reason (lock timeout, or exposure cap reached).
2026-09-14 23:18:29 [INFO] --- MADBOT ENGINE CYCLE FINISHED ---
2026-09-14 23:33:04 [INFO] --- MADBOT ENGINE CYCLE STARTED ---
2026-09-14 23:33:09 [INFO] Ledger resolution complete.
2026-09-14 23:33:09 [INFO] Running neural scan on CRYPTO...
2026-09-14 23:33:29 [INFO] Scan complete: 5 setups found.
2026-09-14 23:33:30 [WARNING] Did not log BNB — see stdout for reason (lock timeout, or exposure cap reached).
2026-09-14 23:33:31 [WARNING] Did not log ETH — see stdout for reason (lock timeout, or exposure cap reached).
2026-09-14 23:33:31 [INFO] Skipping XRP — active systemic position already exists.
2026-09-14 23:33:32 [WARNING] Did not log BTC — see stdout for reason (lock timeout, or exposure cap reached).
2026-09-14 23:33:33 [WARNING] Did not log XLM — see stdout for reason (lock timeout, or exposure cap reached).
2026-09-14 23:33:33 [INFO] --- MADBOT ENGINE CYCLE FINISHED ---
2026-09-14 23:48:03 [INFO] --- MADBOT ENGINE CYCLE STARTED ---
2026-09-14 23:48:08 [INFO] Ledger resolution complete.
2026-09-14 23:48:08 [INFO] Running neural scan on CRYPTO...
2026-09-14 23:48:26 [INFO] Scan complete: 5 setups found.
2026-09-14 23:48:27 [WARNING] Did not log BNB — see stdout for reason (lock timeout, or exposure cap reached).
2026-09-14 23:48:28 [WARNING] Did not log ETH — see stdout for reason (lock timeout, or exposure cap reached).
2026-09-14 23:48:28 [INFO] Skipping XRP — active systemic position already exists.
2026-09-14 23:48:29 [WARNING] Did not log BTC — see stdout for reason (lock timeout, or exposure cap reached).
2026-09-14 23:48:30 [WARNING] Did not log XLM — see stdout for reason (lock timeout, or exposure cap reached).
2026-09-14 23:48:30 [INFO] --- MADBOT ENGINE CYCLE FINISHED ---
2026-09-15 00:03:04 [INFO] --- MADBOT ENGINE CYCLE STARTED ---
2026-09-15 00:03:09 [INFO] Ledger resolution complete.
2026-09-15 00:03:09 [INFO] Running neural scan on CRYPTO...
2026-09-15 00:03:29 [INFO] Scan complete: 5 setups found.
2026-09-15 00:03:30 [WARNING] Did not log TRX — see stdout for reason (lock timeout, or exposure cap reached).
2026-09-15 00:03:31 [WARNING] Did not log BNB — see stdout for reason (lock timeout, or exposure cap reached).
2026-09-15 00:03:32 [WARNING] Did not log ETH — see stdout for reason (lock timeout, or exposure cap reached).
2026-09-15 00:03:33 [WARNING] Did not log LTC — see stdout for reason (lock timeout, or exposure cap reached).
2026-09-15 00:03:33 [INFO] Skipping SOL — active systemic position already exists.
2026-09-15 00:03:33 [INFO] --- MADBOT ENGINE CYCLE FINISHED ---
2026-09-15 00:18:04 [INFO] --- MADBOT ENGINE CYCLE STARTED ---
2026-09-15 00:18:08 [INFO] Ledger resolution complete.
2026-09-15 00:18:08 [INFO] Running neural scan on CRYPTO...
2026-09-15 00:18:26 [INFO] Scan complete: 5 setups found.
2026-09-15 00:18:27 [WARNING] Did not log TRX — see stdout for reason (lock timeout, or exposure cap reached).
2026-09-15 00:18:28 [WARNING] Did not log BNB — see stdout for reason (lock timeout, or exposure cap reached).
2026-09-15 00:18:29 [WARNING] Did not log ETH — see stdout for reason (lock timeout, or exposure cap reached).
2026-09-15 00:18:30 [WARNING] Did not log LTC — see stdout for reason (lock timeout, or exposure cap reached).
2026-09-15 00:18:30 [INFO] Skipping SOL — active systemic position already exists.
2026-09-15 00:18:30 [INFO] --- MADBOT ENGINE CYCLE FINISHED ---
2026-09-15 00:33:04 [INFO] --- MADBOT ENGINE CYCLE STARTED ---
2026-09-15 00:33:08 [INFO] Ledger resolution complete.
2026-09-15 00:33:08 [INFO] Running neural scan on CRYPTO...
2026-09-15 00:33:29 [INFO] Scan complete: 5 setups found.
2026-09-15 00:33:30 [WARNING] Did not log TRX — see stdout for reason (lock timeout, or exposure cap reached).
2026-09-15 00:33:31 [WARNING] Did not log BNB — see stdout for reason (lock timeout, or exposure cap reached).
2026-09-15 00:33:32 [WARNING] Did not log ETH — see stdout for reason (lock timeout, or exposure cap reached).
2026-09-15 00:33:33 [WARNING] Did not log LTC — see stdout for reason (lock timeout, or exposure cap reached).
2026-09-15 00:33:33 [INFO] Skipping SOL — active systemic position already exists.
2026-09-15 00:33:33 [INFO] --- MADBOT ENGINE CYCLE FINISHED ---
2026-09-15 00:48:04 [INFO] --- MADBOT ENGINE CYCLE STARTED ---
2026-09-15 00:48:08 [INFO] Ledger resolution complete.
2026-09-15 00:48:08 [INFO] Running neural scan on CRYPTO...
2026-09-15 00:48:27 [INFO] Scan complete: 5 setups found.
2026-09-15 00:48:28 [WARNING] Did not log TRX — see stdout for reason (lock timeout, or exposure cap reached).
2026-09-15 00:48:29 [WARNING] Did not log BNB — see stdout for reason (lock timeout, or exposure cap reached).
2026-09-15 00:48:29 [WARNING] Did not log ETH — see stdout for reason (lock timeout, or exposure cap reached).
2026-09-15 00:48:30 [WARNING] Did not log LTC — see stdout for reason (lock timeout, or exposure cap reached).
2026-09-15 00:48:30 [INFO] Skipping SOL — active systemic position already exists.
2026-09-15 00:48:30 [INFO] --- MADBOT ENGINE CYCLE FINISHED ---
2026-09-15 01:03:06 [INFO] --- MADBOT ENGINE CYCLE STARTED ---
2026-09-15 01:03:10 [INFO] Ledger resolution complete.
2026-09-15 01:03:10 [INFO] Running neural scan on CRYPTO...
2026-09-15 01:03:27 [INFO] Scan complete: 5 setups found.
2026-09-15 01:03:28 [INFO] SUCCESS: Systemic trade logged for BNB.
2026-09-15 01:03:29 [INFO] SUCCESS: Systemic trade logged for ETH.
2026-09-15 01:03:30 [INFO] SUCCESS: Systemic trade logged for NEAR.
2026-09-15 01:03:31 [INFO] SUCCESS: Systemic trade logged for SHIB.
2026-09-15 01:03:32 [WARNING] Did not log SOL — see stdout for reason (lock timeout, or exposure cap reached).
2026-09-15 01:03:32 [INFO] --- MADBOT ENGINE CYCLE FINISHED ---
2026-09-15 01:18:03 [INFO] --- MADBOT ENGINE CYCLE STARTED ---
2026-09-15 01:18:07 [INFO] Ledger resolution complete.
2026-09-15 01:18:07 [INFO] Running neural scan on CRYPTO...
2026-09-15 01:18:24 [INFO] Scan complete: 5 setups found.
2026-09-15 01:18:24 [INFO] Skipping BNB — active systemic position already exists.
2026-09-15 01:18:24 [INFO] Skipping ETH — active systemic position already exists.
2026-09-15 01:18:24 [INFO] Skipping NEAR — active systemic position already exists.
2026-09-15 01:18:24 [INFO] Skipping SHIB — active systemic position already exists.
2026-09-15 01:18:25 [WARNING] Did not log SOL — see stdout for reason (lock timeout, or exposure cap reached).
2026-09-15 01:18:25 [INFO] --- MADBOT ENGINE CYCLE FINISHED ---
2026-09-15 01:33:03 [INFO] --- MADBOT ENGINE CYCLE STARTED ---
2026-09-15 01:33:07 [INFO] Ledger resolution complete.
2026-09-15 01:33:07 [INFO] Running neural scan on CRYPTO...
2026-09-15 01:33:24 [INFO] Scan complete: 5 setups found.
2026-09-15 01:33:24 [INFO] Skipping BNB — active systemic position already exists.
2026-09-15 01:33:24 [INFO] Skipping ETH — active systemic position already exists.
2026-09-15 01:33:24 [INFO] Skipping NEAR — active systemic position already exists.
2026-09-15 01:33:24 [INFO] Skipping SHIB — active systemic position already exists.
2026-09-15 01:33:25 [WARNING] Did not log SOL — see stdout for reason (lock timeout, or exposure cap reached).
2026-09-15 01:33:25 [INFO] --- MADBOT ENGINE CYCLE FINISHED ---
2026-09-15 01:48:04 [INFO] --- MADBOT ENGINE CYCLE STARTED ---
2026-09-15 01:48:07 [INFO] Ledger resolution complete.
2026-09-15 01:48:07 [INFO] Running neural scan on CRYPTO...
2026-09-15 01:48:26 [INFO] Scan complete: 5 setups found.
2026-09-15 01:48:26 [INFO] Skipping BNB — active systemic position already exists.
2026-09-15 01:48:26 [INFO] Skipping ETH — active systemic position already exists.
2026-09-15 01:48:26 [INFO] Skipping NEAR — active systemic position already exists.
2026-09-15 01:48:26 [INFO] Skipping SHIB — active systemic position already exists.
2026-09-15 01:48:27 [WARNING] Did not log SOL — see stdout for reason (lock timeout, or exposure cap reached).
2026-09-15 01:48:27 [INFO] --- MADBOT ENGINE CYCLE FINISHED ---
2026-09-15 02:03:37 [INFO] --- MADBOT ENGINE CYCLE STARTED ---
2026-09-15 02:03:43 [INFO] Ledger resolution complete.
2026-09-15 02:03:43 [INFO] Running neural scan on CRYPTO...
2026-09-15 02:04:03 [INFO] Scan complete: 5 setups found.
2026-09-15 02:04:03 [INFO] Skipping BNB — active systemic position already exists.
2026-09-15 02:04:06 [INFO] SUCCESS: Systemic trade logged for ENA.
2026-09-15 02:04:06 [INFO] Skipping ETH — active systemic position already exists.
2026-09-15 02:04:07 [WARNING] Did not log LINK — see stdout for reason (lock timeout, or exposure cap reached).
2026-09-15 02:04:07 [INFO] Skipping SHIB — active systemic position already exists.
2026-09-15 02:04:07 [INFO] --- MADBOT ENGINE CYCLE FINISHED ---
2026-09-15 02:18:06 [INFO] --- MADBOT ENGINE CYCLE STARTED ---
2026-09-15 02:18:09 [INFO] Ledger resolution complete.
2026-09-15 02:18:09 [INFO] Running neural scan on CRYPTO...
2026-09-15 02:18:28 [INFO] Scan complete: 5 setups found.
2026-09-15 02:18:28 [INFO] Skipping BNB — active systemic position already exists.
2026-09-15 02:18:28 [INFO] Skipping ENA — active systemic position already exists.
2026-09-15 02:18:28 [INFO] Skipping ETH — active systemic position already exists.
2026-09-15 02:18:29 [WARNING] Did not log LINK — see stdout for reason (lock timeout, or exposure cap reached).
2026-09-15 02:18:29 [INFO] Skipping SHIB — active systemic position already exists.
2026-09-15 02:18:29 [INFO] --- MADBOT ENGINE CYCLE FINISHED ---
2026-09-15 02:33:04 [INFO] --- MADBOT ENGINE CYCLE STARTED ---
2026-09-15 02:33:08 [INFO] Ledger resolution complete.
2026-09-15 02:33:08 [INFO] Running neural scan on CRYPTO...
2026-09-15 02:33:26 [INFO] Scan complete: 5 setups found.
2026-09-15 02:33:26 [INFO] Skipping BNB — active systemic position already exists.
2026-09-15 02:33:26 [INFO] Skipping ENA — active systemic position already exists.
2026-09-15 02:33:26 [INFO] Skipping ETH — active systemic position already exists.
2026-09-15 02:33:27 [WARNING] Did not log LINK — see stdout for reason (lock timeout, or exposure cap reached).
2026-09-15 02:33:27 [INFO] Skipping SHIB — active systemic position already exists.
2026-09-15 02:33:27 [INFO] --- MADBOT ENGINE CYCLE FINISHED ---
2026-09-15 02:48:05 [INFO] --- MADBOT ENGINE CYCLE STARTED ---
2026-09-15 02:48:08 [INFO] Ledger resolution complete.
2026-09-15 02:48:08 [INFO] Running neural scan on CRYPTO...
2026-09-15 02:48:29 [INFO] Scan complete: 5 setups found.
2026-09-15 02:48:29 [INFO] Skipping BNB — active systemic position already exists.
2026-09-15 02:48:29 [INFO] Skipping ENA — active systemic position already exists.
2026-09-15 02:48:29 [INFO] Skipping ETH — active systemic position already exists.
2026-09-15 02:48:30 [WARNING] Did not log LINK — see stdout for reason (lock timeout, or exposure cap reached).
2026-09-15 02:48:30 [INFO] Skipping SHIB — active systemic position already exists.
2026-09-15 02:48:30 [INFO] --- MADBOT ENGINE CYCLE FINISHED ---
2026-09-15 03:03:04 [INFO] --- MADBOT ENGINE CYCLE STARTED ---
2026-09-15 03:03:07 [INFO] Ledger resolution complete.
2026-09-15 03:03:07 [INFO] Running neural scan on CRYPTO...
2026-09-15 03:03:25 [INFO] Scan complete: 5 setups found.
2026-09-15 03:03:25 [INFO] Skipping ETH — active systemic position already exists.
2026-09-15 03:03:26 [WARNING] Did not log LINK — see stdout for reason (lock timeout, or exposure cap reached).
2026-09-15 03:03:27 [WARNING] Did not log UNI — see stdout for reason (lock timeout, or exposure cap reached).
2026-09-15 03:03:27 [INFO] Skipping ENA — active systemic position already exists.
2026-09-15 03:03:28 [WARNING] Did not log SOL — see stdout for reason (lock timeout, or exposure cap reached).
2026-09-15 03:03:28 [INFO] --- MADBOT ENGINE CYCLE FINISHED ---
2026-09-15 03:18:04 [INFO] --- MADBOT ENGINE CYCLE STARTED ---
2026-09-15 03:18:07 [INFO] Ledger resolution complete.
2026-09-15 03:18:07 [INFO] Running neural scan on CRYPTO...
2026-09-15 03:18:27 [INFO] Scan complete: 5 setups found.
2026-09-15 03:18:27 [INFO] Skipping ETH — active systemic position already exists.
2026-09-15 03:18:28 [WARNING] Did not log LINK — see stdout for reason (lock timeout, or exposure cap reached).
2026-09-15 03:18:29 [WARNING] Did not log UNI — see stdout for reason (lock timeout, or exposure cap reached).
2026-09-15 03:18:29 [INFO] Skipping ENA — active systemic position already exists.
2026-09-15 03:18:30 [WARNING] Did not log SOL — see stdout for reason (lock timeout, or exposure cap reached).
2026-09-15 03:18:30 [INFO] --- MADBOT ENGINE CYCLE FINISHED ---
2026-09-15 03:33:05 [INFO] --- MADBOT ENGINE CYCLE STARTED ---
2026-09-15 03:33:09 [INFO] Ledger resolution complete.
2026-09-15 03:33:09 [INFO] Running neural scan on CRYPTO...
2026-09-15 03:33:25 [INFO] Scan complete: 5 setups found.
2026-09-15 03:33:25 [INFO] Skipping ETH — active systemic position already exists.
2026-09-15 03:33:26 [WARNING] Did not log LINK — see stdout for reason (lock timeout, or exposure cap reached).
2026-09-15 03:33:28 [WARNING] Did not log UNI — see stdout for reason (lock timeout, or exposure cap reached).
2026-09-15 03:33:28 [INFO] Skipping ENA — active systemic position already exists.
2026-09-15 03:33:29 [WARNING] Did not log SOL — see stdout for reason (lock timeout, or exposure cap reached).
2026-09-15 03:33:29 [INFO] --- MADBOT ENGINE CYCLE FINISHED ---
2026-09-15 03:48:04 [INFO] --- MADBOT ENGINE CYCLE STARTED ---
2026-09-15 03:48:08 [INFO] Ledger resolution complete.
2026-09-15 03:48:08 [INFO] Running neural scan on CRYPTO...
2026-09-15 03:48:25 [INFO] Scan complete: 5 setups found.
2026-09-15 03:48:25 [INFO] Skipping ETH — active systemic position already exists.
2026-09-15 03:48:26 [WARNING] Did not log LINK — see stdout for reason (lock timeout, or exposure cap reached).
2026-09-15 03:48:27 [WARNING] Did not log UNI — see stdout for reason (lock timeout, or exposure cap reached).
2026-09-15 03:48:27 [INFO] Skipping ENA — active systemic position already exists.
2026-09-15 03:48:28 [WARNING] Did not log SOL — see stdout for reason (lock timeout, or exposure cap reached).
2026-09-15 03:48:28 [INFO] --- MADBOT ENGINE CYCLE FINISHED ---
2026-09-15 04:03:04 [INFO] --- MADBOT ENGINE CYCLE STARTED ---
2026-09-15 04:03:08 [INFO] Ledger resolution complete.
2026-09-15 04:03:08 [INFO] Running neural scan on CRYPTO...
2026-09-15 04:03:25 [INFO] Scan complete: 5 setups found.
2026-09-15 04:03:25 [INFO] Skipping BNB — active systemic position already exists.
2026-09-15 04:03:26 [INFO] SUCCESS: Systemic trade logged for SOL.
2026-09-15 04:03:27 [WARNING] Did not log UNI — see stdout for reason (lock timeout, or exposure cap reached).
2026-09-15 04:03:28 [WARNING] Did not log ARB — see stdout for reason (lock timeout, or exposure cap reached).
2026-09-15 04:03:29 [WARNING] Did not log ETH — see stdout for reason (lock timeout, or exposure cap reached).
2026-09-15 04:03:29 [INFO] --- MADBOT ENGINE CYCLE FINISHED ---
2026-09-15 04:18:05 [INFO] --- MADBOT ENGINE CYCLE STARTED ---
2026-09-15 04:18:08 [INFO] Ledger resolution complete.
2026-09-15 04:18:08 [INFO] Running neural scan on CRYPTO...
2026-09-15 04:18:26 [INFO] Scan complete: 5 setups found.
2026-09-15 04:18:26 [INFO] Skipping BNB — active systemic position already exists.
2026-09-15 04:18:26 [INFO] Skipping SOL — active systemic position already exists.
2026-09-15 04:18:27 [WARNING] Did not log UNI — see stdout for reason (lock timeout, or exposure cap reached).
2026-09-15 04:18:28 [WARNING] Did not log ARB — see stdout for reason (lock timeout, or exposure cap reached).
2026-09-15 04:18:28 [WARNING] Did not log ETH — see stdout for reason (lock timeout, or exposure cap reached).
2026-09-15 04:18:28 [INFO] --- MADBOT ENGINE CYCLE FINISHED ---
2026-09-15 04:33:04 [INFO] --- MADBOT ENGINE CYCLE STARTED ---
2026-09-15 04:33:07 [INFO] Ledger resolution complete.
2026-09-15 04:33:07 [INFO] Running neural scan on CRYPTO...
2026-09-15 04:33:26 [INFO] Scan complete: 5 setups found.
2026-09-15 04:33:26 [INFO] Skipping BNB — active systemic position already exists.
2026-09-15 04:33:26 [INFO] Skipping SOL — active systemic position already exists.
2026-09-15 04:33:27 [WARNING] Did not log UNI — see stdout for reason (lock timeout, or exposure cap reached).
2026-09-15 04:33:28 [WARNING] Did not log ARB — see stdout for reason (lock timeout, or exposure cap reached).
2026-09-15 04:33:29 [WARNING] Did not log ETH — see stdout for reason (lock timeout, or exposure cap reached).
2026-09-15 04:33:29 [INFO] --- MADBOT ENGINE CYCLE FINISHED ---
2026-09-15 04:48:04 [INFO] --- MADBOT ENGINE CYCLE STARTED ---
2026-09-15 04:48:08 [INFO] Ledger resolution complete.
2026-09-15 04:48:08 [INFO] Running neural scan on CRYPTO...
2026-09-15 04:48:25 [INFO] Scan complete: 5 setups found.
2026-09-15 04:48:25 [INFO] Skipping BNB — active systemic position already exists.
2026-09-15 04:48:25 [INFO] Skipping SOL — active systemic position already exists.
2026-09-15 04:48:26 [WARNING] Did not log UNI — see stdout for reason (lock timeout, or exposure cap reached).
2026-09-15 04:48:27 [WARNING] Did not log ARB — see stdout for reason (lock timeout, or exposure cap reached).
2026-09-15 04:48:28 [WARNING] Did not log ETH — see stdout for reason (lock timeout, or exposure cap reached).
2026-09-15 04:48:28 [INFO] --- MADBOT ENGINE CYCLE FINISHED ---
2026-09-15 05:03:06 [INFO] --- MADBOT ENGINE CYCLE STARTED ---
2026-09-15 05:03:10 [INFO] Ledger resolution complete.
2026-09-15 05:03:10 [INFO] Running neural scan on CRYPTO...
2026-09-15 05:03:28 [INFO] Scan complete: 4 setups found.
2026-09-15 05:03:29 [INFO] SUCCESS: Systemic trade logged for ZEC.
2026-09-15 05:03:29 [INFO] Skipping ENA — active systemic position already exists.
2026-09-15 05:03:30 [WARNING] Did not log LINK — see stdout for reason (lock timeout, or exposure cap reached).
2026-09-15 05:03:31 [WARNING] Did not log NEAR — see stdout for reason (lock timeout, or exposure cap reached).
2026-09-15 05:03:31 [INFO] --- MADBOT ENGINE CYCLE FINISHED ---
2026-09-15 05:18:05 [INFO] --- MADBOT ENGINE CYCLE STARTED ---
2026-09-15 05:18:08 [INFO] Ledger resolution complete.
2026-09-15 05:18:08 [INFO] Running neural scan on CRYPTO...
2026-09-15 05:18:24 [INFO] Scan complete: 4 setups found.
2026-09-15 05:18:25 [INFO] Skipping ZEC — active systemic position already exists.
2026-09-15 05:18:25 [INFO] Skipping ENA — active systemic position already exists.
2026-09-15 05:18:25 [WARNING] Did not log LINK — see stdout for reason (lock timeout, or exposure cap reached).
2026-09-15 05:18:26 [WARNING] Did not log NEAR — see stdout for reason (lock timeout, or exposure cap reached).
2026-09-15 05:18:26 [INFO] --- MADBOT ENGINE CYCLE FINISHED ---
2026-09-15 05:33:03 [INFO] --- MADBOT ENGINE CYCLE STARTED ---
2026-09-15 05:33:07 [INFO] Ledger resolution complete.
2026-09-15 05:33:07 [INFO] Running neural scan on CRYPTO...
2026-09-15 05:33:22 [INFO] Scan complete: 4 setups found.
2026-09-15 05:33:22 [INFO] Skipping ZEC — active systemic position already exists.
2026-09-15 05:33:22 [INFO] Skipping ENA — active systemic position already exists.
2026-09-15 05:33:23 [WARNING] Did not log LINK — see stdout for reason (lock timeout, or exposure cap reached).
2026-09-15 05:33:24 [WARNING] Did not log NEAR — see stdout for reason (lock timeout, or exposure cap reached).
2026-09-15 05:33:24 [INFO] --- MADBOT ENGINE CYCLE FINISHED ---
2026-09-15 05:48:03 [INFO] --- MADBOT ENGINE CYCLE STARTED ---
2026-09-15 05:48:06 [INFO] Ledger resolution complete.
2026-09-15 05:48:06 [INFO] Running neural scan on CRYPTO...
2026-09-15 05:48:23 [INFO] Scan complete: 4 setups found.
2026-09-15 05:48:23 [INFO] Skipping ZEC — active systemic position already exists.
2026-09-15 05:48:23 [INFO] Skipping ENA — active systemic position already exists.
2026-09-15 05:48:24 [WARNING] Did not log LINK — see stdout for reason (lock timeout, or exposure cap reached).
2026-09-15 05:48:25 [WARNING] Did not log NEAR — see stdout for reason (lock timeout, or exposure cap reached).
2026-09-15 05:48:25 [INFO] --- MADBOT ENGINE CYCLE FINISHED ---
2026-09-15 06:03:03 [INFO] --- MADBOT ENGINE CYCLE STARTED ---
2026-09-15 06:03:06 [INFO] Ledger resolution complete.
2026-09-15 06:03:06 [INFO] Running neural scan on CRYPTO...
2026-09-15 06:03:24 [INFO] Scan complete: 4 setups found.
2026-09-15 06:03:25 [INFO] SUCCESS: Systemic trade logged for ARB.
2026-09-15 06:03:25 [INFO] Skipping ENA — active systemic position already exists.
2026-09-15 06:03:26 [WARNING] Did not log LINK — see stdout for reason (lock timeout, or exposure cap reached).
2026-09-15 06:03:27 [WARNING] Did not log LTC — see stdout for reason (lock timeout, or exposure cap reached).
2026-09-15 06:03:27 [INFO] --- MADBOT ENGINE CYCLE FINISHED ---
2026-09-15 06:18:03 [INFO] --- MADBOT ENGINE CYCLE STARTED ---
2026-09-15 06:18:06 [INFO] Ledger resolution complete.
2026-09-15 06:18:06 [INFO] Running neural scan on CRYPTO...
2026-09-15 06:18:21 [INFO] Scan complete: 4 setups found.
2026-09-15 06:18:21 [INFO] Skipping ARB — active systemic position already exists.
2026-09-15 06:18:21 [INFO] Skipping ENA — active systemic position already exists.
2026-09-15 06:18:22 [WARNING] Did not log LINK — see stdout for reason (lock timeout, or exposure cap reached).
2026-09-15 06:18:23 [WARNING] Did not log LTC — see stdout for reason (lock timeout, or exposure cap reached).
2026-09-15 06:18:23 [INFO] --- MADBOT ENGINE CYCLE FINISHED ---
2026-09-15 06:33:03 [INFO] --- MADBOT ENGINE CYCLE STARTED ---
2026-09-15 06:33:06 [INFO] Ledger resolution complete.
2026-09-15 06:33:06 [INFO] Running neural scan on CRYPTO...
2026-09-15 06:33:25 [INFO] Scan complete: 4 setups found.
2026-09-15 06:33:25 [INFO] Skipping ARB — active systemic position already exists.
2026-09-15 06:33:25 [INFO] Skipping ENA — active systemic position already exists.
2026-09-15 06:33:26 [WARNING] Did not log LINK — see stdout for reason (lock timeout, or exposure cap reached).
2026-09-15 06:33:27 [WARNING] Did not log LTC — see stdout for reason (lock timeout, or exposure cap reached).
2026-09-15 06:33:27 [INFO] --- MADBOT ENGINE CYCLE FINISHED ---
2026-09-15 06:48:03 [INFO] --- MADBOT ENGINE CYCLE STARTED ---
2026-09-15 06:48:06 [INFO] Ledger resolution complete.
2026-09-15 06:48:06 [INFO] Running neural scan on CRYPTO...
2026-09-15 06:48:23 [INFO] Scan complete: 4 setups found.
2026-09-15 06:48:23 [INFO] Skipping ARB — active systemic position already exists.
2026-09-15 06:48:23 [INFO] Skipping ENA — active systemic position already exists.
2026-09-15 06:48:24 [WARNING] Did not log LINK — see stdout for reason (lock timeout, or exposure cap reached).
2026-09-15 06:48:24 [WARNING] Did not log LTC — see stdout for reason (lock timeout, or exposure cap reached).
2026-09-15 06:48:24 [INFO] --- MADBOT ENGINE CYCLE FINISHED ---
2026-09-15 07:03:03 [INFO] --- MADBOT ENGINE CYCLE STARTED ---
2026-09-15 07:03:07 [INFO] Ledger resolution complete.
2026-09-15 07:03:07 [INFO] Running neural scan on CRYPTO...
2026-09-15 07:03:22 [INFO] Scan complete: No valid setups detected.
2026-09-15 07:18:03 [INFO] --- MADBOT ENGINE CYCLE STARTED ---
2026-09-15 07:18:06 [INFO] Ledger resolution complete.
2026-09-15 07:18:06 [INFO] Running neural scan on CRYPTO...
2026-09-15 07:18:23 [INFO] Scan complete: No valid setups detected.
2026-09-15 07:33:03 [INFO] --- MADBOT ENGINE CYCLE STARTED ---
2026-09-15 07:33:06 [INFO] Ledger resolution complete.
2026-09-15 07:33:06 [INFO] Running neural scan on CRYPTO...
2026-09-15 07:33:25 [INFO] Scan complete: No valid setups detected.
2026-09-15 07:48:03 [INFO] --- MADBOT ENGINE CYCLE STARTED ---
2026-09-15 07:48:06 [INFO] Ledger resolution complete.
2026-09-15 07:48:06 [INFO] Running neural scan on CRYPTO...
2026-09-15 07:48:22 [INFO] Scan complete: No valid setups detected.
2026-09-15 08:03:03 [INFO] --- MADBOT ENGINE CYCLE STARTED ---
2026-09-15 08:03:06 [INFO] Ledger resolution complete.
2026-09-15 08:03:06 [INFO] Running neural scan on CRYPTO...
2026-09-15 08:03:22 [INFO] Scan complete: 3 setups found.
2026-09-15 08:03:23 [INFO] SUCCESS: Systemic trade logged for UNI.
2026-09-15 08:03:23 [INFO] Skipping ENA — active systemic position already exists.
2026-09-15 08:03:24 [WARNING] Did not log OP — see stdout for reason (lock timeout, or exposure cap reached).
2026-09-15 08:03:24 [INFO] --- MADBOT ENGINE CYCLE FINISHED ---
2026-09-15 08:18:03 [INFO] --- MADBOT ENGINE CYCLE STARTED ---
2026-09-15 08:18:06 [INFO] Ledger resolution complete.
2026-09-15 08:18:06 [INFO] Running neural scan on CRYPTO...
2026-09-15 08:18:23 [INFO] Scan complete: 3 setups found.
2026-09-15 08:18:23 [INFO] Skipping UNI — active systemic position already exists.
2026-09-15 08:18:23 [INFO] Skipping ENA — active systemic position already exists.
2026-09-15 08:18:24 [WARNING] Did not log OP — see stdout for reason (lock timeout, or exposure cap reached).
2026-09-15 08:18:24 [INFO] --- MADBOT ENGINE CYCLE FINISHED ---
2026-09-15 08:33:03 [INFO] --- MADBOT ENGINE CYCLE STARTED ---
2026-09-15 08:33:06 [INFO] Ledger resolution complete.
2026-09-15 08:33:06 [INFO] Running neural scan on CRYPTO...
2026-09-15 08:33:22 [INFO] Scan complete: 3 setups found.
2026-09-15 08:33:22 [INFO] Skipping UNI — active systemic position already exists.
2026-09-15 08:33:22 [INFO] Skipping ENA — active systemic position already exists.
2026-09-15 08:33:22 [WARNING] Did not log OP — see stdout for reason (lock timeout, or exposure cap reached).
2026-09-15 08:33:22 [INFO] --- MADBOT ENGINE CYCLE FINISHED ---
2026-09-15 08:48:03 [INFO] --- MADBOT ENGINE CYCLE STARTED ---
2026-09-15 08:48:06 [INFO] Ledger resolution complete.
2026-09-15 08:48:06 [INFO] Running neural scan on CRYPTO...
2026-09-15 08:48:23 [INFO] Scan complete: 3 setups found.
2026-09-15 08:48:23 [INFO] Skipping UNI — active systemic position already exists.
2026-09-15 08:48:23 [INFO] Skipping ENA — active systemic position already exists.
2026-09-15 08:48:24 [WARNING] Did not log OP — see stdout for reason (lock timeout, or exposure cap reached).
2026-09-15 08:48:24 [INFO] --- MADBOT ENGINE CYCLE FINISHED ---
2026-09-15 09:03:03 [INFO] --- MADBOT ENGINE CYCLE STARTED ---
2026-09-15 09:03:07 [INFO] Ledger resolution complete.
2026-09-15 09:03:07 [INFO] Running neural scan on CRYPTO...
2026-09-15 09:03:21 [INFO] Scan complete: 2 setups found.
2026-09-15 09:03:21 [INFO] Skipping UNI — active systemic position already exists.
2026-09-15 09:03:22 [WARNING] Did not log XAUT — see stdout for reason (lock timeout, or exposure cap reached).
2026-09-15 09:03:22 [INFO] --- MADBOT ENGINE CYCLE FINISHED ---
2026-09-15 09:18:03 [INFO] --- MADBOT ENGINE CYCLE STARTED ---
2026-09-15 09:18:06 [INFO] Ledger resolution complete.
2026-09-15 09:18:06 [INFO] Running neural scan on CRYPTO...
2026-09-15 09:18:22 [INFO] Scan complete: 2 setups found.
2026-09-15 09:18:22 [INFO] Skipping UNI — active systemic position already exists.
2026-09-15 09:18:23 [WARNING] Did not log XAUT — see stdout for reason (lock timeout, or exposure cap reached).
2026-09-15 09:18:23 [INFO] --- MADBOT ENGINE CYCLE FINISHED ---
2026-09-15 09:33:03 [INFO] --- MADBOT ENGINE CYCLE STARTED ---
2026-09-15 09:33:06 [INFO] Ledger resolution complete.
2026-09-15 09:33:06 [INFO] Running neural scan on CRYPTO...
2026-09-15 09:33:23 [INFO] Scan complete: 2 setups found.
2026-09-15 09:33:23 [INFO] Skipping UNI — active systemic position already exists.
2026-09-15 09:33:24 [WARNING] Did not log XAUT — see stdout for reason (lock timeout, or exposure cap reached).
2026-09-15 09:33:24 [INFO] --- MADBOT ENGINE CYCLE FINISHED ---
2026-09-15 09:48:03 [INFO] --- MADBOT ENGINE CYCLE STARTED ---
2026-09-15 09:48:07 [INFO] Ledger resolution complete.
2026-09-15 09:48:07 [INFO] Running neural scan on CRYPTO...
2026-09-15 09:48:29 [INFO] Scan complete: 2 setups found.
2026-09-15 09:48:29 [INFO] Skipping UNI — active systemic position already exists.
2026-09-15 09:48:30 [WARNING] Did not log XAUT — see stdout for reason (lock timeout, or exposure cap reached).
2026-09-15 09:48:30 [INFO] --- MADBOT ENGINE CYCLE FINISHED ---
2026-09-15 10:03:03 [INFO] --- MADBOT ENGINE CYCLE STARTED ---
2026-09-15 10:03:06 [INFO] Ledger resolution complete.
2026-09-15 10:03:06 [INFO] Running neural scan on CRYPTO...
2026-09-15 10:03:23 [INFO] Scan complete: 1 setups found.
2026-09-15 10:03:24 [WARNING] Did not log XLM — see stdout for reason (lock timeout, or exposure cap reached).
2026-09-15 10:03:24 [INFO] --- MADBOT ENGINE CYCLE FINISHED ---
2026-09-15 10:18:03 [INFO] --- MADBOT ENGINE CYCLE STARTED ---
2026-09-15 10:18:06 [INFO] Ledger resolution complete.
2026-09-15 10:18:06 [INFO] Running neural scan on CRYPTO...
2026-09-15 10:18:22 [INFO] Scan complete: 1 setups found.
2026-09-15 10:18:22 [WARNING] Did not log XLM — see stdout for reason (lock timeout, or exposure cap reached).
2026-09-15 10:18:22 [INFO] --- MADBOT ENGINE CYCLE FINISHED ---
2026-09-15 10:33:03 [INFO] --- MADBOT ENGINE CYCLE STARTED ---
2026-09-15 10:33:06 [INFO] Ledger resolution complete.
2026-09-15 10:33:06 [INFO] Running neural scan on CRYPTO...
2026-09-15 10:33:21 [INFO] Scan complete: 1 setups found.
2026-09-15 10:33:22 [WARNING] Did not log XLM — see stdout for reason (lock timeout, or exposure cap reached).
2026-09-15 10:33:22 [INFO] --- MADBOT ENGINE CYCLE FINISHED ---
2026-09-15 10:48:03 [INFO] --- MADBOT ENGINE CYCLE STARTED ---
2026-09-15 10:48:06 [INFO] Ledger resolution complete.
2026-09-15 10:48:06 [INFO] Running neural scan on CRYPTO...
2026-09-15 10:48:23 [INFO] Scan complete: 1 setups found.
2026-09-15 10:48:23 [WARNING] Did not log XLM — see stdout for reason (lock timeout, or exposure cap reached).
2026-09-15 10:48:23 [INFO] --- MADBOT ENGINE CYCLE FINISHED ---
2026-09-15 11:03:03 [INFO] --- MADBOT ENGINE CYCLE STARTED ---
2026-09-15 11:03:06 [INFO] Ledger resolution complete.
2026-09-15 11:03:06 [INFO] Running neural scan on CRYPTO...
2026-09-15 11:03:24 [INFO] Scan complete: No valid setups detected.
2026-09-15 11:18:03 [INFO] --- MADBOT ENGINE CYCLE STARTED ---
2026-09-15 11:18:06 [INFO] Ledger resolution complete.
2026-09-15 11:18:06 [INFO] Running neural scan on CRYPTO...
2026-09-15 11:18:23 [INFO] Scan complete: No valid setups detected.
2026-09-15 11:33:03 [INFO] --- MADBOT ENGINE CYCLE STARTED ---
2026-09-15 11:33:06 [INFO] Ledger resolution complete.
2026-09-15 11:33:06 [INFO] Running neural scan on CRYPTO...
2026-09-15 11:33:22 [INFO] Scan complete: No valid setups detected.
2026-09-15 11:48:03 [INFO] --- MADBOT ENGINE CYCLE STARTED ---
2026-09-15 11:48:06 [INFO] Ledger resolution complete.
2026-09-15 11:48:06 [INFO] Running neural scan on CRYPTO...
2026-09-15 11:48:21 [INFO] Scan complete: No valid setups detected.
2026-09-15 12:03:03 [INFO] --- MADBOT ENGINE CYCLE STARTED ---
2026-09-15 12:03:06 [INFO] Ledger resolution complete.
2026-09-15 12:03:06 [INFO] Running neural scan on CRYPTO...
2026-09-15 12:03:24 [INFO] Scan complete: No valid setups detected.
2026-09-15 12:18:03 [INFO] --- MADBOT ENGINE CYCLE STARTED ---
2026-09-15 12:18:14 [INFO] Ledger resolution complete.
2026-09-15 12:18:14 [INFO] Running neural scan on CRYPTO...
2026-09-15 12:18:41 [INFO] Scan complete: No valid setups detected.
2026-09-15 12:33:04 [INFO] --- MADBOT ENGINE CYCLE STARTED ---
2026-09-15 12:33:08 [INFO] Ledger resolution complete.
2026-09-15 12:33:08 [INFO] Running neural scan on CRYPTO...
2026-09-15 12:33:24 [INFO] Scan complete: No valid setups detected.
2026-09-15 12:48:04 [INFO] --- MADBOT ENGINE CYCLE STARTED ---
2026-09-15 12:48:08 [INFO] Ledger resolution complete.
2026-09-15 12:48:08 [INFO] Running neural scan on CRYPTO...
2026-09-15 12:48:27 [INFO] Scan complete: No valid setups detected.
2026-09-15 13:03:04 [INFO] --- MADBOT ENGINE CYCLE STARTED ---
2026-09-15 13:03:08 [INFO] Ledger resolution complete.
2026-09-15 13:03:08 [INFO] Running neural scan on CRYPTO...
2026-09-15 13:03:24 [INFO] Scan complete: 1 setups found.
2026-09-15 13:03:24 [INFO] Skipping UNI — active systemic position already exists.
2026-09-15 13:03:24 [INFO] --- MADBOT ENGINE CYCLE FINISHED ---
2026-09-15 13:30:42 [INFO] --- MADBOT ENGINE CYCLE STARTED ---
2026-09-15 13:30:47 [INFO] Ledger resolution complete.
2026-09-15 13:30:47 [INFO] Running neural scan on CRYPTO...
2026-09-15 13:31:05 [INFO] Scan complete: 1 setups found.
2026-09-15 13:31:05 [INFO] Skipping UNI — active systemic position already exists.
2026-09-15 13:31:05 [INFO] --- MADBOT ENGINE CYCLE FINISHED ---
2026-09-15 13:33:05 [INFO] --- MADBOT ENGINE CYCLE STARTED ---
2026-09-15 13:33:05 [INFO] Ledger resolution complete.
2026-09-15 13:33:05 [INFO] Running neural scan on CRYPTO...
2026-09-15 13:33:25 [INFO] Scan complete: 1 setups found.
2026-09-15 13:33:25 [INFO] Skipping UNI — active systemic position already exists.
2026-09-15 13:33:25 [INFO] --- MADBOT ENGINE CYCLE FINISHED ---
2026-09-15 13:48:06 [INFO] --- MADBOT ENGINE CYCLE STARTED ---
2026-09-15 13:48:11 [INFO] Ledger resolution complete.
2026-09-15 13:48:11 [INFO] Running neural scan on CRYPTO...
2026-09-15 13:48:28 [INFO] Scan complete: 1 setups found.
2026-09-15 13:48:28 [INFO] Skipping UNI — active systemic position already exists.
2026-09-15 13:48:28 [INFO] --- MADBOT ENGINE CYCLE FINISHED ---
2026-09-15 14:03:09 [INFO] --- MADBOT ENGINE CYCLE STARTED ---
2026-09-15 14:03:13 [INFO] Ledger resolution complete.
2026-09-15 14:03:13 [INFO] Running neural scan on CRYPTO...
2026-09-15 14:03:32 [INFO] Scan complete: No valid setups detected.
2026-09-15 14:18:04 [INFO] --- MADBOT ENGINE CYCLE STARTED ---
2026-09-15 14:18:08 [INFO] Ledger resolution complete.
2026-09-15 14:18:08 [INFO] Running neural scan on CRYPTO...
2026-09-15 14:18:26 [INFO] Scan complete: No valid setups detected.
2026-09-15 14:33:04 [INFO] --- MADBOT ENGINE CYCLE STARTED ---
2026-09-15 14:33:08 [INFO] Ledger resolution complete.
2026-09-15 14:33:08 [INFO] Running neural scan on CRYPTO...
2026-09-15 14:33:26 [INFO] Scan complete: No valid setups detected.
2026-09-15 14:48:04 [INFO] --- MADBOT ENGINE CYCLE STARTED ---
2026-09-15 14:48:08 [INFO] Ledger resolution complete.
2026-09-15 14:48:08 [INFO] Running neural scan on CRYPTO...
2026-09-15 14:48:27 [INFO] Scan complete: No valid setups detected.
2026-09-15 15:03:05 [INFO] --- MADBOT ENGINE CYCLE STARTED ---
2026-09-15 15:03:08 [INFO] Ledger resolution complete.
2026-09-15 15:03:08 [INFO] Running neural scan on CRYPTO...
2026-09-15 15:03:27 [INFO] Scan complete: No valid setups detected.
2026-09-15 15:18:05 [INFO] --- MADBOT ENGINE CYCLE STARTED ---
2026-09-15 15:18:09 [INFO] Ledger resolution complete.
2026-09-15 15:18:09 [INFO] Running neural scan on CRYPTO...
2026-09-15 15:18:27 [INFO] Scan complete: No valid setups detected.
2026-09-15 15:33:05 [INFO] --- MADBOT ENGINE CYCLE STARTED ---
2026-09-15 15:33:09 [INFO] Ledger resolution complete.
2026-09-15 15:33:09 [INFO] Running neural scan on CRYPTO...
2026-09-15 15:33:27 [INFO] Scan complete: No valid setups detected.
2026-09-15 15:48:05 [INFO] --- MADBOT ENGINE CYCLE STARTED ---
2026-09-15 15:48:09 [INFO] Ledger resolution complete.
2026-09-15 15:48:09 [INFO] Running neural scan on CRYPTO...
2026-09-15 15:48:27 [INFO] Scan complete: No valid setups detected.
2026-09-15 16:03:04 [INFO] --- MADBOT ENGINE CYCLE STARTED ---
2026-09-15 16:03:08 [INFO] Ledger resolution complete.
2026-09-15 16:03:08 [INFO] Running neural scan on CRYPTO...
2026-09-15 16:03:27 [INFO] Scan complete: No valid setups detected.
2026-09-15 16:49:29 [INFO] --- MADBOT ENGINE CYCLE STARTED ---
2026-09-15 16:49:32 [INFO] Ledger resolution complete.
2026-09-15 16:49:32 [INFO] Running neural scan on CRYPTO...
2026-09-15 16:49:51 [INFO] Scan complete: No valid setups detected.
2026-09-15 17:03:04 [INFO] --- MADBOT ENGINE CYCLE STARTED ---
2026-09-15 17:03:08 [INFO] Ledger resolution complete.
2026-09-15 17:03:08 [INFO] Running neural scan on CRYPTO...
2026-09-15 17:03:25 [INFO] Scan complete: No valid setups detected.
2026-09-15 17:18:07 [INFO] --- MADBOT ENGINE CYCLE STARTED ---
2026-09-15 17:18:11 [INFO] Ledger resolution complete.
2026-09-15 17:18:11 [INFO] Running neural scan on CRYPTO...
2026-09-15 17:18:27 [INFO] Scan complete: No valid setups detected.
2026-09-15 17:33:03 [INFO] --- MADBOT ENGINE CYCLE STARTED ---
2026-09-15 17:33:08 [INFO] Ledger resolution complete.
2026-09-15 17:33:08 [INFO] Running neural scan on CRYPTO...
2026-09-15 17:33:25 [INFO] Scan complete: No valid setups detected.
2026-09-15 17:48:03 [INFO] --- MADBOT ENGINE CYCLE STARTED ---
2026-09-15 17:48:08 [INFO] Ledger resolution complete.
2026-09-15 17:48:08 [INFO] Running neural scan on CRYPTO...
2026-09-15 17:48:25 [INFO] Scan complete: No valid setups detected.
2026-09-15 18:03:04 [INFO] --- MADBOT ENGINE CYCLE STARTED ---
2026-09-15 18:03:08 [INFO] Ledger resolution complete.
2026-09-15 18:03:08 [INFO] Running neural scan on CRYPTO...
2026-09-15 18:03:34 [INFO] Scan complete: 1 setups found.
2026-09-15 18:03:36 [INFO] SUCCESS: Systemic trade logged for TRX.
2026-09-15 18:03:36 [INFO] --- MADBOT ENGINE CYCLE FINISHED ---
2026-09-15 18:18:04 [INFO] --- MADBOT ENGINE CYCLE STARTED ---
2026-09-15 18:18:08 [INFO] Ledger resolution complete.
2026-09-15 18:18:08 [INFO] Running neural scan on CRYPTO...
2026-09-15 18:18:34 [INFO] Scan complete: 1 setups found.
2026-09-15 18:18:34 [INFO] Skipping TRX — active systemic position already exists.
2026-09-15 18:18:34 [INFO] --- MADBOT ENGINE CYCLE FINISHED ---
2026-09-15 18:33:04 [INFO] --- MADBOT ENGINE CYCLE STARTED ---
2026-09-15 18:33:07 [INFO] Ledger resolution complete.
2026-09-15 18:33:07 [INFO] Running neural scan on CRYPTO...
2026-09-15 18:33:34 [INFO] Scan complete: 1 setups found.
2026-09-15 18:33:34 [INFO] Skipping TRX — active systemic position already exists.
2026-09-15 18:33:34 [INFO] --- MADBOT ENGINE CYCLE FINISHED ---
2026-09-15 18:48:04 [INFO] --- MADBOT ENGINE CYCLE STARTED ---
2026-09-15 18:48:08 [INFO] Ledger resolution complete.
2026-09-15 18:48:08 [INFO] Running neural scan on CRYPTO...
2026-09-15 18:48:39 [INFO] Scan complete: 1 setups found.
2026-09-15 18:48:39 [INFO] Skipping TRX — active systemic position already exists.
2026-09-15 18:48:39 [INFO] --- MADBOT ENGINE CYCLE FINISHED ---
2026-09-15 19:03:04 [INFO] --- MADBOT ENGINE CYCLE STARTED ---
2026-09-15 19:03:07 [INFO] Ledger resolution complete.
2026-09-15 19:03:07 [INFO] Running neural scan on CRYPTO...
2026-09-15 19:03:33 [INFO] Scan complete: 2 setups found.
2026-09-15 19:03:34 [INFO] Skipping TRX — active systemic position already exists.
2026-09-15 19:03:35 [INFO] SUCCESS: Systemic trade logged for UNI.
2026-09-15 19:03:35 [INFO] --- MADBOT ENGINE CYCLE FINISHED ---
2026-09-15 19:18:04 [INFO] --- MADBOT ENGINE CYCLE STARTED ---
2026-09-15 19:18:08 [INFO] Ledger resolution complete.
2026-09-15 19:18:08 [INFO] Running neural scan on CRYPTO...
2026-09-15 19:18:34 [INFO] Scan complete: 2 setups found.
2026-09-15 19:18:34 [INFO] Skipping TRX — active systemic position already exists.
2026-09-15 19:18:34 [INFO] Skipping UNI — active systemic position already exists.
2026-09-15 19:18:34 [INFO] --- MADBOT ENGINE CYCLE FINISHED ---
2026-09-15 19:33:04 [INFO] --- MADBOT ENGINE CYCLE STARTED ---
2026-09-15 19:33:08 [INFO] Ledger resolution complete.
2026-09-15 19:33:08 [INFO] Running neural scan on CRYPTO...
2026-09-15 19:33:34 [INFO] Scan complete: 2 setups found.
2026-09-15 19:33:34 [INFO] Skipping TRX — active systemic position already exists.
2026-09-15 19:33:34 [INFO] Skipping UNI — active systemic position already exists.
2026-09-15 19:33:34 [INFO] --- MADBOT ENGINE CYCLE FINISHED ---
2026-09-15 19:48:03 [INFO] --- MADBOT ENGINE CYCLE STARTED ---
2026-09-15 19:48:08 [INFO] Ledger resolution complete.
2026-09-15 19:48:08 [INFO] Running neural scan on CRYPTO...
2026-09-15 19:48:27 [INFO] Scan complete: No valid setups detected.
2026-09-15 20:03:04 [INFO] --- MADBOT ENGINE CYCLE STARTED ---
2026-09-15 20:03:07 [INFO] Ledger resolution complete.
2026-09-15 20:03:07 [INFO] Running neural scan on CRYPTO...
2026-09-15 20:03:25 [INFO] Scan complete: 3 setups found.
2026-09-15 20:03:26 [INFO] SUCCESS: Systemic trade logged for ARB.
2026-09-15 20:03:26 [INFO] Skipping UNI — active systemic position already exists.
2026-09-15 20:03:27 [INFO] SUCCESS: Systemic trade logged for XLM.
2026-09-15 20:03:27 [INFO] --- MADBOT ENGINE CYCLE FINISHED ---
2026-09-15 20:18:04 [INFO] --- MADBOT ENGINE CYCLE STARTED ---
2026-09-15 20:18:09 [INFO] Ledger resolution complete.
2026-09-15 20:18:09 [INFO] Running neural scan on CRYPTO...
2026-09-15 20:18:36 [INFO] Scan complete: 2 setups found.
2026-09-15 20:18:36 [INFO] Skipping ARB — active systemic position already exists.
2026-09-15 20:18:37 [INFO] SUCCESS: Systemic trade logged for BNB.
2026-09-15 20:18:37 [INFO] --- MADBOT ENGINE CYCLE FINISHED ---
2026-09-15 20:33:03 [INFO] --- MADBOT ENGINE CYCLE STARTED ---
2026-09-15 20:33:09 [INFO] Ledger resolution complete.
2026-09-15 20:33:09 [INFO] Running neural scan on CRYPTO...
2026-09-15 20:33:26 [INFO] Scan complete: 3 setups found.
2026-09-15 20:33:26 [INFO] Skipping ARB — active systemic position already exists.
2026-09-15 20:33:26 [INFO] Skipping UNI — active systemic position already exists.
2026-09-15 20:33:26 [INFO] Skipping XLM — active systemic position already exists.
2026-09-15 20:33:26 [INFO] --- MADBOT ENGINE CYCLE FINISHED ---
2026-09-15 20:48:04 [INFO] --- MADBOT ENGINE CYCLE STARTED ---
2026-09-15 20:48:08 [INFO] Ledger resolution complete.
2026-09-15 20:48:08 [INFO] Running neural scan on CRYPTO...
2026-09-15 20:48:23 [INFO] Scan complete: 3 setups found.
2026-09-15 20:48:23 [INFO] Skipping ARB — active systemic position already exists.
2026-09-15 20:48:23 [INFO] Skipping UNI — active systemic position already exists.
2026-09-15 20:48:23 [INFO] Skipping XLM — active systemic position already exists.
2026-09-15 20:48:23 [INFO] --- MADBOT ENGINE CYCLE FINISHED ---
2026-09-15 21:03:03 [INFO] --- MADBOT ENGINE CYCLE STARTED ---
2026-09-15 21:03:07 [INFO] Ledger resolution complete.
2026-09-15 21:03:07 [INFO] Running neural scan on CRYPTO...
2026-09-15 21:03:26 [INFO] Scan complete: 1 setups found.
2026-09-15 21:03:26 [INFO] SUCCESS: Systemic trade logged for ADA.
2026-09-15 21:03:26 [INFO] --- MADBOT ENGINE CYCLE FINISHED ---
2026-09-15 21:18:04 [INFO] --- MADBOT ENGINE CYCLE STARTED ---
2026-09-15 21:18:08 [INFO] Ledger resolution complete.
2026-09-15 21:18:08 [INFO] Running neural scan on CRYPTO...
2026-09-15 21:18:25 [INFO] Scan complete: 2 setups found.
2026-09-15 21:18:25 [INFO] Skipping ADA — active systemic position already exists.
2026-09-15 21:18:26 [INFO] SUCCESS: Systemic trade logged for FF.
2026-09-15 21:18:26 [INFO] --- MADBOT ENGINE CYCLE FINISHED ---
2026-09-15 21:33:03 [INFO] --- MADBOT ENGINE CYCLE STARTED ---
2026-09-15 21:33:07 [INFO] Ledger resolution complete.
2026-09-15 21:33:07 [INFO] Running neural scan on CRYPTO...
2026-09-15 21:33:23 [INFO] Scan complete: 2 setups found.
2026-09-15 21:33:23 [INFO] Skipping ADA — active systemic position already exists.
2026-09-15 21:33:23 [INFO] Skipping FF — active systemic position already exists.
2026-09-15 21:33:23 [INFO] --- MADBOT ENGINE CYCLE FINISHED ---
2026-09-15 21:48:04 [INFO] --- MADBOT ENGINE CYCLE STARTED ---
2026-09-15 21:48:08 [INFO] Ledger resolution complete.
2026-09-15 21:48:08 [INFO] Running neural scan on CRYPTO...
2026-09-15 21:48:26 [INFO] Scan complete: 2 setups found.
2026-09-15 21:48:26 [INFO] Skipping ADA — active systemic position already exists.
2026-09-15 21:48:26 [INFO] Skipping FF — active systemic position already exists.
2026-09-15 21:48:26 [INFO] --- MADBOT ENGINE CYCLE FINISHED ---
2026-09-15 22:03:04 [INFO] --- MADBOT ENGINE CYCLE STARTED ---
2026-09-15 22:03:07 [INFO] Ledger resolution complete.
2026-09-15 22:03:07 [INFO] Running neural scan on CRYPTO...
2026-09-15 22:03:25 [INFO] Scan complete: No valid setups detected.
2026-09-15 22:18:04 [INFO] --- MADBOT ENGINE CYCLE STARTED ---
2026-09-15 22:18:07 [INFO] Ledger resolution complete.
2026-09-15 22:18:07 [INFO] Running neural scan on CRYPTO...
2026-09-15 22:18:25 [INFO] Scan complete: No valid setups detected.
2026-09-15 22:33:03 [INFO] --- MADBOT ENGINE CYCLE STARTED ---
2026-09-15 22:33:06 [INFO] Ledger resolution complete.
2026-09-15 22:33:06 [INFO] Running neural scan on CRYPTO...
2026-09-15 22:33:25 [INFO] Scan complete: No valid setups detected.
2026-09-15 22:48:04 [INFO] --- MADBOT ENGINE CYCLE STARTED ---
2026-09-15 22:48:08 [INFO] Ledger resolution complete.
2026-09-15 22:48:08 [INFO] Running neural scan on CRYPTO...
2026-09-15 22:48:23 [INFO] Scan complete: No valid setups detected.
2026-09-15 23:03:05 [INFO] --- MADBOT ENGINE CYCLE STARTED ---
2026-09-15 23:03:10 [INFO] Ledger resolution complete.
2026-09-15 23:03:10 [INFO] Running neural scan on CRYPTO...
2026-09-15 23:03:28 [INFO] Scan complete: 3 setups found.
2026-09-15 23:03:29 [INFO] SUCCESS: Systemic trade logged for ENA.
2026-09-15 23:03:30 [INFO] SUCCESS: Systemic trade logged for ARB.
2026-09-15 23:03:31 [INFO] SUCCESS: Systemic trade logged for OP.
2026-09-15 23:03:31 [INFO] --- MADBOT ENGINE CYCLE FINISHED ---
